Notes,ICD-10 130 Cause List (Infants),ICD-10 130 Cause List (Infants) Code,Year of Death,Year of Death Code,Deaths,Births,Death Rate
,"Certain infectious and parasitic diseases (A00-B99,U07.1)",GR130-001,2007,2007,484,4316233,0.11
,"Certain infectious and parasitic diseases (A00-B99,U07.1)",GR130-001,2008,2008,479,4247726,0.11
,"Certain infectious and parasitic diseases (A00-B99,U07.1)",GR130-001,2009,2009,729,4130665,0.18
,"Certain infectious and parasitic diseases (A00-B99,U07.1)",GR130-001,2010,2010,696,3999386,0.17
,"Certain infectious and parasitic diseases (A00-B99,U07.1)",GR130-001,2011,2011,564,3953590,0.14
,"Certain infectious and parasitic diseases (A00-B99,U07.1)",GR130-001,2012,2012,565,3952841,0.14
,"Certain infectious and parasitic diseases (A00-B99,U07.1)",GR130-001,2013,2013,515,3932181,0.13
,"Certain infectious and parasitic diseases (A00-B99,U07.1)",GR130-001,2014,2014,549,3988076,0.14
,"Certain infectious and parasitic diseases (A00-B99,U07.1)",GR130-001,2015,2015,560,3978497,0.14
,"Certain infectious and parasitic diseases (A00-B99,U07.1)",GR130-001,2016,2016,561,3945875,0.14
,"Certain infectious and parasitic diseases (A00-B99,U07.1)",GR130-001,2017,2017,515,3855500,0.13
,"Certain infectious and parasitic diseases (A00-B99,U07.1)",GR130-001,2018,2018,503,3791712,0.13
,"Certain infectious and parasitic diseases (A00-B99,U07.1)",GR130-001,2019,2019,520,3747540,0.14
,"Certain infectious and parasitic diseases (A00-B99,U07.1)",GR130-001,2020,2020,431,3613647,0.12
,"Certain infectious and parasitic diseases (A00-B99,U07.1)",GR130-001,2021,2021,534,3664292,0.15
,"Certain infectious and parasitic diseases (A00-B99,U07.1)",GR130-001,2022,2022,577,3667758,0.16
,"Certain infectious and parasitic diseases (A00-B99,U07.1)",GR130-001,2023,2023,550,3596017,0.15
,Certain intestinal infectious diseases (A00-A08),GR130-002,2007,2007,13,4316233,0.00 (Unreliable)
,Certain intestinal infectious diseases (A00-A08),GR130-002,2008,2008,12,4247726,0.00 (Unreliable)
,Certain intestinal infectious diseases (A00-A08),GR130-002,2009,2009,11,4130665,0.00 (Unreliable)
,Certain intestinal infectious diseases (A00-A08),GR130-002,2010,2010,Suppressed,3999386,Suppressed
,Certain intestinal infectious diseases (A00-A08),GR130-002,2011,2011,Suppressed,3953590,Suppressed
,Certain intestinal infectious diseases (A00-A08),GR130-002,2012,2012,Suppressed,3952841,Suppressed
,Certain intestinal infectious diseases (A00-A08),GR130-002,2013,2013,Suppressed,3932181,Suppressed
,Certain intestinal infectious diseases (A00-A08),GR130-002,2014,2014,Suppressed,3988076,Suppressed
,Certain intestinal infectious diseases (A00-A08),GR130-002,2015,2015,11,3978497,0.00 (Unreliable)
,Certain intestinal infectious diseases (A00-A08),GR130-002,2016,2016,Suppressed,3945875,Suppressed
,Certain intestinal infectious diseases (A00-A08),GR130-002,2017,2017,Suppressed,3855500,Suppressed
,Certain intestinal infectious diseases (A00-A08),GR130-002,2018,2018,10,3791712,0.00 (Unreliable)
,Certain intestinal infectious diseases (A00-A08),GR130-002,2019,2019,10,3747540,0.00 (Unreliable)
,Certain intestinal infectious diseases (A00-A08),GR130-002,2020,2020,11,3613647,0.00 (Unreliable)
,Certain intestinal infectious diseases (A00-A08),GR130-002,2021,2021,13,3664292,0.00 (Unreliable)
,Certain intestinal infectious diseases (A00-A08),GR130-002,2022,2022,11,3667758,0.00 (Unreliable)
,Certain intestinal infectious diseases (A00-A08),GR130-002,2023,2023,Suppressed,3596017,Suppressed
,#Diarrhea and gastroenteritis of infectious origin (A09),GR130-003,2007,2007,0,4316233,0
,#Diarrhea and gastroenteritis of infectious origin (A09),GR130-003,2008,2008,0,4247726,0
,#Diarrhea and gastroenteritis of infectious origin (A09),GR130-003,2009,2009,331,4130665,0.08
,#Diarrhea and gastroenteritis of infectious origin (A09),GR130-003,2010,2010,318,3999386,0.08
,#Diarrhea and gastroenteritis of infectious origin (A09),GR130-003,2011,2011,262,3953590,0.07
,#Diarrhea and gastroenteritis of infectious origin (A09),GR130-003,2012,2012,245,3952841,0.06
,#Diarrhea and gastroenteritis of infectious origin (A09),GR130-003,2013,2013,224,3932181,0.06
,#Diarrhea and gastroenteritis of infectious origin (A09),GR130-003,2014,2014,215,3988076,0.05
,#Diarrhea and gastroenteritis of infectious origin (A09),GR130-003,2015,2015,211,3978497,0.05
,#Diarrhea and gastroenteritis of infectious origin (A09),GR130-003,2016,2016,212,3945875,0.05
,#Diarrhea and gastroenteritis of infectious origin (A09),GR130-003,2017,2017,180,3855500,0.05
,#Diarrhea and gastroenteritis of infectious origin (A09),GR130-003,2018,2018,151,3791712,0.04
,#Diarrhea and gastroenteritis of infectious origin (A09),GR130-003,2019,2019,184,3747540,0.05
,#Diarrhea and gastroenteritis of infectious origin (A09),GR130-003,2020,2020,137,3613647,0.04
,#Diarrhea and gastroenteritis of infectious origin (A09),GR130-003,2021,2021,156,3664292,0.04
,#Diarrhea and gastroenteritis of infectious origin (A09),GR130-003,2022,2022,135,3667758,0.04
,#Diarrhea and gastroenteritis of infectious origin (A09),GR130-003,2023,2023,134,3596017,0.04
,#Tuberculosis (A16-A19),GR130-004,2007,2007,Suppressed,4316233,Suppressed
,#Tuberculosis (A16-A19),GR130-004,2008,2008,0,4247726,0
,#Tuberculosis (A16-A19),GR130-004,2009,2009,Suppressed,4130665,Suppressed
,#Tuberculosis (A16-A19),GR130-004,2010,2010,0,3999386,0
,#Tuberculosis (A16-A19),GR130-004,2011,2011,Suppressed,3953590,Suppressed
,#Tuberculosis (A16-A19),GR130-004,2012,2012,0,3952841,0
,#Tuberculosis (A16-A19),GR130-004,2013,2013,Suppressed,3932181,Suppressed
,#Tuberculosis (A16-A19),GR130-004,2014,2014,0,3988076,0
,#Tuberculosis (A16-A19),GR130-004,2015,2015,0,3978497,0
,#Tuberculosis (A16-A19),GR130-004,2016,2016,Suppressed,3945875,Suppressed
,#Tuberculosis (A16-A19),GR130-004,2017,2017,Suppressed,3855500,Suppressed
,#Tuberculosis (A16-A19),GR130-004,2018,2018,0,3791712,0
,#Tuberculosis (A16-A19),GR130-004,2019,2019,Suppressed,3747540,Suppressed
,#Tuberculosis (A16-A19),GR130-004,2020,2020,Suppressed,3613647,Suppressed
,#Tuberculosis (A16-A19),GR130-004,2021,2021,Suppressed,3664292,Suppressed
,#Tuberculosis (A16-A19),GR130-004,2022,2022,0,3667758,0
,#Tuberculosis (A16-A19),GR130-004,2023,2023,0,3596017,0
,"#Tetanus (A33,A35)",GR130-005,2007,2007,0,4316233,0
,"#Tetanus (A33,A35)",GR130-005,2008,2008,0,4247726,0
,"#Tetanus (A33,A35)",GR130-005,2009,2009,0,4130665,0
,"#Tetanus (A33,A35)",GR130-005,2010,2010,0,3999386,0
,"#Tetanus (A33,A35)",GR130-005,2011,2011,0,3953590,0
,"#Tetanus (A33,A35)",GR130-005,2012,2012,0,3952841,0
,"#Tetanus (A33,A35)",GR130-005,2013,2013,0,3932181,0
,"#Tetanus (A33,A35)",GR130-005,2014,2014,0,3988076,0
,"#Tetanus (A33,A35)",GR130-005,2015,2015,0,3978497,0
,"#Tetanus (A33,A35)",GR130-005,2016,2016,0,3945875,0
,"#Tetanus (A33,A35)",GR130-005,2017,2017,0,3855500,0
,"#Tetanus (A33,A35)",GR130-005,2018,2018,0,3791712,0
,"#Tetanus (A33,A35)",GR130-005,2019,2019,0,3747540,0
,"#Tetanus (A33,A35)",GR130-005,2020,2020,0,3613647,0
,"#Tetanus (A33,A35)",GR130-005,2021,2021,0,3664292,0
,"#Tetanus (A33,A35)",GR130-005,2022,2022,0,3667758,0
,"#Tetanus (A33,A35)",GR130-005,2023,2023,0,3596017,0
,#Diphtheria (A36),GR130-006,2007,2007,0,4316233,0
,#Diphtheria (A36),GR130-006,2008,2008,0,4247726,0
,#Diphtheria (A36),GR130-006,2009,2009,0,4130665,0
,#Diphtheria (A36),GR130-006,2010,2010,0,3999386,0
,#Diphtheria (A36),GR130-006,2011,2011,0,3953590,0
,#Diphtheria (A36),GR130-006,2012,2012,0,3952841,0
,#Diphtheria (A36),GR130-006,2013,2013,0,3932181,0
,#Diphtheria (A36),GR130-006,2014,2014,0,3988076,0
,#Diphtheria (A36),GR130-006,2015,2015,0,3978497,0
,#Diphtheria (A36),GR130-006,2016,2016,0,3945875,0
,#Diphtheria (A36),GR130-006,2017,2017,0,3855500,0
,#Diphtheria (A36),GR130-006,2018,2018,0,3791712,0
,#Diphtheria (A36),GR130-006,2019,2019,0,3747540,0
,#Diphtheria (A36),GR130-006,2020,2020,0,3613647,0
,#Diphtheria (A36),GR130-006,2021,2021,0,3664292,0
,#Diphtheria (A36),GR130-006,2022,2022,0,3667758,0
,#Diphtheria (A36),GR130-006,2023,2023,0,3596017,0
,#Whooping cough (A37),GR130-007,2007,2007,Suppressed,4316233,Suppressed
,#Whooping cough (A37),GR130-007,2008,2008,18,4247726,0.00 (Unreliable)
,#Whooping cough (A37),GR130-007,2009,2009,13,4130665,0.00 (Unreliable)
,#Whooping cough (A37),GR130-007,2010,2010,24,3999386,0.01
,#Whooping cough (A37),GR130-007,2011,2011,Suppressed,3953590,Suppressed
,#Whooping cough (A37),GR130-007,2012,2012,15,3952841,0.00 (Unreliable)
,#Whooping cough (A37),GR130-007,2013,2013,10,3932181,0.00 (Unreliable)
,#Whooping cough (A37),GR130-007,2014,2014,10,3988076,0.00 (Unreliable)
,#Whooping cough (A37),GR130-007,2015,2015,Suppressed,3978497,Suppressed
,#Whooping cough (A37),GR130-007,2016,2016,Suppressed,3945875,Suppressed
,#Whooping cough (A37),GR130-007,2017,2017,Suppressed,3855500,Suppressed
,#Whooping cough (A37),GR130-007,2018,2018,Suppressed,3791712,Suppressed
,#Whooping cough (A37),GR130-007,2019,2019,Suppressed,3747540,Suppressed
,#Whooping cough (A37),GR130-007,2020,2020,Suppressed,3613647,Suppressed
,#Whooping cough (A37),GR130-007,2021,2021,Suppressed,3664292,Suppressed
,#Whooping cough (A37),GR130-007,2022,2022,Suppressed,3667758,Suppressed
,#Whooping cough (A37),GR130-007,2023,2023,Suppressed,3596017,Suppressed
,#Meningococcal infection (A39),GR130-008,2007,2007,11,4316233,0.00 (Unreliable)
,#Meningococcal infection (A39),GR130-008,2008,2008,Suppressed,4247726,Suppressed
,#Meningococcal infection (A39),GR130-008,2009,2009,11,4130665,0.00 (Unreliable)
,#Meningococcal infection (A39),GR130-008,2010,2010,11,3999386,0.00 (Unreliable)
,#Meningococcal infection (A39),GR130-008,2011,2011,Suppressed,3953590,Suppressed
,#Meningococcal infection (A39),GR130-008,2012,2012,Suppressed,3952841,Suppressed
,#Meningococcal infection (A39),GR130-008,2013,2013,Suppressed,3932181,Suppressed
,#Meningococcal infection (A39),GR130-008,2014,2014,Suppressed,3988076,Suppressed
,#Meningococcal infection (A39),GR130-008,2015,2015,Suppressed,3978497,Suppressed
,#Meningococcal infection (A39),GR130-008,2016,2016,Suppressed,3945875,Suppressed
,#Meningococcal infection (A39),GR130-008,2017,2017,Suppressed,3855500,Suppressed
,#Meningococcal infection (A39),GR130-008,2018,2018,Suppressed,3791712,Suppressed
,#Meningococcal infection (A39),GR130-008,2019,2019,Suppressed,3747540,Suppressed
,#Meningococcal infection (A39),GR130-008,2020,2020,Suppressed,3613647,Suppressed
,#Meningococcal infection (A39),GR130-008,2021,2021,Suppressed,3664292,Suppressed
,#Meningococcal infection (A39),GR130-008,2022,2022,Suppressed,3667758,Suppressed
,#Meningococcal infection (A39),GR130-008,2023,2023,0,3596017,0
,#Septicemia (A40-A41),GR130-009,2007,2007,284,4316233,0.07
,#Septicemia (A40-A41),GR130-009,2008,2008,291,4247726,0.07
,#Septicemia (A40-A41),GR130-009,2009,2009,223,4130665,0.05
,#Septicemia (A40-A41),GR130-009,2010,2010,216,3999386,0.05
,#Septicemia (A40-A41),GR130-009,2011,2011,178,3953590,0.05
,#Septicemia (A40-A41),GR130-009,2012,2012,180,3952841,0.05
,#Septicemia (A40-A41),GR130-009,2013,2013,150,3932181,0.04
,#Septicemia (A40-A41),GR130-009,2014,2014,160,3988076,0.04
,#Septicemia (A40-A41),GR130-009,2015,2015,177,3978497,0.04
,#Septicemia (A40-A41),GR130-009,2016,2016,191,3945875,0.05
,#Septicemia (A40-A41),GR130-009,2017,2017,148,3855500,0.04
,#Septicemia (A40-A41),GR130-009,2018,2018,150,3791712,0.04
,#Septicemia (A40-A41),GR130-009,2019,2019,131,3747540,0.03
,#Septicemia (A40-A41),GR130-009,2020,2020,117,3613647,0.03
,#Septicemia (A40-A41),GR130-009,2021,2021,111,3664292,0.03
,#Septicemia (A40-A41),GR130-009,2022,2022,124,3667758,0.03
,#Septicemia (A40-A41),GR130-009,2023,2023,145,3596017,0.04
,#Congenital syphilis (A50),GR130-010,2007,2007,Suppressed,4316233,Suppressed
,#Congenital syphilis (A50),GR130-010,2008,2008,0,4247726,0
,#Congenital syphilis (A50),GR130-010,2009,2009,0,4130665,0
,#Congenital syphilis (A50),GR130-010,2010,2010,Suppressed,3999386,Suppressed
,#Congenital syphilis (A50),GR130-010,2011,2011,Suppressed,3953590,Suppressed
,#Congenital syphilis (A50),GR130-010,2012,2012,Suppressed,3952841,Suppressed
,#Congenital syphilis (A50),GR130-010,2013,2013,Suppressed,3932181,Suppressed
,#Congenital syphilis (A50),GR130-010,2014,2014,Suppressed,3988076,Suppressed
,#Congenital syphilis (A50),GR130-010,2015,2015,Suppressed,3978497,Suppressed
,#Congenital syphilis (A50),GR130-010,2016,2016,Suppressed,3945875,Suppressed
,#Congenital syphilis (A50),GR130-010,2017,2017,Suppressed,3855500,Suppressed
,#Congenital syphilis (A50),GR130-010,2018,2018,0,3791712,0
,#Congenital syphilis (A50),GR130-010,2019,2019,Suppressed,3747540,Suppressed
,#Congenital syphilis (A50),GR130-010,2020,2020,Suppressed,3613647,Suppressed
,#Congenital syphilis (A50),GR130-010,2021,2021,Suppressed,3664292,Suppressed
,#Congenital syphilis (A50),GR130-010,2022,2022,15,3667758,0.00 (Unreliable)
,#Congenital syphilis (A50),GR130-010,2023,2023,Suppressed,3596017,Suppressed
,#Gonococcal infection (A54),GR130-011,2007,2007,0,4316233,0
,#Gonococcal infection (A54),GR130-011,2008,2008,0,4247726,0
,#Gonococcal infection (A54),GR130-011,2009,2009,0,4130665,0
,#Gonococcal infection (A54),GR130-011,2010,2010,0,3999386,0
,#Gonococcal infection (A54),GR130-011,2011,2011,0,3953590,0
,#Gonococcal infection (A54),GR130-011,2012,2012,0,3952841,0
,#Gonococcal infection (A54),GR130-011,2013,2013,0,3932181,0
,#Gonococcal infection (A54),GR130-011,2014,2014,0,3988076,0
,#Gonococcal infection (A54),GR130-011,2015,2015,0,3978497,0
,#Gonococcal infection (A54),GR130-011,2016,2016,0,3945875,0
,#Gonococcal infection (A54),GR130-011,2017,2017,0,3855500,0
,#Gonococcal infection (A54),GR130-011,2018,2018,0,3791712,0
,#Gonococcal infection (A54),GR130-011,2019,2019,0,3747540,0
,#Gonococcal infection (A54),GR130-011,2020,2020,0,3613647,0
,#Gonococcal infection (A54),GR130-011,2021,2021,0,3664292,0
,#Gonococcal infection (A54),GR130-011,2022,2022,0,3667758,0
,#Gonococcal infection (A54),GR130-011,2023,2023,0,3596017,0
,"Viral diseases (A80-B34,U07.1)",GR130-012,2007,2007,114,4316233,0.03
,"Viral diseases (A80-B34,U07.1)",GR130-012,2008,2008,100,4247726,0.02
,"Viral diseases (A80-B34,U07.1)",GR130-012,2009,2009,99,4130665,0.02
,"Viral diseases (A80-B34,U07.1)",GR130-012,2010,2010,89,3999386,0.02
,"Viral diseases (A80-B34,U07.1)",GR130-012,2011,2011,71,3953590,0.02
,"Viral diseases (A80-B34,U07.1)",GR130-012,2012,2012,83,3952841,0.02
,"Viral diseases (A80-B34,U07.1)",GR130-012,2013,2013,93,3932181,0.02
,"Viral diseases (A80-B34,U07.1)",GR130-012,2014,2014,123,3988076,0.03
,"Viral diseases (A80-B34,U07.1)",GR130-012,2015,2015,103,3978497,0.03
,"Viral diseases (A80-B34,U07.1)",GR130-012,2016,2016,113,3945875,0.03
,"Viral diseases (A80-B34,U07.1)",GR130-012,2017,2017,141,3855500,0.04
,"Viral diseases (A80-B34,U07.1)",GR130-012,2018,2018,153,3791712,0.04
,"Viral diseases (A80-B34,U07.1)",GR130-012,2019,2019,135,3747540,0.04
,"Viral diseases (A80-B34,U07.1)",GR130-012,2020,2020,115,3613647,0.03
,"Viral diseases (A80-B34,U07.1)",GR130-012,2021,2021,203,3664292,0.06
,"Viral diseases (A80-B34,U07.1)",GR130-012,2022,2022,269,3667758,0.07
,"Viral diseases (A80-B34,U07.1)",GR130-012,2023,2023,222,3596017,0.06
,#Acute poliomyelitis (A80),GR130-013,2007,2007,0,4316233,0
,#Acute poliomyelitis (A80),GR130-013,2008,2008,0,4247726,0
,#Acute poliomyelitis (A80),GR130-013,2009,2009,0,4130665,0
,#Acute poliomyelitis (A80),GR130-013,2010,2010,0,3999386,0
,#Acute poliomyelitis (A80),GR130-013,2011,2011,0,3953590,0
,#Acute poliomyelitis (A80),GR130-013,2012,2012,0,3952841,0
,#Acute poliomyelitis (A80),GR130-013,2013,2013,0,3932181,0
,#Acute poliomyelitis (A80),GR130-013,2014,2014,0,3988076,0
,#Acute poliomyelitis (A80),GR130-013,2015,2015,0,3978497,0
,#Acute poliomyelitis (A80),GR130-013,2016,2016,0,3945875,0
,#Acute poliomyelitis (A80),GR130-013,2017,2017,0,3855500,0
,#Acute poliomyelitis (A80),GR130-013,2018,2018,0,3791712,0
,#Acute poliomyelitis (A80),GR130-013,2019,2019,0,3747540,0
,#Acute poliomyelitis (A80),GR130-013,2020,2020,0,3613647,0
,#Acute poliomyelitis (A80),GR130-013,2021,2021,0,3664292,0
,#Acute poliomyelitis (A80),GR130-013,2022,2022,0,3667758,0
,#Acute poliomyelitis (A80),GR130-013,2023,2023,0,3596017,0
,#Varicella (chickenpox) (B01),GR130-014,2007,2007,0,4316233,0
,#Varicella (chickenpox) (B01),GR130-014,2008,2008,0,4247726,0
,#Varicella (chickenpox) (B01),GR130-014,2009,2009,0,4130665,0
,#Varicella (chickenpox) (B01),GR130-014,2010,2010,0,3999386,0
,#Varicella (chickenpox) (B01),GR130-014,2011,2011,0,3953590,0
,#Varicella (chickenpox) (B01),GR130-014,2012,2012,0,3952841,0
,#Varicella (chickenpox) (B01),GR130-014,2013,2013,0,3932181,0
,#Varicella (chickenpox) (B01),GR130-014,2014,2014,0,3988076,0
,#Varicella (chickenpox) (B01),GR130-014,2015,2015,0,3978497,0
,#Varicella (chickenpox) (B01),GR130-014,2016,2016,0,3945875,0
,#Varicella (chickenpox) (B01),GR130-014,2017,2017,0,3855500,0
,#Varicella (chickenpox) (B01),GR130-014,2018,2018,0,3791712,0
,#Varicella (chickenpox) (B01),GR130-014,2019,2019,0,3747540,0
,#Varicella (chickenpox) (B01),GR130-014,2020,2020,0,3613647,0
,#Varicella (chickenpox) (B01),GR130-014,2021,2021,0,3664292,0
,#Varicella (chickenpox) (B01),GR130-014,2022,2022,0,3667758,0
,#Varicella (chickenpox) (B01),GR130-014,2023,2023,0,3596017,0
,#Measles (B05),GR130-015,2007,2007,0,4316233,0
,#Measles (B05),GR130-015,2008,2008,0,4247726,0
,#Measles (B05),GR130-015,2009,2009,0,4130665,0
,#Measles (B05),GR130-015,2010,2010,0,3999386,0
,#Measles (B05),GR130-015,2011,2011,0,3953590,0
,#Measles (B05),GR130-015,2012,2012,0,3952841,0
,#Measles (B05),GR130-015,2013,2013,0,3932181,0
,#Measles (B05),GR130-015,2014,2014,0,3988076,0
,#Measles (B05),GR130-015,2015,2015,0,3978497,0
,#Measles (B05),GR130-015,2016,2016,0,3945875,0
,#Measles (B05),GR130-015,2017,2017,0,3855500,0
,#Measles (B05),GR130-015,2018,2018,0,3791712,0
,#Measles (B05),GR130-015,2019,2019,0,3747540,0
,#Measles (B05),GR130-015,2020,2020,0,3613647,0
,#Measles (B05),GR130-015,2021,2021,0,3664292,0
,#Measles (B05),GR130-015,2022,2022,0,3667758,0
,#Measles (B05),GR130-015,2023,2023,0,3596017,0
,#Human immunodeficiency virus (HIV) disease (B20-B24),GR130-016,2007,2007,Suppressed,4316233,Suppressed
,#Human immunodeficiency virus (HIV) disease (B20-B24),GR130-016,2008,2008,0,4247726,0
,#Human immunodeficiency virus (HIV) disease (B20-B24),GR130-016,2009,2009,Suppressed,4130665,Suppressed
,#Human immunodeficiency virus (HIV) disease (B20-B24),GR130-016,2010,2010,0,3999386,0
,#Human immunodeficiency virus (HIV) disease (B20-B24),GR130-016,2011,2011,Suppressed,3953590,Suppressed
,#Human immunodeficiency virus (HIV) disease (B20-B24),GR130-016,2012,2012,Suppressed,3952841,Suppressed
,#Human immunodeficiency virus (HIV) disease (B20-B24),GR130-016,2013,2013,0,3932181,0
,#Human immunodeficiency virus (HIV) disease (B20-B24),GR130-016,2014,2014,Suppressed,3988076,Suppressed
,#Human immunodeficiency virus (HIV) disease (B20-B24),GR130-016,2015,2015,Suppressed,3978497,Suppressed
,#Human immunodeficiency virus (HIV) disease (B20-B24),GR130-016,2016,2016,0,3945875,0
,#Human immunodeficiency virus (HIV) disease (B20-B24),GR130-016,2017,2017,0,3855500,0
,#Human immunodeficiency virus (HIV) disease (B20-B24),GR130-016,2018,2018,0,3791712,0
,#Human immunodeficiency virus (HIV) disease (B20-B24),GR130-016,2019,2019,Suppressed,3747540,Suppressed
,#Human immunodeficiency virus (HIV) disease (B20-B24),GR130-016,2020,2020,Suppressed,3613647,Suppressed
,#Human immunodeficiency virus (HIV) disease (B20-B24),GR130-016,2021,2021,Suppressed,3664292,Suppressed
,#Human immunodeficiency virus (HIV) disease (B20-B24),GR130-016,2022,2022,Suppressed,3667758,Suppressed
,#Human immunodeficiency virus (HIV) disease (B20-B24),GR130-016,2023,2023,0,3596017,0
,#Mumps (B26),GR130-017,2007,2007,0,4316233,0
,#Mumps (B26),GR130-017,2008,2008,0,4247726,0
,#Mumps (B26),GR130-017,2009,2009,0,4130665,0
,#Mumps (B26),GR130-017,2010,2010,0,3999386,0
,#Mumps (B26),GR130-017,2011,2011,0,3953590,0
,#Mumps (B26),GR130-017,2012,2012,0,3952841,0
,#Mumps (B26),GR130-017,2013,2013,0,3932181,0
,#Mumps (B26),GR130-017,2014,2014,0,3988076,0
,#Mumps (B26),GR130-017,2015,2015,0,3978497,0
,#Mumps (B26),GR130-017,2016,2016,0,3945875,0
,#Mumps (B26),GR130-017,2017,2017,0,3855500,0
,#Mumps (B26),GR130-017,2018,2018,0,3791712,0
,#Mumps (B26),GR130-017,2019,2019,0,3747540,0
,#Mumps (B26),GR130-017,2020,2020,0,3613647,0
,#Mumps (B26),GR130-017,2021,2021,0,3664292,0
,#Mumps (B26),GR130-017,2022,2022,0,3667758,0
,#Mumps (B26),GR130-017,2023,2023,0,3596017,0
,"Other and unspecified viral diseases (A81-B00,B02-B04,B06-B19,B25,B27-B34,U07.1)",GR130-018,2007,2007,110,4316233,0.03
,"Other and unspecified viral diseases (A81-B00,B02-B04,B06-B19,B25,B27-B34,U07.1)",GR130-018,2008,2008,100,4247726,0.02
,"Other and unspecified viral diseases (A81-B00,B02-B04,B06-B19,B25,B27-B34,U07.1)",GR130-018,2009,2009,98,4130665,0.02
,"Other and unspecified viral diseases (A81-B00,B02-B04,B06-B19,B25,B27-B34,U07.1)",GR130-018,2010,2010,89,3999386,0.02
,"Other and unspecified viral diseases (A81-B00,B02-B04,B06-B19,B25,B27-B34,U07.1)",GR130-018,2011,2011,68,3953590,0.02
,"Other and unspecified viral diseases (A81-B00,B02-B04,B06-B19,B25,B27-B34,U07.1)",GR130-018,2012,2012,82,3952841,0.02
,"Other and unspecified viral diseases (A81-B00,B02-B04,B06-B19,B25,B27-B34,U07.1)",GR130-018,2013,2013,93,3932181,0.02
,"Other and unspecified viral diseases (A81-B00,B02-B04,B06-B19,B25,B27-B34,U07.1)",GR130-018,2014,2014,122,3988076,0.03
,"Other and unspecified viral diseases (A81-B00,B02-B04,B06-B19,B25,B27-B34,U07.1)",GR130-018,2015,2015,101,3978497,0.03
,"Other and unspecified viral diseases (A81-B00,B02-B04,B06-B19,B25,B27-B34,U07.1)",GR130-018,2016,2016,113,3945875,0.03
,"Other and unspecified viral diseases (A81-B00,B02-B04,B06-B19,B25,B27-B34,U07.1)",GR130-018,2017,2017,141,3855500,0.04
,"Other and unspecified viral diseases (A81-B00,B02-B04,B06-B19,B25,B27-B34,U07.1)",GR130-018,2018,2018,153,3791712,0.04
,"Other and unspecified viral diseases (A81-B00,B02-B04,B06-B19,B25,B27-B34,U07.1)",GR130-018,2019,2019,134,3747540,0.04
,"Other and unspecified viral diseases (A81-B00,B02-B04,B06-B19,B25,B27-B34,U07.1)",GR130-018,2020,2020,113,3613647,0.03
,"Other and unspecified viral diseases (A81-B00,B02-B04,B06-B19,B25,B27-B34,U07.1)",GR130-018,2021,2021,202,3664292,0.06
,"Other and unspecified viral diseases (A81-B00,B02-B04,B06-B19,B25,B27-B34,U07.1)",GR130-018,2022,2022,268,3667758,0.07
,"Other and unspecified viral diseases (A81-B00,B02-B04,B06-B19,B25,B27-B34,U07.1)",GR130-018,2023,2023,222,3596017,0.06
,#Candidiasis (B37),GR130-019,2007,2007,13,4316233,0.00 (Unreliable)
,#Candidiasis (B37),GR130-019,2008,2008,Suppressed,4247726,Suppressed
,#Candidiasis (B37),GR130-019,2009,2009,11,4130665,0.00 (Unreliable)
,#Candidiasis (B37),GR130-019,2010,2010,Suppressed,3999386,Suppressed
,#Candidiasis (B37),GR130-019,2011,2011,Suppressed,3953590,Suppressed
,#Candidiasis (B37),GR130-019,2012,2012,Suppressed,3952841,Suppressed
,#Candidiasis (B37),GR130-019,2013,2013,Suppressed,3932181,Suppressed
,#Candidiasis (B37),GR130-019,2014,2014,Suppressed,3988076,Suppressed
,#Candidiasis (B37),GR130-019,2015,2015,Suppressed,3978497,Suppressed
,#Candidiasis (B37),GR130-019,2016,2016,0,3945875,0
,#Candidiasis (B37),GR130-019,2017,2017,Suppressed,3855500,Suppressed
,#Candidiasis (B37),GR130-019,2018,2018,Suppressed,3791712,Suppressed
,#Candidiasis (B37),GR130-019,2019,2019,Suppressed,3747540,Suppressed
,#Candidiasis (B37),GR130-019,2020,2020,Suppressed,3613647,Suppressed
,#Candidiasis (B37),GR130-019,2021,2021,Suppressed,3664292,Suppressed
,#Candidiasis (B37),GR130-019,2022,2022,Suppressed,3667758,Suppressed
,#Candidiasis (B37),GR130-019,2023,2023,Suppressed,3596017,Suppressed
,#Malaria (B50-B54),GR130-020,2007,2007,0,4316233,0
,#Malaria (B50-B54),GR130-020,2008,2008,0,4247726,0
,#Malaria (B50-B54),GR130-020,2009,2009,Suppressed,4130665,Suppressed
,#Malaria (B50-B54),GR130-020,2010,2010,0,3999386,0
,#Malaria (B50-B54),GR130-020,2011,2011,0,3953590,0
,#Malaria (B50-B54),GR130-020,2012,2012,0,3952841,0
,#Malaria (B50-B54),GR130-020,2013,2013,0,3932181,0
,#Malaria (B50-B54),GR130-020,2014,2014,0,3988076,0
,#Malaria (B50-B54),GR130-020,2015,2015,0,3978497,0
,#Malaria (B50-B54),GR130-020,2016,2016,0,3945875,0
,#Malaria (B50-B54),GR130-020,2017,2017,0,3855500,0
,#Malaria (B50-B54),GR130-020,2018,2018,0,3791712,0
,#Malaria (B50-B54),GR130-020,2019,2019,0,3747540,0
,#Malaria (B50-B54),GR130-020,2020,2020,0,3613647,0
,#Malaria (B50-B54),GR130-020,2021,2021,0,3664292,0
,#Malaria (B50-B54),GR130-020,2022,2022,0,3667758,0
,#Malaria (B50-B54),GR130-020,2023,2023,0,3596017,0
,#Pneumocystosis (B59),GR130-021,2007,2007,Suppressed,4316233,Suppressed
,#Pneumocystosis (B59),GR130-021,2008,2008,Suppressed,4247726,Suppressed
,#Pneumocystosis (B59),GR130-021,2009,2009,0,4130665,0
,#Pneumocystosis (B59),GR130-021,2010,2010,0,3999386,0
,#Pneumocystosis (B59),GR130-021,2011,2011,Suppressed,3953590,Suppressed
,#Pneumocystosis (B59),GR130-021,2012,2012,Suppressed,3952841,Suppressed
,#Pneumocystosis (B59),GR130-021,2013,2013,0,3932181,0
,#Pneumocystosis (B59),GR130-021,2014,2014,Suppressed,3988076,Suppressed
,#Pneumocystosis (B59),GR130-021,2015,2015,0,3978497,0
,#Pneumocystosis (B59),GR130-021,2016,2016,0,3945875,0
,#Pneumocystosis (B59),GR130-021,2017,2017,Suppressed,3855500,Suppressed
,#Pneumocystosis (B59),GR130-021,2018,2018,Suppressed,3791712,Suppressed
,#Pneumocystosis (B59),GR130-021,2019,2019,0,3747540,0
,#Pneumocystosis (B59),GR130-021,2020,2020,0,3613647,0
,#Pneumocystosis (B59),GR130-021,2021,2021,Suppressed,3664292,Suppressed
,#Pneumocystosis (B59),GR130-021,2022,2022,0,3667758,0
,#Pneumocystosis (B59),GR130-021,2023,2023,Suppressed,3596017,Suppressed
,"All other and unspecified infectious and parasitic diseases (A20-A32,A38,A42-A49,A51-A53,A55-A79,B35-B36,B38-B49,B55-B58,B60-B99)",GR130-022,2007,2007,31,4316233,0.01
,"All other and unspecified infectious and parasitic diseases (A20-A32,A38,A42-A49,A51-A53,A55-A79,B35-B36,B38-B49,B55-B58,B60-B99)",GR130-022,2008,2008,38,4247726,0.01
,"All other and unspecified infectious and parasitic diseases (A20-A32,A38,A42-A49,A51-A53,A55-A79,B35-B36,B38-B49,B55-B58,B60-B99)",GR130-022,2009,2009,28,4130665,0.01
,"All other and unspecified infectious and parasitic diseases (A20-A32,A38,A42-A49,A51-A53,A55-A79,B35-B36,B38-B49,B55-B58,B60-B99)",GR130-022,2010,2010,22,3999386,0.01
,"All other and unspecified infectious and parasitic diseases (A20-A32,A38,A42-A49,A51-A53,A55-A79,B35-B36,B38-B49,B55-B58,B60-B99)",GR130-022,2011,2011,29,3953590,0.01
,"All other and unspecified infectious and parasitic diseases (A20-A32,A38,A42-A49,A51-A53,A55-A79,B35-B36,B38-B49,B55-B58,B60-B99)",GR130-022,2012,2012,27,3952841,0.01
,"All other and unspecified infectious and parasitic diseases (A20-A32,A38,A42-A49,A51-A53,A55-A79,B35-B36,B38-B49,B55-B58,B60-B99)",GR130-022,2013,2013,19,3932181,0.00 (Unreliable)
,"All other and unspecified infectious and parasitic diseases (A20-A32,A38,A42-A49,A51-A53,A55-A79,B35-B36,B38-B49,B55-B58,B60-B99)",GR130-022,2014,2014,23,3988076,0.01
,"All other and unspecified infectious and parasitic diseases (A20-A32,A38,A42-A49,A51-A53,A55-A79,B35-B36,B38-B49,B55-B58,B60-B99)",GR130-022,2015,2015,41,3978497,0.01
,"All other and unspecified infectious and parasitic diseases (A20-A32,A38,A42-A49,A51-A53,A55-A79,B35-B36,B38-B49,B55-B58,B60-B99)",GR130-022,2016,2016,25,3945875,0.01
,"All other and unspecified infectious and parasitic diseases (A20-A32,A38,A42-A49,A51-A53,A55-A79,B35-B36,B38-B49,B55-B58,B60-B99)",GR130-022,2017,2017,18,3855500,0.00 (Unreliable)
,"All other and unspecified infectious and parasitic diseases (A20-A32,A38,A42-A49,A51-A53,A55-A79,B35-B36,B38-B49,B55-B58,B60-B99)",GR130-022,2018,2018,23,3791712,0.01
,"All other and unspecified infectious and parasitic diseases (A20-A32,A38,A42-A49,A51-A53,A55-A79,B35-B36,B38-B49,B55-B58,B60-B99)",GR130-022,2019,2019,37,3747540,0.01
,"All other and unspecified infectious and parasitic diseases (A20-A32,A38,A42-A49,A51-A53,A55-A79,B35-B36,B38-B49,B55-B58,B60-B99)",GR130-022,2020,2020,36,3613647,0.01
,"All other and unspecified infectious and parasitic diseases (A20-A32,A38,A42-A49,A51-A53,A55-A79,B35-B36,B38-B49,B55-B58,B60-B99)",GR130-022,2021,2021,35,3664292,0.01
,"All other and unspecified infectious and parasitic diseases (A20-A32,A38,A42-A49,A51-A53,A55-A79,B35-B36,B38-B49,B55-B58,B60-B99)",GR130-022,2022,2022,20,3667758,0.01
,"All other and unspecified infectious and parasitic diseases (A20-A32,A38,A42-A49,A51-A53,A55-A79,B35-B36,B38-B49,B55-B58,B60-B99)",GR130-022,2023,2023,30,3596017,0.01
,Neoplasms (C00-D48),GR130-023,2007,2007,125,4316233,0.03
,Neoplasms (C00-D48),GR130-023,2008,2008,130,4247726,0.03
,Neoplasms (C00-D48),GR130-023,2009,2009,137,4130665,0.03
,Neoplasms (C00-D48),GR130-023,2010,2010,110,3999386,0.03
,Neoplasms (C00-D48),GR130-023,2011,2011,122,3953590,0.03
,Neoplasms (C00-D48),GR130-023,2012,2012,117,3952841,0.03
,Neoplasms (C00-D48),GR130-023,2013,2013,117,3932181,0.03
,Neoplasms (C00-D48),GR130-023,2014,2014,104,3988076,0.03
,Neoplasms (C00-D48),GR130-023,2015,2015,99,3978497,0.02
,Neoplasms (C00-D48),GR130-023,2016,2016,116,3945875,0.03
,Neoplasms (C00-D48),GR130-023,2017,2017,97,3855500,0.03
,Neoplasms (C00-D48),GR130-023,2018,2018,92,3791712,0.02
,Neoplasms (C00-D48),GR130-023,2019,2019,96,3747540,0.03
,Neoplasms (C00-D48),GR130-023,2020,2020,93,3613647,0.03
,Neoplasms (C00-D48),GR130-023,2021,2021,78,3664292,0.02
,Neoplasms (C00-D48),GR130-023,2022,2022,70,3667758,0.02
,Neoplasms (C00-D48),GR130-023,2023,2023,76,3596017,0.02
,#Malignant neoplasms (C00-C97),GR130-024,2007,2007,68,4316233,0.02
,#Malignant neoplasms (C00-C97),GR130-024,2008,2008,70,4247726,0.02
,#Malignant neoplasms (C00-C97),GR130-024,2009,2009,74,4130665,0.02
,#Malignant neoplasms (C00-C97),GR130-024,2010,2010,62,3999386,0.02
,#Malignant neoplasms (C00-C97),GR130-024,2011,2011,69,3953590,0.02
,#Malignant neoplasms (C00-C97),GR130-024,2012,2012,62,3952841,0.02
,#Malignant neoplasms (C00-C97),GR130-024,2013,2013,64,3932181,0.02
,#Malignant neoplasms (C00-C97),GR130-024,2014,2014,52,3988076,0.01
,#Malignant neoplasms (C00-C97),GR130-024,2015,2015,53,3978497,0.01
,#Malignant neoplasms (C00-C97),GR130-024,2016,2016,64,3945875,0.02
,#Malignant neoplasms (C00-C97),GR130-024,2017,2017,56,3855500,0.01
,#Malignant neoplasms (C00-C97),GR130-024,2018,2018,50,3791712,0.01
,#Malignant neoplasms (C00-C97),GR130-024,2019,2019,54,3747540,0.01
,#Malignant neoplasms (C00-C97),GR130-024,2020,2020,53,3613647,0.01
,#Malignant neoplasms (C00-C97),GR130-024,2021,2021,51,3664292,0.01
,#Malignant neoplasms (C00-C97),GR130-024,2022,2022,38,3667758,0.01
,#Malignant neoplasms (C00-C97),GR130-024,2023,2023,47,3596017,0.01
,Hodgkin disease and non-Hodgkin lymphomas (C81-C85),GR130-025,2007,2007,Suppressed,4316233,Suppressed
,Hodgkin disease and non-Hodgkin lymphomas (C81-C85),GR130-025,2008,2008,Suppressed,4247726,Suppressed
,Hodgkin disease and non-Hodgkin lymphomas (C81-C85),GR130-025,2009,2009,0,4130665,0
,Hodgkin disease and non-Hodgkin lymphomas (C81-C85),GR130-025,2010,2010,Suppressed,3999386,Suppressed
,Hodgkin disease and non-Hodgkin lymphomas (C81-C85),GR130-025,2011,2011,0,3953590,0
,Hodgkin disease and non-Hodgkin lymphomas (C81-C85),GR130-025,2012,2012,Suppressed,3952841,Suppressed
,Hodgkin disease and non-Hodgkin lymphomas (C81-C85),GR130-025,2013,2013,0,3932181,0
,Hodgkin disease and non-Hodgkin lymphomas (C81-C85),GR130-025,2014,2014,0,3988076,0
,Hodgkin disease and non-Hodgkin lymphomas (C81-C85),GR130-025,2015,2015,0,3978497,0
,Hodgkin disease and non-Hodgkin lymphomas (C81-C85),GR130-025,2016,2016,0,3945875,0
,Hodgkin disease and non-Hodgkin lymphomas (C81-C85),GR130-025,2017,2017,Suppressed,3855500,Suppressed
,Hodgkin disease and non-Hodgkin lymphomas (C81-C85),GR130-025,2018,2018,Suppressed,3791712,Suppressed
,Hodgkin disease and non-Hodgkin lymphomas (C81-C85),GR130-025,2019,2019,0,3747540,0
,Hodgkin disease and non-Hodgkin lymphomas (C81-C85),GR130-025,2020,2020,0,3613647,0
,Hodgkin disease and non-Hodgkin lymphomas (C81-C85),GR130-025,2021,2021,0,3664292,0
,Hodgkin disease and non-Hodgkin lymphomas (C81-C85),GR130-025,2022,2022,0,3667758,0
,Hodgkin disease and non-Hodgkin lymphomas (C81-C85),GR130-025,2023,2023,0,3596017,0
,Leukemia (C91-C95),GR130-026,2007,2007,19,4316233,0.00 (Unreliable)
,Leukemia (C91-C95),GR130-026,2008,2008,25,4247726,0.01
,Leukemia (C91-C95),GR130-026,2009,2009,27,4130665,0.01
,Leukemia (C91-C95),GR130-026,2010,2010,24,3999386,0.01
,Leukemia (C91-C95),GR130-026,2011,2011,21,3953590,0.01
,Leukemia (C91-C95),GR130-026,2012,2012,18,3952841,0.00 (Unreliable)
,Leukemia (C91-C95),GR130-026,2013,2013,21,3932181,0.01
,Leukemia (C91-C95),GR130-026,2014,2014,11,3988076,0.00 (Unreliable)
,Leukemia (C91-C95),GR130-026,2015,2015,22,3978497,0.01
,Leukemia (C91-C95),GR130-026,2016,2016,27,3945875,0.01
,Leukemia (C91-C95),GR130-026,2017,2017,19,3855500,0.00 (Unreliable)
,Leukemia (C91-C95),GR130-026,2018,2018,15,3791712,0.00 (Unreliable)
,Leukemia (C91-C95),GR130-026,2019,2019,13,3747540,0.00 (Unreliable)
,Leukemia (C91-C95),GR130-026,2020,2020,20,3613647,0.01
,Leukemia (C91-C95),GR130-026,2021,2021,13,3664292,0.00 (Unreliable)
,Leukemia (C91-C95),GR130-026,2022,2022,13,3667758,0.00 (Unreliable)
,Leukemia (C91-C95),GR130-026,2023,2023,19,3596017,0.01 (Unreliable)
,"Other and unspecified malignant neoplasms (C00-C80,C88,C90,C96-C97)",GR130-027,2007,2007,47,4316233,0.01
,"Other and unspecified malignant neoplasms (C00-C80,C88,C90,C96-C97)",GR130-027,2008,2008,43,4247726,0.01
,"Other and unspecified malignant neoplasms (C00-C80,C88,C90,C96-C97)",GR130-027,2009,2009,47,4130665,0.01
,"Other and unspecified malignant neoplasms (C00-C80,C88,C90,C96-C97)",GR130-027,2010,2010,35,3999386,0.01
,"Other and unspecified malignant neoplasms (C00-C80,C88,C90,C96-C97)",GR130-027,2011,2011,47,3953590,0.01
,"Other and unspecified malignant neoplasms (C00-C80,C88,C90,C96-C97)",GR130-027,2012,2012,43,3952841,0.01
,"Other and unspecified malignant neoplasms (C00-C80,C88,C90,C96-C97)",GR130-027,2013,2013,43,3932181,0.01
,"Other and unspecified malignant neoplasms (C00-C80,C88,C90,C96-C97)",GR130-027,2014,2014,41,3988076,0.01
,"Other and unspecified malignant neoplasms (C00-C80,C88,C90,C96-C97)",GR130-027,2015,2015,31,3978497,0.01
,"Other and unspecified malignant neoplasms (C00-C80,C88,C90,C96-C97)",GR130-027,2016,2016,37,3945875,0.01
,"Other and unspecified malignant neoplasms (C00-C80,C88,C90,C96-C97)",GR130-027,2017,2017,36,3855500,0.01
,"Other and unspecified malignant neoplasms (C00-C80,C88,C90,C96-C97)",GR130-027,2018,2018,34,3791712,0.01
,"Other and unspecified malignant neoplasms (C00-C80,C88,C90,C96-C97)",GR130-027,2019,2019,41,3747540,0.01
,"Other and unspecified malignant neoplasms (C00-C80,C88,C90,C96-C97)",GR130-027,2020,2020,33,3613647,0.01
,"Other and unspecified malignant neoplasms (C00-C80,C88,C90,C96-C97)",GR130-027,2021,2021,38,3664292,0.01
,"Other and unspecified malignant neoplasms (C00-C80,C88,C90,C96-C97)",GR130-027,2022,2022,25,3667758,0.01
,"Other and unspecified malignant neoplasms (C00-C80,C88,C90,C96-C97)",GR130-027,2023,2023,28,3596017,0.01
,"#In situ neoplasms, benign neoplasms and neoplasms of uncertain or unknown behavior (D00-D48)",GR130-028,2007,2007,58,4316233,0.01
,"#In situ neoplasms, benign neoplasms and neoplasms of uncertain or unknown behavior (D00-D48)",GR130-028,2008,2008,61,4247726,0.01
,"#In situ neoplasms, benign neoplasms and neoplasms of uncertain or unknown behavior (D00-D48)",GR130-028,2009,2009,63,4130665,0.02
,"#In situ neoplasms, benign neoplasms and neoplasms of uncertain or unknown behavior (D00-D48)",GR130-028,2010,2010,48,3999386,0.01
,"#In situ neoplasms, benign neoplasms and neoplasms of uncertain or unknown behavior (D00-D48)",GR130-028,2011,2011,53,3953590,0.01
,"#In situ neoplasms, benign neoplasms and neoplasms of uncertain or unknown behavior (D00-D48)",GR130-028,2012,2012,54,3952841,0.01
,"#In situ neoplasms, benign neoplasms and neoplasms of uncertain or unknown behavior (D00-D48)",GR130-028,2013,2013,52,3932181,0.01
,"#In situ neoplasms, benign neoplasms and neoplasms of uncertain or unknown behavior (D00-D48)",GR130-028,2014,2014,51,3988076,0.01
,"#In situ neoplasms, benign neoplasms and neoplasms of uncertain or unknown behavior (D00-D48)",GR130-028,2015,2015,46,3978497,0.01
,"#In situ neoplasms, benign neoplasms and neoplasms of uncertain or unknown behavior (D00-D48)",GR130-028,2016,2016,52,3945875,0.01
,"#In situ neoplasms, benign neoplasms and neoplasms of uncertain or unknown behavior (D00-D48)",GR130-028,2017,2017,41,3855500,0.01
,"#In situ neoplasms, benign neoplasms and neoplasms of uncertain or unknown behavior (D00-D48)",GR130-028,2018,2018,42,3791712,0.01
,"#In situ neoplasms, benign neoplasms and neoplasms of uncertain or unknown behavior (D00-D48)",GR130-028,2019,2019,41,3747540,0.01
,"#In situ neoplasms, benign neoplasms and neoplasms of uncertain or unknown behavior (D00-D48)",GR130-028,2020,2020,40,3613647,0.01
,"#In situ neoplasms, benign neoplasms and neoplasms of uncertain or unknown behavior (D00-D48)",GR130-028,2021,2021,26,3664292,0.01
,"#In situ neoplasms, benign neoplasms and neoplasms of uncertain or unknown behavior (D00-D48)",GR130-028,2022,2022,31,3667758,0.01
,"#In situ neoplasms, benign neoplasms and neoplasms of uncertain or unknown behavior (D00-D48)",GR130-028,2023,2023,29,3596017,0.01
,#Diseases of the blood and blood-forming organs and certain disorders involving the immune mechanism (D50-D89),GR130-029,2007,2007,116,4316233,0.03
,#Diseases of the blood and blood-forming organs and certain disorders involving the immune mechanism (D50-D89),GR130-029,2008,2008,78,4247726,0.02
,#Diseases of the blood and blood-forming organs and certain disorders involving the immune mechanism (D50-D89),GR130-029,2009,2009,92,4130665,0.02
,#Diseases of the blood and blood-forming organs and certain disorders involving the immune mechanism (D50-D89),GR130-029,2010,2010,93,3999386,0.02
,#Diseases of the blood and blood-forming organs and certain disorders involving the immune mechanism (D50-D89),GR130-029,2011,2011,94,3953590,0.02
,#Diseases of the blood and blood-forming organs and certain disorders involving the immune mechanism (D50-D89),GR130-029,2012,2012,75,3952841,0.02
,#Diseases of the blood and blood-forming organs and certain disorders involving the immune mechanism (D50-D89),GR130-029,2013,2013,86,3932181,0.02
,#Diseases of the blood and blood-forming organs and certain disorders involving the immune mechanism (D50-D89),GR130-029,2014,2014,90,3988076,0.02
,#Diseases of the blood and blood-forming organs and certain disorders involving the immune mechanism (D50-D89),GR130-029,2015,2015,95,3978497,0.02
,#Diseases of the blood and blood-forming organs and certain disorders involving the immune mechanism (D50-D89),GR130-029,2016,2016,101,3945875,0.03
,#Diseases of the blood and blood-forming organs and certain disorders involving the immune mechanism (D50-D89),GR130-029,2017,2017,84,3855500,0.02
,#Diseases of the blood and blood-forming organs and certain disorders involving the immune mechanism (D50-D89),GR130-029,2018,2018,76,3791712,0.02
,#Diseases of the blood and blood-forming organs and certain disorders involving the immune mechanism (D50-D89),GR130-029,2019,2019,84,3747540,0.02
,#Diseases of the blood and blood-forming organs and certain disorders involving the immune mechanism (D50-D89),GR130-029,2020,2020,83,3613647,0.02
,#Diseases of the blood and blood-forming organs and certain disorders involving the immune mechanism (D50-D89),GR130-029,2021,2021,76,3664292,0.02
,#Diseases of the blood and blood-forming organs and certain disorders involving the immune mechanism (D50-D89),GR130-029,2022,2022,95,3667758,0.03
,#Diseases of the blood and blood-forming organs and certain disorders involving the immune mechanism (D50-D89),GR130-029,2023,2023,85,3596017,0.02
,Anemias (D50-D64),GR130-030,2007,2007,17,4316233,0.00 (Unreliable)
,Anemias (D50-D64),GR130-030,2008,2008,14,4247726,0.00 (Unreliable)
,Anemias (D50-D64),GR130-030,2009,2009,13,4130665,0.00 (Unreliable)
,Anemias (D50-D64),GR130-030,2010,2010,15,3999386,0.00 (Unreliable)
,Anemias (D50-D64),GR130-030,2011,2011,11,3953590,0.00 (Unreliable)
,Anemias (D50-D64),GR130-030,2012,2012,17,3952841,0.00 (Unreliable)
,Anemias (D50-D64),GR130-030,2013,2013,15,3932181,0.00 (Unreliable)
,Anemias (D50-D64),GR130-030,2014,2014,11,3988076,0.00 (Unreliable)
,Anemias (D50-D64),GR130-030,2015,2015,17,3978497,0.00 (Unreliable)
,Anemias (D50-D64),GR130-030,2016,2016,14,3945875,0.00 (Unreliable)
,Anemias (D50-D64),GR130-030,2017,2017,15,3855500,0.00 (Unreliable)
,Anemias (D50-D64),GR130-030,2018,2018,10,3791712,0.00 (Unreliable)
,Anemias (D50-D64),GR130-030,2019,2019,11,3747540,0.00 (Unreliable)
,Anemias (D50-D64),GR130-030,2020,2020,13,3613647,0.00 (Unreliable)
,Anemias (D50-D64),GR130-030,2021,2021,12,3664292,0.00 (Unreliable)
,Anemias (D50-D64),GR130-030,2022,2022,Suppressed,3667758,Suppressed
,Anemias (D50-D64),GR130-030,2023,2023,10,3596017,0.00 (Unreliable)
,Hemorrhagic conditions and other diseases of blood and blood-forming organs (D65-D76),GR130-031,2007,2007,77,4316233,0.02
,Hemorrhagic conditions and other diseases of blood and blood-forming organs (D65-D76),GR130-031,2008,2008,55,4247726,0.01
,Hemorrhagic conditions and other diseases of blood and blood-forming organs (D65-D76),GR130-031,2009,2009,65,4130665,0.02
,Hemorrhagic conditions and other diseases of blood and blood-forming organs (D65-D76),GR130-031,2010,2010,57,3999386,0.01
,Hemorrhagic conditions and other diseases of blood and blood-forming organs (D65-D76),GR130-031,2011,2011,63,3953590,0.02
,Hemorrhagic conditions and other diseases of blood and blood-forming organs (D65-D76),GR130-031,2012,2012,47,3952841,0.01
,Hemorrhagic conditions and other diseases of blood and blood-forming organs (D65-D76),GR130-031,2013,2013,51,3932181,0.01
,Hemorrhagic conditions and other diseases of blood and blood-forming organs (D65-D76),GR130-031,2014,2014,67,3988076,0.02
,Hemorrhagic conditions and other diseases of blood and blood-forming organs (D65-D76),GR130-031,2015,2015,59,3978497,0.01
,Hemorrhagic conditions and other diseases of blood and blood-forming organs (D65-D76),GR130-031,2016,2016,69,3945875,0.02
,Hemorrhagic conditions and other diseases of blood and blood-forming organs (D65-D76),GR130-031,2017,2017,51,3855500,0.01
,Hemorrhagic conditions and other diseases of blood and blood-forming organs (D65-D76),GR130-031,2018,2018,58,3791712,0.02
,Hemorrhagic conditions and other diseases of blood and blood-forming organs (D65-D76),GR130-031,2019,2019,63,3747540,0.02
,Hemorrhagic conditions and other diseases of blood and blood-forming organs (D65-D76),GR130-031,2020,2020,53,3613647,0.01
,Hemorrhagic conditions and other diseases of blood and blood-forming organs (D65-D76),GR130-031,2021,2021,52,3664292,0.01
,Hemorrhagic conditions and other diseases of blood and blood-forming organs (D65-D76),GR130-031,2022,2022,69,3667758,0.02
,Hemorrhagic conditions and other diseases of blood and blood-forming organs (D65-D76),GR130-031,2023,2023,58,3596017,0.02
,Certain disorders involving the immune mechanism (D80-D89),GR130-032,2007,2007,22,4316233,0.01
,Certain disorders involving the immune mechanism (D80-D89),GR130-032,2008,2008,Suppressed,4247726,Suppressed
,Certain disorders involving the immune mechanism (D80-D89),GR130-032,2009,2009,14,4130665,0.00 (Unreliable)
,Certain disorders involving the immune mechanism (D80-D89),GR130-032,2010,2010,20,3999386,0.01
,Certain disorders involving the immune mechanism (D80-D89),GR130-032,2011,2011,20,3953590,0.01
,Certain disorders involving the immune mechanism (D80-D89),GR130-032,2012,2012,10,3952841,0.00 (Unreliable)
,Certain disorders involving the immune mechanism (D80-D89),GR130-032,2013,2013,20,3932181,0.01
,Certain disorders involving the immune mechanism (D80-D89),GR130-032,2014,2014,12,3988076,0.00 (Unreliable)
,Certain disorders involving the immune mechanism (D80-D89),GR130-032,2015,2015,19,3978497,0.00 (Unreliable)
,Certain disorders involving the immune mechanism (D80-D89),GR130-032,2016,2016,18,3945875,0.00 (Unreliable)
,Certain disorders involving the immune mechanism (D80-D89),GR130-032,2017,2017,18,3855500,0.00 (Unreliable)
,Certain disorders involving the immune mechanism (D80-D89),GR130-032,2018,2018,Suppressed,3791712,Suppressed
,Certain disorders involving the immune mechanism (D80-D89),GR130-032,2019,2019,10,3747540,0.00 (Unreliable)
,Certain disorders involving the immune mechanism (D80-D89),GR130-032,2020,2020,16,3613647,0.00 (Unreliable)
,Certain disorders involving the immune mechanism (D80-D89),GR130-032,2021,2021,11,3664292,0.00 (Unreliable)
,Certain disorders involving the immune mechanism (D80-D89),GR130-032,2022,2022,20,3667758,0.01
,Certain disorders involving the immune mechanism (D80-D89),GR130-032,2023,2023,16,3596017,0.00 (Unreliable)
,"Endocrine, nutritional and metabolic diseases (E00-E88)",GR130-033,2007,2007,251,4316233,0.06
,"Endocrine, nutritional and metabolic diseases (E00-E88)",GR130-033,2008,2008,240,4247726,0.06
,"Endocrine, nutritional and metabolic diseases (E00-E88)",GR130-033,2009,2009,197,4130665,0.05
,"Endocrine, nutritional and metabolic diseases (E00-E88)",GR130-033,2010,2010,188,3999386,0.05
,"Endocrine, nutritional and metabolic diseases (E00-E88)",GR130-033,2011,2011,177,3953590,0.04
,"Endocrine, nutritional and metabolic diseases (E00-E88)",GR130-033,2012,2012,168,3952841,0.04
,"Endocrine, nutritional and metabolic diseases (E00-E88)",GR130-033,2013,2013,181,3932181,0.05
,"Endocrine, nutritional and metabolic diseases (E00-E88)",GR130-033,2014,2014,178,3988076,0.04
,"Endocrine, nutritional and metabolic diseases (E00-E88)",GR130-033,2015,2015,195,3978497,0.05
,"Endocrine, nutritional and metabolic diseases (E00-E88)",GR130-033,2016,2016,194,3945875,0.05
,"Endocrine, nutritional and metabolic diseases (E00-E88)",GR130-033,2017,2017,185,3855500,0.05
,"Endocrine, nutritional and metabolic diseases (E00-E88)",GR130-033,2018,2018,146,3791712,0.04
,"Endocrine, nutritional and metabolic diseases (E00-E88)",GR130-033,2019,2019,162,3747540,0.04
,"Endocrine, nutritional and metabolic diseases (E00-E88)",GR130-033,2020,2020,148,3613647,0.04
,"Endocrine, nutritional and metabolic diseases (E00-E88)",GR130-033,2021,2021,171,3664292,0.05
,"Endocrine, nutritional and metabolic diseases (E00-E88)",GR130-033,2022,2022,150,3667758,0.04
,"Endocrine, nutritional and metabolic diseases (E00-E88)",GR130-033,2023,2023,158,3596017,0.04
,"#Short stature, not elsewhere classified (E34.3)",GR130-034,2007,2007,Suppressed,4316233,Suppressed
,"#Short stature, not elsewhere classified (E34.3)",GR130-034,2008,2008,Suppressed,4247726,Suppressed
,"#Short stature, not elsewhere classified (E34.3)",GR130-034,2009,2009,Suppressed,4130665,Suppressed
,"#Short stature, not elsewhere classified (E34.3)",GR130-034,2010,2010,Suppressed,3999386,Suppressed
,"#Short stature, not elsewhere classified (E34.3)",GR130-034,2011,2011,Suppressed,3953590,Suppressed
,"#Short stature, not elsewhere classified (E34.3)",GR130-034,2012,2012,Suppressed,3952841,Suppressed
,"#Short stature, not elsewhere classified (E34.3)",GR130-034,2013,2013,Suppressed,3932181,Suppressed
,"#Short stature, not elsewhere classified (E34.3)",GR130-034,2014,2014,Suppressed,3988076,Suppressed
,"#Short stature, not elsewhere classified (E34.3)",GR130-034,2015,2015,Suppressed,3978497,Suppressed
,"#Short stature, not elsewhere classified (E34.3)",GR130-034,2016,2016,Suppressed,3945875,Suppressed
,"#Short stature, not elsewhere classified (E34.3)",GR130-034,2017,2017,Suppressed,3855500,Suppressed
,"#Short stature, not elsewhere classified (E34.3)",GR130-034,2018,2018,0,3791712,0
,"#Short stature, not elsewhere classified (E34.3)",GR130-034,2019,2019,Suppressed,3747540,Suppressed
,"#Short stature, not elsewhere classified (E34.3)",GR130-034,2020,2020,Suppressed,3613647,Suppressed
,"#Short stature, not elsewhere classified (E34.3)",GR130-034,2021,2021,0,3664292,0
,"#Short stature, not elsewhere classified (E34.3)",GR130-034,2022,2022,Suppressed,3667758,Suppressed
,"#Short stature, not elsewhere classified (E34.3)",GR130-034,2023,2023,Suppressed,3596017,Suppressed
,#Nutritional deficiencies (E40-E64),GR130-035,2007,2007,Suppressed,4316233,Suppressed
,#Nutritional deficiencies (E40-E64),GR130-035,2008,2008,10,4247726,0.00 (Unreliable)
,#Nutritional deficiencies (E40-E64),GR130-035,2009,2009,Suppressed,4130665,Suppressed
,#Nutritional deficiencies (E40-E64),GR130-035,2010,2010,Suppressed,3999386,Suppressed
,#Nutritional deficiencies (E40-E64),GR130-035,2011,2011,Suppressed,3953590,Suppressed
,#Nutritional deficiencies (E40-E64),GR130-035,2012,2012,Suppressed,3952841,Suppressed
,#Nutritional deficiencies (E40-E64),GR130-035,2013,2013,Suppressed,3932181,Suppressed
,#Nutritional deficiencies (E40-E64),GR130-035,2014,2014,Suppressed,3988076,Suppressed
,#Nutritional deficiencies (E40-E64),GR130-035,2015,2015,Suppressed,3978497,Suppressed
,#Nutritional deficiencies (E40-E64),GR130-035,2016,2016,Suppressed,3945875,Suppressed
,#Nutritional deficiencies (E40-E64),GR130-035,2017,2017,Suppressed,3855500,Suppressed
,#Nutritional deficiencies (E40-E64),GR130-035,2018,2018,Suppressed,3791712,Suppressed
,#Nutritional deficiencies (E40-E64),GR130-035,2019,2019,13,3747540,0.00 (Unreliable)
,#Nutritional deficiencies (E40-E64),GR130-035,2020,2020,17,3613647,0.00 (Unreliable)
,#Nutritional deficiencies (E40-E64),GR130-035,2021,2021,11,3664292,0.00 (Unreliable)
,#Nutritional deficiencies (E40-E64),GR130-035,2022,2022,13,3667758,0.00 (Unreliable)
,#Nutritional deficiencies (E40-E64),GR130-035,2023,2023,Suppressed,3596017,Suppressed
,#Cystic fibrosis (E84),GR130-036,2007,2007,11,4316233,0.00 (Unreliable)
,#Cystic fibrosis (E84),GR130-036,2008,2008,Suppressed,4247726,Suppressed
,#Cystic fibrosis (E84),GR130-036,2009,2009,Suppressed,4130665,Suppressed
,#Cystic fibrosis (E84),GR130-036,2010,2010,Suppressed,3999386,Suppressed
,#Cystic fibrosis (E84),GR130-036,2011,2011,Suppressed,3953590,Suppressed
,#Cystic fibrosis (E84),GR130-036,2012,2012,Suppressed,3952841,Suppressed
,#Cystic fibrosis (E84),GR130-036,2013,2013,Suppressed,3932181,Suppressed
,#Cystic fibrosis (E84),GR130-036,2014,2014,Suppressed,3988076,Suppressed
,#Cystic fibrosis (E84),GR130-036,2015,2015,Suppressed,3978497,Suppressed
,#Cystic fibrosis (E84),GR130-036,2016,2016,Suppressed,3945875,Suppressed
,#Cystic fibrosis (E84),GR130-036,2017,2017,Suppressed,3855500,Suppressed
,#Cystic fibrosis (E84),GR130-036,2018,2018,Suppressed,3791712,Suppressed
,#Cystic fibrosis (E84),GR130-036,2019,2019,Suppressed,3747540,Suppressed
,#Cystic fibrosis (E84),GR130-036,2020,2020,Suppressed,3613647,Suppressed
,#Cystic fibrosis (E84),GR130-036,2021,2021,Suppressed,3664292,Suppressed
,#Cystic fibrosis (E84),GR130-036,2022,2022,Suppressed,3667758,Suppressed
,#Cystic fibrosis (E84),GR130-036,2023,2023,Suppressed,3596017,Suppressed
,"#Volume depletion, disorders of fluid, electrolyte and acid-base balance (E86-E87)",GR130-037,2007,2007,61,4316233,0.01
,"#Volume depletion, disorders of fluid, electrolyte and acid-base balance (E86-E87)",GR130-037,2008,2008,76,4247726,0.02
,"#Volume depletion, disorders of fluid, electrolyte and acid-base balance (E86-E87)",GR130-037,2009,2009,47,4130665,0.01
,"#Volume depletion, disorders of fluid, electrolyte and acid-base balance (E86-E87)",GR130-037,2010,2010,49,3999386,0.01
,"#Volume depletion, disorders of fluid, electrolyte and acid-base balance (E86-E87)",GR130-037,2011,2011,48,3953590,0.01
,"#Volume depletion, disorders of fluid, electrolyte and acid-base balance (E86-E87)",GR130-037,2012,2012,38,3952841,0.01
,"#Volume depletion, disorders of fluid, electrolyte and acid-base balance (E86-E87)",GR130-037,2013,2013,47,3932181,0.01
,"#Volume depletion, disorders of fluid, electrolyte and acid-base balance (E86-E87)",GR130-037,2014,2014,38,3988076,0.01
,"#Volume depletion, disorders of fluid, electrolyte and acid-base balance (E86-E87)",GR130-037,2015,2015,43,3978497,0.01
,"#Volume depletion, disorders of fluid, electrolyte and acid-base balance (E86-E87)",GR130-037,2016,2016,57,3945875,0.01
,"#Volume depletion, disorders of fluid, electrolyte and acid-base balance (E86-E87)",GR130-037,2017,2017,55,3855500,0.01
,"#Volume depletion, disorders of fluid, electrolyte and acid-base balance (E86-E87)",GR130-037,2018,2018,37,3791712,0.01
,"#Volume depletion, disorders of fluid, electrolyte and acid-base balance (E86-E87)",GR130-037,2019,2019,38,3747540,0.01
,"#Volume depletion, disorders of fluid, electrolyte and acid-base balance (E86-E87)",GR130-037,2020,2020,30,3613647,0.01
,"#Volume depletion, disorders of fluid, electrolyte and acid-base balance (E86-E87)",GR130-037,2021,2021,46,3664292,0.01
,"#Volume depletion, disorders of fluid, electrolyte and acid-base balance (E86-E87)",GR130-037,2022,2022,30,3667758,0.01
,"#Volume depletion, disorders of fluid, electrolyte and acid-base balance (E86-E87)",GR130-037,2023,2023,40,3596017,0.01
,"All other endocrine, nutritional and metabolic diseases (E00-E32,E34.0-E34.2,E34.4-E34.9,E65-E83,E85,E88)",GR130-038,2007,2007,167,4316233,0.04
,"All other endocrine, nutritional and metabolic diseases (E00-E32,E34.0-E34.2,E34.4-E34.9,E65-E83,E85,E88)",GR130-038,2008,2008,142,4247726,0.03
,"All other endocrine, nutritional and metabolic diseases (E00-E32,E34.0-E34.2,E34.4-E34.9,E65-E83,E85,E88)",GR130-038,2009,2009,139,4130665,0.03
,"All other endocrine, nutritional and metabolic diseases (E00-E32,E34.0-E34.2,E34.4-E34.9,E65-E83,E85,E88)",GR130-038,2010,2010,129,3999386,0.03
,"All other endocrine, nutritional and metabolic diseases (E00-E32,E34.0-E34.2,E34.4-E34.9,E65-E83,E85,E88)",GR130-038,2011,2011,114,3953590,0.03
,"All other endocrine, nutritional and metabolic diseases (E00-E32,E34.0-E34.2,E34.4-E34.9,E65-E83,E85,E88)",GR130-038,2012,2012,117,3952841,0.03
,"All other endocrine, nutritional and metabolic diseases (E00-E32,E34.0-E34.2,E34.4-E34.9,E65-E83,E85,E88)",GR130-038,2013,2013,123,3932181,0.03
,"All other endocrine, nutritional and metabolic diseases (E00-E32,E34.0-E34.2,E34.4-E34.9,E65-E83,E85,E88)",GR130-038,2014,2014,126,3988076,0.03
,"All other endocrine, nutritional and metabolic diseases (E00-E32,E34.0-E34.2,E34.4-E34.9,E65-E83,E85,E88)",GR130-038,2015,2015,132,3978497,0.03
,"All other endocrine, nutritional and metabolic diseases (E00-E32,E34.0-E34.2,E34.4-E34.9,E65-E83,E85,E88)",GR130-038,2016,2016,123,3945875,0.03
,"All other endocrine, nutritional and metabolic diseases (E00-E32,E34.0-E34.2,E34.4-E34.9,E65-E83,E85,E88)",GR130-038,2017,2017,114,3855500,0.03
,"All other endocrine, nutritional and metabolic diseases (E00-E32,E34.0-E34.2,E34.4-E34.9,E65-E83,E85,E88)",GR130-038,2018,2018,98,3791712,0.03
,"All other endocrine, nutritional and metabolic diseases (E00-E32,E34.0-E34.2,E34.4-E34.9,E65-E83,E85,E88)",GR130-038,2019,2019,106,3747540,0.03
,"All other endocrine, nutritional and metabolic diseases (E00-E32,E34.0-E34.2,E34.4-E34.9,E65-E83,E85,E88)",GR130-038,2020,2020,96,3613647,0.03
,"All other endocrine, nutritional and metabolic diseases (E00-E32,E34.0-E34.2,E34.4-E34.9,E65-E83,E85,E88)",GR130-038,2021,2021,110,3664292,0.03
,"All other endocrine, nutritional and metabolic diseases (E00-E32,E34.0-E34.2,E34.4-E34.9,E65-E83,E85,E88)",GR130-038,2022,2022,102,3667758,0.03
,"All other endocrine, nutritional and metabolic diseases (E00-E32,E34.0-E34.2,E34.4-E34.9,E65-E83,E85,E88)",GR130-038,2023,2023,106,3596017,0.03
,Diseases of the nervous system (G00-G98),GR130-039,2007,2007,411,4316233,0.1
,Diseases of the nervous system (G00-G98),GR130-039,2008,2008,410,4247726,0.1
,Diseases of the nervous system (G00-G98),GR130-039,2009,2009,352,4130665,0.09
,Diseases of the nervous system (G00-G98),GR130-039,2010,2010,345,3999386,0.09
,Diseases of the nervous system (G00-G98),GR130-039,2011,2011,316,3953590,0.08
,Diseases of the nervous system (G00-G98),GR130-039,2012,2012,318,3952841,0.08
,Diseases of the nervous system (G00-G98),GR130-039,2013,2013,330,3932181,0.08
,Diseases of the nervous system (G00-G98),GR130-039,2014,2014,295,3988076,0.07
,Diseases of the nervous system (G00-G98),GR130-039,2015,2015,319,3978497,0.08
,Diseases of the nervous system (G00-G98),GR130-039,2016,2016,290,3945875,0.07
,Diseases of the nervous system (G00-G98),GR130-039,2017,2017,250,3855500,0.06
,Diseases of the nervous system (G00-G98),GR130-039,2018,2018,263,3791712,0.07
,Diseases of the nervous system (G00-G98),GR130-039,2019,2019,224,3747540,0.06
,Diseases of the nervous system (G00-G98),GR130-039,2020,2020,248,3613647,0.07
,Diseases of the nervous system (G00-G98),GR130-039,2021,2021,252,3664292,0.07
,Diseases of the nervous system (G00-G98),GR130-039,2022,2022,224,3667758,0.06
,Diseases of the nervous system (G00-G98),GR130-039,2023,2023,238,3596017,0.07
,"#Meningitis (G00,G03)",GR130-040,2007,2007,81,4316233,0.02
,"#Meningitis (G00,G03)",GR130-040,2008,2008,66,4247726,0.02
,"#Meningitis (G00,G03)",GR130-040,2009,2009,61,4130665,0.01
,"#Meningitis (G00,G03)",GR130-040,2010,2010,59,3999386,0.01
,"#Meningitis (G00,G03)",GR130-040,2011,2011,58,3953590,0.01
,"#Meningitis (G00,G03)",GR130-040,2012,2012,43,3952841,0.01
,"#Meningitis (G00,G03)",GR130-040,2013,2013,51,3932181,0.01
,"#Meningitis (G00,G03)",GR130-040,2014,2014,44,3988076,0.01
,"#Meningitis (G00,G03)",GR130-040,2015,2015,51,3978497,0.01
,"#Meningitis (G00,G03)",GR130-040,2016,2016,59,3945875,0.01
,"#Meningitis (G00,G03)",GR130-040,2017,2017,47,3855500,0.01
,"#Meningitis (G00,G03)",GR130-040,2018,2018,62,3791712,0.02
,"#Meningitis (G00,G03)",GR130-040,2019,2019,39,3747540,0.01
,"#Meningitis (G00,G03)",GR130-040,2020,2020,45,3613647,0.01
,"#Meningitis (G00,G03)",GR130-040,2021,2021,53,3664292,0.01
,"#Meningitis (G00,G03)",GR130-040,2022,2022,43,3667758,0.01
,"#Meningitis (G00,G03)",GR130-040,2023,2023,60,3596017,0.02
,"#Infantile spinal muscular atrophy, type I (Werdnig-Hoffman) (G12.0)",GR130-041,2007,2007,13,4316233,0.00 (Unreliable)
,"#Infantile spinal muscular atrophy, type I (Werdnig-Hoffman) (G12.0)",GR130-041,2008,2008,Suppressed,4247726,Suppressed
,"#Infantile spinal muscular atrophy, type I (Werdnig-Hoffman) (G12.0)",GR130-041,2009,2009,12,4130665,0.00 (Unreliable)
,"#Infantile spinal muscular atrophy, type I (Werdnig-Hoffman) (G12.0)",GR130-041,2010,2010,Suppressed,3999386,Suppressed
,"#Infantile spinal muscular atrophy, type I (Werdnig-Hoffman) (G12.0)",GR130-041,2011,2011,0,3953590,0
,"#Infantile spinal muscular atrophy, type I (Werdnig-Hoffman) (G12.0)",GR130-041,2012,2012,Suppressed,3952841,Suppressed
,"#Infantile spinal muscular atrophy, type I (Werdnig-Hoffman) (G12.0)",GR130-041,2013,2013,Suppressed,3932181,Suppressed
,"#Infantile spinal muscular atrophy, type I (Werdnig-Hoffman) (G12.0)",GR130-041,2014,2014,Suppressed,3988076,Suppressed
,"#Infantile spinal muscular atrophy, type I (Werdnig-Hoffman) (G12.0)",GR130-041,2015,2015,Suppressed,3978497,Suppressed
,"#Infantile spinal muscular atrophy, type I (Werdnig-Hoffman) (G12.0)",GR130-041,2016,2016,Suppressed,3945875,Suppressed
,"#Infantile spinal muscular atrophy, type I (Werdnig-Hoffman) (G12.0)",GR130-041,2017,2017,Suppressed,3855500,Suppressed
,"#Infantile spinal muscular atrophy, type I (Werdnig-Hoffman) (G12.0)",GR130-041,2018,2018,Suppressed,3791712,Suppressed
,"#Infantile spinal muscular atrophy, type I (Werdnig-Hoffman) (G12.0)",GR130-041,2019,2019,Suppressed,3747540,Suppressed
,"#Infantile spinal muscular atrophy, type I (Werdnig-Hoffman) (G12.0)",GR130-041,2020,2020,Suppressed,3613647,Suppressed
,"#Infantile spinal muscular atrophy, type I (Werdnig-Hoffman) (G12.0)",GR130-041,2021,2021,0,3664292,0
,"#Infantile spinal muscular atrophy, type I (Werdnig-Hoffman) (G12.0)",GR130-041,2022,2022,0,3667758,0
,"#Infantile spinal muscular atrophy, type I (Werdnig-Hoffman) (G12.0)",GR130-041,2023,2023,Suppressed,3596017,Suppressed
,#Infantile cerebral palsy (G80),GR130-042,2007,2007,11,4316233,0.00 (Unreliable)
,#Infantile cerebral palsy (G80),GR130-042,2008,2008,Suppressed,4247726,Suppressed
,#Infantile cerebral palsy (G80),GR130-042,2009,2009,Suppressed,4130665,Suppressed
,#Infantile cerebral palsy (G80),GR130-042,2010,2010,Suppressed,3999386,Suppressed
,#Infantile cerebral palsy (G80),GR130-042,2011,2011,Suppressed,3953590,Suppressed
,#Infantile cerebral palsy (G80),GR130-042,2012,2012,Suppressed,3952841,Suppressed
,#Infantile cerebral palsy (G80),GR130-042,2013,2013,Suppressed,3932181,Suppressed
,#Infantile cerebral palsy (G80),GR130-042,2014,2014,Suppressed,3988076,Suppressed
,#Infantile cerebral palsy (G80),GR130-042,2015,2015,Suppressed,3978497,Suppressed
,#Infantile cerebral palsy (G80),GR130-042,2016,2016,Suppressed,3945875,Suppressed
,#Infantile cerebral palsy (G80),GR130-042,2017,2017,Suppressed,3855500,Suppressed
,#Infantile cerebral palsy (G80),GR130-042,2018,2018,Suppressed,3791712,Suppressed
,#Infantile cerebral palsy (G80),GR130-042,2019,2019,Suppressed,3747540,Suppressed
,#Infantile cerebral palsy (G80),GR130-042,2020,2020,Suppressed,3613647,Suppressed
,#Infantile cerebral palsy (G80),GR130-042,2021,2021,Suppressed,3664292,Suppressed
,#Infantile cerebral palsy (G80),GR130-042,2022,2022,Suppressed,3667758,Suppressed
,#Infantile cerebral palsy (G80),GR130-042,2023,2023,Suppressed,3596017,Suppressed
,"#Anoxic brain damage, not elsewhere classified (G93.1)",GR130-043,2007,2007,64,4316233,0.01
,"#Anoxic brain damage, not elsewhere classified (G93.1)",GR130-043,2008,2008,54,4247726,0.01
,"#Anoxic brain damage, not elsewhere classified (G93.1)",GR130-043,2009,2009,38,4130665,0.01
,"#Anoxic brain damage, not elsewhere classified (G93.1)",GR130-043,2010,2010,38,3999386,0.01
,"#Anoxic brain damage, not elsewhere classified (G93.1)",GR130-043,2011,2011,47,3953590,0.01
,"#Anoxic brain damage, not elsewhere classified (G93.1)",GR130-043,2012,2012,32,3952841,0.01
,"#Anoxic brain damage, not elsewhere classified (G93.1)",GR130-043,2013,2013,36,3932181,0.01
,"#Anoxic brain damage, not elsewhere classified (G93.1)",GR130-043,2014,2014,30,3988076,0.01
,"#Anoxic brain damage, not elsewhere classified (G93.1)",GR130-043,2015,2015,50,3978497,0.01
,"#Anoxic brain damage, not elsewhere classified (G93.1)",GR130-043,2016,2016,36,3945875,0.01
,"#Anoxic brain damage, not elsewhere classified (G93.1)",GR130-043,2017,2017,30,3855500,0.01
,"#Anoxic brain damage, not elsewhere classified (G93.1)",GR130-043,2018,2018,19,3791712,0.01 (Unreliable)
,"#Anoxic brain damage, not elsewhere classified (G93.1)",GR130-043,2019,2019,24,3747540,0.01
,"#Anoxic brain damage, not elsewhere classified (G93.1)",GR130-043,2020,2020,37,3613647,0.01
,"#Anoxic brain damage, not elsewhere classified (G93.1)",GR130-043,2021,2021,30,3664292,0.01
,"#Anoxic brain damage, not elsewhere classified (G93.1)",GR130-043,2022,2022,31,3667758,0.01
,"#Anoxic brain damage, not elsewhere classified (G93.1)",GR130-043,2023,2023,21,3596017,0.01
,"Other diseases of nervous system (G04,G06-G11,G12.1-G12.9,G20-G72,G81-G92,G93.0,G93.2-G93.9,G95-G98)",GR130-044,2007,2007,242,4316233,0.06
,"Other diseases of nervous system (G04,G06-G11,G12.1-G12.9,G20-G72,G81-G92,G93.0,G93.2-G93.9,G95-G98)",GR130-044,2008,2008,277,4247726,0.07
,"Other diseases of nervous system (G04,G06-G11,G12.1-G12.9,G20-G72,G81-G92,G93.0,G93.2-G93.9,G95-G98)",GR130-044,2009,2009,233,4130665,0.06
,"Other diseases of nervous system (G04,G06-G11,G12.1-G12.9,G20-G72,G81-G92,G93.0,G93.2-G93.9,G95-G98)",GR130-044,2010,2010,241,3999386,0.06
,"Other diseases of nervous system (G04,G06-G11,G12.1-G12.9,G20-G72,G81-G92,G93.0,G93.2-G93.9,G95-G98)",GR130-044,2011,2011,204,3953590,0.05
,"Other diseases of nervous system (G04,G06-G11,G12.1-G12.9,G20-G72,G81-G92,G93.0,G93.2-G93.9,G95-G98)",GR130-044,2012,2012,237,3952841,0.06
,"Other diseases of nervous system (G04,G06-G11,G12.1-G12.9,G20-G72,G81-G92,G93.0,G93.2-G93.9,G95-G98)",GR130-044,2013,2013,235,3932181,0.06
,"Other diseases of nervous system (G04,G06-G11,G12.1-G12.9,G20-G72,G81-G92,G93.0,G93.2-G93.9,G95-G98)",GR130-044,2014,2014,212,3988076,0.05
,"Other diseases of nervous system (G04,G06-G11,G12.1-G12.9,G20-G72,G81-G92,G93.0,G93.2-G93.9,G95-G98)",GR130-044,2015,2015,214,3978497,0.05
,"Other diseases of nervous system (G04,G06-G11,G12.1-G12.9,G20-G72,G81-G92,G93.0,G93.2-G93.9,G95-G98)",GR130-044,2016,2016,186,3945875,0.05
,"Other diseases of nervous system (G04,G06-G11,G12.1-G12.9,G20-G72,G81-G92,G93.0,G93.2-G93.9,G95-G98)",GR130-044,2017,2017,169,3855500,0.04
,"Other diseases of nervous system (G04,G06-G11,G12.1-G12.9,G20-G72,G81-G92,G93.0,G93.2-G93.9,G95-G98)",GR130-044,2018,2018,174,3791712,0.05
,"Other diseases of nervous system (G04,G06-G11,G12.1-G12.9,G20-G72,G81-G92,G93.0,G93.2-G93.9,G95-G98)",GR130-044,2019,2019,154,3747540,0.04
,"Other diseases of nervous system (G04,G06-G11,G12.1-G12.9,G20-G72,G81-G92,G93.0,G93.2-G93.9,G95-G98)",GR130-044,2020,2020,160,3613647,0.04
,"Other diseases of nervous system (G04,G06-G11,G12.1-G12.9,G20-G72,G81-G92,G93.0,G93.2-G93.9,G95-G98)",GR130-044,2021,2021,167,3664292,0.05
,"Other diseases of nervous system (G04,G06-G11,G12.1-G12.9,G20-G72,G81-G92,G93.0,G93.2-G93.9,G95-G98)",GR130-044,2022,2022,149,3667758,0.04
,"Other diseases of nervous system (G04,G06-G11,G12.1-G12.9,G20-G72,G81-G92,G93.0,G93.2-G93.9,G95-G98)",GR130-044,2023,2023,153,3596017,0.04
,#Diseases of the ear and mastoid process (H60-H93),GR130-045,2007,2007,Suppressed,4316233,Suppressed
,#Diseases of the ear and mastoid process (H60-H93),GR130-045,2008,2008,Suppressed,4247726,Suppressed
,#Diseases of the ear and mastoid process (H60-H93),GR130-045,2009,2009,Suppressed,4130665,Suppressed
,#Diseases of the ear and mastoid process (H60-H93),GR130-045,2010,2010,Suppressed,3999386,Suppressed
,#Diseases of the ear and mastoid process (H60-H93),GR130-045,2011,2011,Suppressed,3953590,Suppressed
,#Diseases of the ear and mastoid process (H60-H93),GR130-045,2012,2012,Suppressed,3952841,Suppressed
,#Diseases of the ear and mastoid process (H60-H93),GR130-045,2013,2013,Suppressed,3932181,Suppressed
,#Diseases of the ear and mastoid process (H60-H93),GR130-045,2014,2014,Suppressed,3988076,Suppressed
,#Diseases of the ear and mastoid process (H60-H93),GR130-045,2015,2015,Suppressed,3978497,Suppressed
,#Diseases of the ear and mastoid process (H60-H93),GR130-045,2016,2016,Suppressed,3945875,Suppressed
,#Diseases of the ear and mastoid process (H60-H93),GR130-045,2017,2017,Suppressed,3855500,Suppressed
,#Diseases of the ear and mastoid process (H60-H93),GR130-045,2018,2018,0,3791712,0
,#Diseases of the ear and mastoid process (H60-H93),GR130-045,2019,2019,Suppressed,3747540,Suppressed
,#Diseases of the ear and mastoid process (H60-H93),GR130-045,2020,2020,Suppressed,3613647,Suppressed
,#Diseases of the ear and mastoid process (H60-H93),GR130-045,2021,2021,Suppressed,3664292,Suppressed
,#Diseases of the ear and mastoid process (H60-H93),GR130-045,2022,2022,Suppressed,3667758,Suppressed
,#Diseases of the ear and mastoid process (H60-H93),GR130-045,2023,2023,Suppressed,3596017,Suppressed
,#Diseases of the circulatory system (I00-I99),GR130-046,2007,2007,621,4316233,0.14
,#Diseases of the circulatory system (I00-I99),GR130-046,2008,2008,595,4247726,0.14
,#Diseases of the circulatory system (I00-I99),GR130-046,2009,2009,582,4130665,0.14
,#Diseases of the circulatory system (I00-I99),GR130-046,2010,2010,508,3999386,0.13
,#Diseases of the circulatory system (I00-I99),GR130-046,2011,2011,501,3953590,0.13
,#Diseases of the circulatory system (I00-I99),GR130-046,2012,2012,493,3952841,0.12
,#Diseases of the circulatory system (I00-I99),GR130-046,2013,2013,457,3932181,0.12
,#Diseases of the circulatory system (I00-I99),GR130-046,2014,2014,443,3988076,0.11
,#Diseases of the circulatory system (I00-I99),GR130-046,2015,2015,425,3978497,0.11
,#Diseases of the circulatory system (I00-I99),GR130-046,2016,2016,459,3945875,0.12
,#Diseases of the circulatory system (I00-I99),GR130-046,2017,2017,447,3855500,0.12
,#Diseases of the circulatory system (I00-I99),GR130-046,2018,2018,427,3791712,0.11
,#Diseases of the circulatory system (I00-I99),GR130-046,2019,2019,404,3747540,0.11
,#Diseases of the circulatory system (I00-I99),GR130-046,2020,2020,383,3613647,0.11
,#Diseases of the circulatory system (I00-I99),GR130-046,2021,2021,399,3664292,0.11
,#Diseases of the circulatory system (I00-I99),GR130-046,2022,2022,358,3667758,0.1
,#Diseases of the circulatory system (I00-I99),GR130-046,2023,2023,356,3596017,0.1
,Pulmonary heart disease and diseases of pulmonary circulation (I26-I28),GR130-047,2007,2007,99,4316233,0.02
,Pulmonary heart disease and diseases of pulmonary circulation (I26-I28),GR130-047,2008,2008,88,4247726,0.02
,Pulmonary heart disease and diseases of pulmonary circulation (I26-I28),GR130-047,2009,2009,113,4130665,0.03
,Pulmonary heart disease and diseases of pulmonary circulation (I26-I28),GR130-047,2010,2010,91,3999386,0.02
,Pulmonary heart disease and diseases of pulmonary circulation (I26-I28),GR130-047,2011,2011,87,3953590,0.02
,Pulmonary heart disease and diseases of pulmonary circulation (I26-I28),GR130-047,2012,2012,104,3952841,0.03
,Pulmonary heart disease and diseases of pulmonary circulation (I26-I28),GR130-047,2013,2013,81,3932181,0.02
,Pulmonary heart disease and diseases of pulmonary circulation (I26-I28),GR130-047,2014,2014,90,3988076,0.02
,Pulmonary heart disease and diseases of pulmonary circulation (I26-I28),GR130-047,2015,2015,88,3978497,0.02
,Pulmonary heart disease and diseases of pulmonary circulation (I26-I28),GR130-047,2016,2016,96,3945875,0.02
,Pulmonary heart disease and diseases of pulmonary circulation (I26-I28),GR130-047,2017,2017,86,3855500,0.02
,Pulmonary heart disease and diseases of pulmonary circulation (I26-I28),GR130-047,2018,2018,94,3791712,0.02
,Pulmonary heart disease and diseases of pulmonary circulation (I26-I28),GR130-047,2019,2019,84,3747540,0.02
,Pulmonary heart disease and diseases of pulmonary circulation (I26-I28),GR130-047,2020,2020,65,3613647,0.02
,Pulmonary heart disease and diseases of pulmonary circulation (I26-I28),GR130-047,2021,2021,67,3664292,0.02
,Pulmonary heart disease and diseases of pulmonary circulation (I26-I28),GR130-047,2022,2022,55,3667758,0.01
,Pulmonary heart disease and diseases of pulmonary circulation (I26-I28),GR130-047,2023,2023,70,3596017,0.02
,"Pericarditis, endocarditis and myocarditis (I30,I33,I40)",GR130-048,2007,2007,21,4316233,0
,"Pericarditis, endocarditis and myocarditis (I30,I33,I40)",GR130-048,2008,2008,17,4247726,0.00 (Unreliable)
,"Pericarditis, endocarditis and myocarditis (I30,I33,I40)",GR130-048,2009,2009,15,4130665,0.00 (Unreliable)
,"Pericarditis, endocarditis and myocarditis (I30,I33,I40)",GR130-048,2010,2010,14,3999386,0.00 (Unreliable)
,"Pericarditis, endocarditis and myocarditis (I30,I33,I40)",GR130-048,2011,2011,Suppressed,3953590,Suppressed
,"Pericarditis, endocarditis and myocarditis (I30,I33,I40)",GR130-048,2012,2012,20,3952841,0.01
,"Pericarditis, endocarditis and myocarditis (I30,I33,I40)",GR130-048,2013,2013,13,3932181,0.00 (Unreliable)
,"Pericarditis, endocarditis and myocarditis (I30,I33,I40)",GR130-048,2014,2014,10,3988076,0.00 (Unreliable)
,"Pericarditis, endocarditis and myocarditis (I30,I33,I40)",GR130-048,2015,2015,Suppressed,3978497,Suppressed
,"Pericarditis, endocarditis and myocarditis (I30,I33,I40)",GR130-048,2016,2016,16,3945875,0.00 (Unreliable)
,"Pericarditis, endocarditis and myocarditis (I30,I33,I40)",GR130-048,2017,2017,12,3855500,0.00 (Unreliable)
,"Pericarditis, endocarditis and myocarditis (I30,I33,I40)",GR130-048,2018,2018,14,3791712,0.00 (Unreliable)
,"Pericarditis, endocarditis and myocarditis (I30,I33,I40)",GR130-048,2019,2019,Suppressed,3747540,Suppressed
,"Pericarditis, endocarditis and myocarditis (I30,I33,I40)",GR130-048,2020,2020,11,3613647,0.00 (Unreliable)
,"Pericarditis, endocarditis and myocarditis (I30,I33,I40)",GR130-048,2021,2021,Suppressed,3664292,Suppressed
,"Pericarditis, endocarditis and myocarditis (I30,I33,I40)",GR130-048,2022,2022,Suppressed,3667758,Suppressed
,"Pericarditis, endocarditis and myocarditis (I30,I33,I40)",GR130-048,2023,2023,Suppressed,3596017,Suppressed
,Cardiomyopathy (I42),GR130-049,2007,2007,119,4316233,0.03
,Cardiomyopathy (I42),GR130-049,2008,2008,116,4247726,0.03
,Cardiomyopathy (I42),GR130-049,2009,2009,111,4130665,0.03
,Cardiomyopathy (I42),GR130-049,2010,2010,80,3999386,0.02
,Cardiomyopathy (I42),GR130-049,2011,2011,88,3953590,0.02
,Cardiomyopathy (I42),GR130-049,2012,2012,94,3952841,0.02
,Cardiomyopathy (I42),GR130-049,2013,2013,97,3932181,0.02
,Cardiomyopathy (I42),GR130-049,2014,2014,102,3988076,0.03
,Cardiomyopathy (I42),GR130-049,2015,2015,79,3978497,0.02
,Cardiomyopathy (I42),GR130-049,2016,2016,88,3945875,0.02
,Cardiomyopathy (I42),GR130-049,2017,2017,80,3855500,0.02
,Cardiomyopathy (I42),GR130-049,2018,2018,90,3791712,0.02
,Cardiomyopathy (I42),GR130-049,2019,2019,87,3747540,0.02
,Cardiomyopathy (I42),GR130-049,2020,2020,68,3613647,0.02
,Cardiomyopathy (I42),GR130-049,2021,2021,74,3664292,0.02
,Cardiomyopathy (I42),GR130-049,2022,2022,87,3667758,0.02
,Cardiomyopathy (I42),GR130-049,2023,2023,70,3596017,0.02
,Cardiac arrest (I46),GR130-050,2007,2007,29,4316233,0.01
,Cardiac arrest (I46),GR130-050,2008,2008,25,4247726,0.01
,Cardiac arrest (I46),GR130-050,2009,2009,27,4130665,0.01
,Cardiac arrest (I46),GR130-050,2010,2010,18,3999386,0.00 (Unreliable)
,Cardiac arrest (I46),GR130-050,2011,2011,22,3953590,0.01
,Cardiac arrest (I46),GR130-050,2012,2012,12,3952841,0.00 (Unreliable)
,Cardiac arrest (I46),GR130-050,2013,2013,21,3932181,0.01
,Cardiac arrest (I46),GR130-050,2014,2014,20,3988076,0.01
,Cardiac arrest (I46),GR130-050,2015,2015,17,3978497,0.00 (Unreliable)
,Cardiac arrest (I46),GR130-050,2016,2016,10,3945875,0.00 (Unreliable)
,Cardiac arrest (I46),GR130-050,2017,2017,14,3855500,0.00 (Unreliable)
,Cardiac arrest (I46),GR130-050,2018,2018,12,3791712,0.00 (Unreliable)
,Cardiac arrest (I46),GR130-050,2019,2019,Suppressed,3747540,Suppressed
,Cardiac arrest (I46),GR130-050,2020,2020,22,3613647,0.01
,Cardiac arrest (I46),GR130-050,2021,2021,25,3664292,0.01
,Cardiac arrest (I46),GR130-050,2022,2022,11,3667758,0.00 (Unreliable)
,Cardiac arrest (I46),GR130-050,2023,2023,20,3596017,0.01
,Cerebrovascular diseases (I60-I69),GR130-051,2007,2007,132,4316233,0.03
,Cerebrovascular diseases (I60-I69),GR130-051,2008,2008,142,4247726,0.03
,Cerebrovascular diseases (I60-I69),GR130-051,2009,2009,148,4130665,0.04
,Cerebrovascular diseases (I60-I69),GR130-051,2010,2010,129,3999386,0.03
,Cerebrovascular diseases (I60-I69),GR130-051,2011,2011,134,3953590,0.03
,Cerebrovascular diseases (I60-I69),GR130-051,2012,2012,103,3952841,0.03
,Cerebrovascular diseases (I60-I69),GR130-051,2013,2013,107,3932181,0.03
,Cerebrovascular diseases (I60-I69),GR130-051,2014,2014,92,3988076,0.02
,Cerebrovascular diseases (I60-I69),GR130-051,2015,2015,88,3978497,0.02
,Cerebrovascular diseases (I60-I69),GR130-051,2016,2016,124,3945875,0.03
,Cerebrovascular diseases (I60-I69),GR130-051,2017,2017,100,3855500,0.03
,Cerebrovascular diseases (I60-I69),GR130-051,2018,2018,98,3791712,0.03
,Cerebrovascular diseases (I60-I69),GR130-051,2019,2019,101,3747540,0.03
,Cerebrovascular diseases (I60-I69),GR130-051,2020,2020,103,3613647,0.03
,Cerebrovascular diseases (I60-I69),GR130-051,2021,2021,96,3664292,0.03
,Cerebrovascular diseases (I60-I69),GR130-051,2022,2022,88,3667758,0.02
,Cerebrovascular diseases (I60-I69),GR130-051,2023,2023,81,3596017,0.02
,"All other diseases of circulatory system (I00-I25,I31,I34-I38,I44-I45,I47-I51,I70-I99)",GR130-052,2007,2007,221,4316233,0.05
,"All other diseases of circulatory system (I00-I25,I31,I34-I38,I44-I45,I47-I51,I70-I99)",GR130-052,2008,2008,207,4247726,0.05
,"All other diseases of circulatory system (I00-I25,I31,I34-I38,I44-I45,I47-I51,I70-I99)",GR130-052,2009,2009,167,4130665,0.04
,"All other diseases of circulatory system (I00-I25,I31,I34-I38,I44-I45,I47-I51,I70-I99)",GR130-052,2010,2010,176,3999386,0.04
,"All other diseases of circulatory system (I00-I25,I31,I34-I38,I44-I45,I47-I51,I70-I99)",GR130-052,2011,2011,161,3953590,0.04
,"All other diseases of circulatory system (I00-I25,I31,I34-I38,I44-I45,I47-I51,I70-I99)",GR130-052,2012,2012,161,3952841,0.04
,"All other diseases of circulatory system (I00-I25,I31,I34-I38,I44-I45,I47-I51,I70-I99)",GR130-052,2013,2013,138,3932181,0.04
,"All other diseases of circulatory system (I00-I25,I31,I34-I38,I44-I45,I47-I51,I70-I99)",GR130-052,2014,2014,129,3988076,0.03
,"All other diseases of circulatory system (I00-I25,I31,I34-I38,I44-I45,I47-I51,I70-I99)",GR130-052,2015,2015,144,3978497,0.04
,"All other diseases of circulatory system (I00-I25,I31,I34-I38,I44-I45,I47-I51,I70-I99)",GR130-052,2016,2016,124,3945875,0.03
,"All other diseases of circulatory system (I00-I25,I31,I34-I38,I44-I45,I47-I51,I70-I99)",GR130-052,2017,2017,154,3855500,0.04
,"All other diseases of circulatory system (I00-I25,I31,I34-I38,I44-I45,I47-I51,I70-I99)",GR130-052,2018,2018,119,3791712,0.03
,"All other diseases of circulatory system (I00-I25,I31,I34-I38,I44-I45,I47-I51,I70-I99)",GR130-052,2019,2019,119,3747540,0.03
,"All other diseases of circulatory system (I00-I25,I31,I34-I38,I44-I45,I47-I51,I70-I99)",GR130-052,2020,2020,112,3613647,0.03
,"All other diseases of circulatory system (I00-I25,I31,I34-I38,I44-I45,I47-I51,I70-I99)",GR130-052,2021,2021,134,3664292,0.04
,"All other diseases of circulatory system (I00-I25,I31,I34-I38,I44-I45,I47-I51,I70-I99)",GR130-052,2022,2022,110,3667758,0.03
,"All other diseases of circulatory system (I00-I25,I31,I34-I38,I44-I45,I47-I51,I70-I99)",GR130-052,2023,2023,107,3596017,0.03
,"Diseases of the respiratory system (J00-J98,U04)",GR130-053,2007,2007,634,4316233,0.15
,"Diseases of the respiratory system (J00-J98,U04)",GR130-053,2008,2008,580,4247726,0.14
,"Diseases of the respiratory system (J00-J98,U04)",GR130-053,2009,2009,595,4130665,0.14
,"Diseases of the respiratory system (J00-J98,U04)",GR130-053,2010,2010,572,3999386,0.14
,"Diseases of the respiratory system (J00-J98,U04)",GR130-053,2011,2011,587,3953590,0.15
,"Diseases of the respiratory system (J00-J98,U04)",GR130-053,2012,2012,498,3952841,0.13
,"Diseases of the respiratory system (J00-J98,U04)",GR130-053,2013,2013,524,3932181,0.13
,"Diseases of the respiratory system (J00-J98,U04)",GR130-053,2014,2014,515,3988076,0.13
,"Diseases of the respiratory system (J00-J98,U04)",GR130-053,2015,2015,535,3978497,0.13
,"Diseases of the respiratory system (J00-J98,U04)",GR130-053,2016,2016,534,3945875,0.14
,"Diseases of the respiratory system (J00-J98,U04)",GR130-053,2017,2017,440,3855500,0.11
,"Diseases of the respiratory system (J00-J98,U04)",GR130-053,2018,2018,411,3791712,0.11
,"Diseases of the respiratory system (J00-J98,U04)",GR130-053,2019,2019,426,3747540,0.11
,"Diseases of the respiratory system (J00-J98,U04)",GR130-053,2020,2020,309,3613647,0.09
,"Diseases of the respiratory system (J00-J98,U04)",GR130-053,2021,2021,344,3664292,0.09
,"Diseases of the respiratory system (J00-J98,U04)",GR130-053,2022,2022,390,3667758,0.11
,"Diseases of the respiratory system (J00-J98,U04)",GR130-053,2023,2023,337,3596017,0.09
,#Acute upper respiratory infections (J00-J06),GR130-054,2007,2007,14,4316233,0.00 (Unreliable)
,#Acute upper respiratory infections (J00-J06),GR130-054,2008,2008,12,4247726,0.00 (Unreliable)
,#Acute upper respiratory infections (J00-J06),GR130-054,2009,2009,12,4130665,0.00 (Unreliable)
,#Acute upper respiratory infections (J00-J06),GR130-054,2010,2010,15,3999386,0.00 (Unreliable)
,#Acute upper respiratory infections (J00-J06),GR130-054,2011,2011,10,3953590,0.00 (Unreliable)
,#Acute upper respiratory infections (J00-J06),GR130-054,2012,2012,Suppressed,3952841,Suppressed
,#Acute upper respiratory infections (J00-J06),GR130-054,2013,2013,15,3932181,0.00 (Unreliable)
,#Acute upper respiratory infections (J00-J06),GR130-054,2014,2014,15,3988076,0.00 (Unreliable)
,#Acute upper respiratory infections (J00-J06),GR130-054,2015,2015,15,3978497,0.00 (Unreliable)
,#Acute upper respiratory infections (J00-J06),GR130-054,2016,2016,13,3945875,0.00 (Unreliable)
,#Acute upper respiratory infections (J00-J06),GR130-054,2017,2017,12,3855500,0.00 (Unreliable)
,#Acute upper respiratory infections (J00-J06),GR130-054,2018,2018,Suppressed,3791712,Suppressed
,#Acute upper respiratory infections (J00-J06),GR130-054,2019,2019,10,3747540,0.00 (Unreliable)
,#Acute upper respiratory infections (J00-J06),GR130-054,2020,2020,Suppressed,3613647,Suppressed
,#Acute upper respiratory infections (J00-J06),GR130-054,2021,2021,Suppressed,3664292,Suppressed
,#Acute upper respiratory infections (J00-J06),GR130-054,2022,2022,Suppressed,3667758,Suppressed
,#Acute upper respiratory infections (J00-J06),GR130-054,2023,2023,11,3596017,0.00 (Unreliable)
,#Influenza and pneumonia (J09-J18),GR130-055,2007,2007,218,4316233,0.05
,#Influenza and pneumonia (J09-J18),GR130-055,2008,2008,225,4247726,0.05
,#Influenza and pneumonia (J09-J18),GR130-055,2009,2009,253,4130665,0.06
,#Influenza and pneumonia (J09-J18),GR130-055,2010,2010,195,3999386,0.05
,#Influenza and pneumonia (J09-J18),GR130-055,2011,2011,205,3953590,0.05
,#Influenza and pneumonia (J09-J18),GR130-055,2012,2012,159,3952841,0.04
,#Influenza and pneumonia (J09-J18),GR130-055,2013,2013,179,3932181,0.05
,#Influenza and pneumonia (J09-J18),GR130-055,2014,2014,186,3988076,0.05
,#Influenza and pneumonia (J09-J18),GR130-055,2015,2015,173,3978497,0.04
,#Influenza and pneumonia (J09-J18),GR130-055,2016,2016,164,3945875,0.04
,#Influenza and pneumonia (J09-J18),GR130-055,2017,2017,158,3855500,0.04
,#Influenza and pneumonia (J09-J18),GR130-055,2018,2018,174,3791712,0.05
,#Influenza and pneumonia (J09-J18),GR130-055,2019,2019,155,3747540,0.04
,#Influenza and pneumonia (J09-J18),GR130-055,2020,2020,124,3613647,0.03
,#Influenza and pneumonia (J09-J18),GR130-055,2021,2021,126,3664292,0.03
,#Influenza and pneumonia (J09-J18),GR130-055,2022,2022,153,3667758,0.04
,#Influenza and pneumonia (J09-J18),GR130-055,2023,2023,146,3596017,0.04
,Influenza (J09-J11),GR130-056,2007,2007,13,4316233,0.00 (Unreliable)
,Influenza (J09-J11),GR130-056,2008,2008,16,4247726,0.00 (Unreliable)
,Influenza (J09-J11),GR130-056,2009,2009,44,4130665,0.01
,Influenza (J09-J11),GR130-056,2010,2010,15,3999386,0.00 (Unreliable)
,Influenza (J09-J11),GR130-056,2011,2011,24,3953590,0.01
,Influenza (J09-J11),GR130-056,2012,2012,12,3952841,0.00 (Unreliable)
,Influenza (J09-J11),GR130-056,2013,2013,20,3932181,0.01
,Influenza (J09-J11),GR130-056,2014,2014,30,3988076,0.01
,Influenza (J09-J11),GR130-056,2015,2015,17,3978497,0.00 (Unreliable)
,Influenza (J09-J11),GR130-056,2016,2016,12,3945875,0.00 (Unreliable)
,Influenza (J09-J11),GR130-056,2017,2017,12,3855500,0.00 (Unreliable)
,Influenza (J09-J11),GR130-056,2018,2018,19,3791712,0.01 (Unreliable)
,Influenza (J09-J11),GR130-056,2019,2019,24,3747540,0.01
,Influenza (J09-J11),GR130-056,2020,2020,14,3613647,0.00 (Unreliable)
,Influenza (J09-J11),GR130-056,2021,2021,Suppressed,3664292,Suppressed
,Influenza (J09-J11),GR130-056,2022,2022,12,3667758,0.00 (Unreliable)
,Influenza (J09-J11),GR130-056,2023,2023,15,3596017,0.00 (Unreliable)
,Pneumonia (J12-J18),GR130-057,2007,2007,205,4316233,0.05
,Pneumonia (J12-J18),GR130-057,2008,2008,209,4247726,0.05
,Pneumonia (J12-J18),GR130-057,2009,2009,209,4130665,0.05
,Pneumonia (J12-J18),GR130-057,2010,2010,180,3999386,0.05
,Pneumonia (J12-J18),GR130-057,2011,2011,181,3953590,0.05
,Pneumonia (J12-J18),GR130-057,2012,2012,147,3952841,0.04
,Pneumonia (J12-J18),GR130-057,2013,2013,159,3932181,0.04
,Pneumonia (J12-J18),GR130-057,2014,2014,156,3988076,0.04
,Pneumonia (J12-J18),GR130-057,2015,2015,156,3978497,0.04
,Pneumonia (J12-J18),GR130-057,2016,2016,151,3945875,0.04
,Pneumonia (J12-J18),GR130-057,2017,2017,146,3855500,0.04
,Pneumonia (J12-J18),GR130-057,2018,2018,155,3791712,0.04
,Pneumonia (J12-J18),GR130-057,2019,2019,131,3747540,0.03
,Pneumonia (J12-J18),GR130-057,2020,2020,110,3613647,0.03
,Pneumonia (J12-J18),GR130-057,2021,2021,121,3664292,0.03
,Pneumonia (J12-J18),GR130-057,2022,2022,141,3667758,0.04
,Pneumonia (J12-J18),GR130-057,2023,2023,131,3596017,0.04
,#Acute bronchitis and acute bronchiolitis (J20-J21),GR130-058,2007,2007,46,4316233,0.01
,#Acute bronchitis and acute bronchiolitis (J20-J21),GR130-058,2008,2008,44,4247726,0.01
,#Acute bronchitis and acute bronchiolitis (J20-J21),GR130-058,2009,2009,46,4130665,0.01
,#Acute bronchitis and acute bronchiolitis (J20-J21),GR130-058,2010,2010,25,3999386,0.01
,#Acute bronchitis and acute bronchiolitis (J20-J21),GR130-058,2011,2011,37,3953590,0.01
,#Acute bronchitis and acute bronchiolitis (J20-J21),GR130-058,2012,2012,40,3952841,0.01
,#Acute bronchitis and acute bronchiolitis (J20-J21),GR130-058,2013,2013,29,3932181,0.01
,#Acute bronchitis and acute bronchiolitis (J20-J21),GR130-058,2014,2014,36,3988076,0.01
,#Acute bronchitis and acute bronchiolitis (J20-J21),GR130-058,2015,2015,50,3978497,0.01
,#Acute bronchitis and acute bronchiolitis (J20-J21),GR130-058,2016,2016,37,3945875,0.01
,#Acute bronchitis and acute bronchiolitis (J20-J21),GR130-058,2017,2017,42,3855500,0.01
,#Acute bronchitis and acute bronchiolitis (J20-J21),GR130-058,2018,2018,34,3791712,0.01
,#Acute bronchitis and acute bronchiolitis (J20-J21),GR130-058,2019,2019,42,3747540,0.01
,#Acute bronchitis and acute bronchiolitis (J20-J21),GR130-058,2020,2020,12,3613647,0.00 (Unreliable)
,#Acute bronchitis and acute bronchiolitis (J20-J21),GR130-058,2021,2021,27,3664292,0.01
,#Acute bronchitis and acute bronchiolitis (J20-J21),GR130-058,2022,2022,40,3667758,0.01
,#Acute bronchitis and acute bronchiolitis (J20-J21),GR130-058,2023,2023,20,3596017,0.01
,"#Bronchitis, chronic and unspecified (J40-J42)",GR130-059,2007,2007,24,4316233,0.01
,"#Bronchitis, chronic and unspecified (J40-J42)",GR130-059,2008,2008,23,4247726,0.01
,"#Bronchitis, chronic and unspecified (J40-J42)",GR130-059,2009,2009,12,4130665,0.00 (Unreliable)
,"#Bronchitis, chronic and unspecified (J40-J42)",GR130-059,2010,2010,26,3999386,0.01
,"#Bronchitis, chronic and unspecified (J40-J42)",GR130-059,2011,2011,23,3953590,0.01
,"#Bronchitis, chronic and unspecified (J40-J42)",GR130-059,2012,2012,14,3952841,0.00 (Unreliable)
,"#Bronchitis, chronic and unspecified (J40-J42)",GR130-059,2013,2013,20,3932181,0.01
,"#Bronchitis, chronic and unspecified (J40-J42)",GR130-059,2014,2014,13,3988076,0.00 (Unreliable)
,"#Bronchitis, chronic and unspecified (J40-J42)",GR130-059,2015,2015,19,3978497,0.00 (Unreliable)
,"#Bronchitis, chronic and unspecified (J40-J42)",GR130-059,2016,2016,23,3945875,0.01
,"#Bronchitis, chronic and unspecified (J40-J42)",GR130-059,2017,2017,11,3855500,0.00 (Unreliable)
,"#Bronchitis, chronic and unspecified (J40-J42)",GR130-059,2018,2018,10,3791712,0.00 (Unreliable)
,"#Bronchitis, chronic and unspecified (J40-J42)",GR130-059,2019,2019,10,3747540,0.00 (Unreliable)
,"#Bronchitis, chronic and unspecified (J40-J42)",GR130-059,2020,2020,Suppressed,3613647,Suppressed
,"#Bronchitis, chronic and unspecified (J40-J42)",GR130-059,2021,2021,Suppressed,3664292,Suppressed
,"#Bronchitis, chronic and unspecified (J40-J42)",GR130-059,2022,2022,Suppressed,3667758,Suppressed
,"#Bronchitis, chronic and unspecified (J40-J42)",GR130-059,2023,2023,Suppressed,3596017,Suppressed
,#Asthma (J45-J46),GR130-060,2007,2007,Suppressed,4316233,Suppressed
,#Asthma (J45-J46),GR130-060,2008,2008,Suppressed,4247726,Suppressed
,#Asthma (J45-J46),GR130-060,2009,2009,Suppressed,4130665,Suppressed
,#Asthma (J45-J46),GR130-060,2010,2010,Suppressed,3999386,Suppressed
,#Asthma (J45-J46),GR130-060,2011,2011,Suppressed,3953590,Suppressed
,#Asthma (J45-J46),GR130-060,2012,2012,Suppressed,3952841,Suppressed
,#Asthma (J45-J46),GR130-060,2013,2013,Suppressed,3932181,Suppressed
,#Asthma (J45-J46),GR130-060,2014,2014,Suppressed,3988076,Suppressed
,#Asthma (J45-J46),GR130-060,2015,2015,Suppressed,3978497,Suppressed
,#Asthma (J45-J46),GR130-060,2016,2016,Suppressed,3945875,Suppressed
,#Asthma (J45-J46),GR130-060,2017,2017,Suppressed,3855500,Suppressed
,#Asthma (J45-J46),GR130-060,2018,2018,Suppressed,3791712,Suppressed
,#Asthma (J45-J46),GR130-060,2019,2019,Suppressed,3747540,Suppressed
,#Asthma (J45-J46),GR130-060,2020,2020,Suppressed,3613647,Suppressed
,#Asthma (J45-J46),GR130-060,2021,2021,Suppressed,3664292,Suppressed
,#Asthma (J45-J46),GR130-060,2022,2022,Suppressed,3667758,Suppressed
,#Asthma (J45-J46),GR130-060,2023,2023,Suppressed,3596017,Suppressed
,#Pneumonitis due to solids and liquids (J69),GR130-061,2007,2007,10,4316233,0.00 (Unreliable)
,#Pneumonitis due to solids and liquids (J69),GR130-061,2008,2008,11,4247726,0.00 (Unreliable)
,#Pneumonitis due to solids and liquids (J69),GR130-061,2009,2009,Suppressed,4130665,Suppressed
,#Pneumonitis due to solids and liquids (J69),GR130-061,2010,2010,17,3999386,0.00 (Unreliable)
,#Pneumonitis due to solids and liquids (J69),GR130-061,2011,2011,Suppressed,3953590,Suppressed
,#Pneumonitis due to solids and liquids (J69),GR130-061,2012,2012,10,3952841,0.00 (Unreliable)
,#Pneumonitis due to solids and liquids (J69),GR130-061,2013,2013,16,3932181,0.00 (Unreliable)
,#Pneumonitis due to solids and liquids (J69),GR130-061,2014,2014,Suppressed,3988076,Suppressed
,#Pneumonitis due to solids and liquids (J69),GR130-061,2015,2015,Suppressed,3978497,Suppressed
,#Pneumonitis due to solids and liquids (J69),GR130-061,2016,2016,12,3945875,0.00 (Unreliable)
,#Pneumonitis due to solids and liquids (J69),GR130-061,2017,2017,Suppressed,3855500,Suppressed
,#Pneumonitis due to solids and liquids (J69),GR130-061,2018,2018,Suppressed,3791712,Suppressed
,#Pneumonitis due to solids and liquids (J69),GR130-061,2019,2019,Suppressed,3747540,Suppressed
,#Pneumonitis due to solids and liquids (J69),GR130-061,2020,2020,Suppressed,3613647,Suppressed
,#Pneumonitis due to solids and liquids (J69),GR130-061,2021,2021,Suppressed,3664292,Suppressed
,#Pneumonitis due to solids and liquids (J69),GR130-061,2022,2022,Suppressed,3667758,Suppressed
,#Pneumonitis due to solids and liquids (J69),GR130-061,2023,2023,Suppressed,3596017,Suppressed
,"Other and unspecified diseases of respiratory system (J22,J30-J39,J43-J44,J47-J68,J70-J98,U04)",GR130-062,2007,2007,318,4316233,0.07
,"Other and unspecified diseases of respiratory system (J22,J30-J39,J43-J44,J47-J68,J70-J98,U04)",GR130-062,2008,2008,258,4247726,0.06
,"Other and unspecified diseases of respiratory system (J22,J30-J39,J43-J44,J47-J68,J70-J98,U04)",GR130-062,2009,2009,257,4130665,0.06
,"Other and unspecified diseases of respiratory system (J22,J30-J39,J43-J44,J47-J68,J70-J98,U04)",GR130-062,2010,2010,289,3999386,0.07
,"Other and unspecified diseases of respiratory system (J22,J30-J39,J43-J44,J47-J68,J70-J98,U04)",GR130-062,2011,2011,298,3953590,0.08
,"Other and unspecified diseases of respiratory system (J22,J30-J39,J43-J44,J47-J68,J70-J98,U04)",GR130-062,2012,2012,264,3952841,0.07
,"Other and unspecified diseases of respiratory system (J22,J30-J39,J43-J44,J47-J68,J70-J98,U04)",GR130-062,2013,2013,263,3932181,0.07
,"Other and unspecified diseases of respiratory system (J22,J30-J39,J43-J44,J47-J68,J70-J98,U04)",GR130-062,2014,2014,258,3988076,0.06
,"Other and unspecified diseases of respiratory system (J22,J30-J39,J43-J44,J47-J68,J70-J98,U04)",GR130-062,2015,2015,268,3978497,0.07
,"Other and unspecified diseases of respiratory system (J22,J30-J39,J43-J44,J47-J68,J70-J98,U04)",GR130-062,2016,2016,282,3945875,0.07
,"Other and unspecified diseases of respiratory system (J22,J30-J39,J43-J44,J47-J68,J70-J98,U04)",GR130-062,2017,2017,209,3855500,0.05
,"Other and unspecified diseases of respiratory system (J22,J30-J39,J43-J44,J47-J68,J70-J98,U04)",GR130-062,2018,2018,179,3791712,0.05
,"Other and unspecified diseases of respiratory system (J22,J30-J39,J43-J44,J47-J68,J70-J98,U04)",GR130-062,2019,2019,200,3747540,0.05
,"Other and unspecified diseases of respiratory system (J22,J30-J39,J43-J44,J47-J68,J70-J98,U04)",GR130-062,2020,2020,154,3613647,0.04
,"Other and unspecified diseases of respiratory system (J22,J30-J39,J43-J44,J47-J68,J70-J98,U04)",GR130-062,2021,2021,170,3664292,0.05
,"Other and unspecified diseases of respiratory system (J22,J30-J39,J43-J44,J47-J68,J70-J98,U04)",GR130-062,2022,2022,174,3667758,0.05
,"Other and unspecified diseases of respiratory system (J22,J30-J39,J43-J44,J47-J68,J70-J98,U04)",GR130-062,2023,2023,149,3596017,0.04
,Diseases of the digestive system (K00-K92),GR130-063,2007,2007,677,4316233,0.16
,Diseases of the digestive system (K00-K92),GR130-063,2008,2008,581,4247726,0.14
,Diseases of the digestive system (K00-K92),GR130-063,2009,2009,219,4130665,0.05
,Diseases of the digestive system (K00-K92),GR130-063,2010,2010,205,3999386,0.05
,Diseases of the digestive system (K00-K92),GR130-063,2011,2011,191,3953590,0.05
,Diseases of the digestive system (K00-K92),GR130-063,2012,2012,179,3952841,0.05
,Diseases of the digestive system (K00-K92),GR130-063,2013,2013,175,3932181,0.04
,Diseases of the digestive system (K00-K92),GR130-063,2014,2014,177,3988076,0.04
,Diseases of the digestive system (K00-K92),GR130-063,2015,2015,187,3978497,0.05
,Diseases of the digestive system (K00-K92),GR130-063,2016,2016,182,3945875,0.05
,Diseases of the digestive system (K00-K92),GR130-063,2017,2017,169,3855500,0.04
,Diseases of the digestive system (K00-K92),GR130-063,2018,2018,170,3791712,0.04
,Diseases of the digestive system (K00-K92),GR130-063,2019,2019,169,3747540,0.05
,Diseases of the digestive system (K00-K92),GR130-063,2020,2020,166,3613647,0.05
,Diseases of the digestive system (K00-K92),GR130-063,2021,2021,165,3664292,0.05
,Diseases of the digestive system (K00-K92),GR130-063,2022,2022,139,3667758,0.04
,Diseases of the digestive system (K00-K92),GR130-063,2023,2023,166,3596017,0.05
,"#Gastritis, duodenitis, and noninfective enteritis and colitis (K29,K50-K55)",GR130-064,2007,2007,415,4316233,0.1
,"#Gastritis, duodenitis, and noninfective enteritis and colitis (K29,K50-K55)",GR130-064,2008,2008,354,4247726,0.08
,"#Gastritis, duodenitis, and noninfective enteritis and colitis (K29,K50-K55)",GR130-064,2009,2009,30,4130665,0.01
,"#Gastritis, duodenitis, and noninfective enteritis and colitis (K29,K50-K55)",GR130-064,2010,2010,29,3999386,0.01
,"#Gastritis, duodenitis, and noninfective enteritis and colitis (K29,K50-K55)",GR130-064,2011,2011,37,3953590,0.01
,"#Gastritis, duodenitis, and noninfective enteritis and colitis (K29,K50-K55)",GR130-064,2012,2012,29,3952841,0.01
,"#Gastritis, duodenitis, and noninfective enteritis and colitis (K29,K50-K55)",GR130-064,2013,2013,40,3932181,0.01
,"#Gastritis, duodenitis, and noninfective enteritis and colitis (K29,K50-K55)",GR130-064,2014,2014,26,3988076,0.01
,"#Gastritis, duodenitis, and noninfective enteritis and colitis (K29,K50-K55)",GR130-064,2015,2015,30,3978497,0.01
,"#Gastritis, duodenitis, and noninfective enteritis and colitis (K29,K50-K55)",GR130-064,2016,2016,31,3945875,0.01
,"#Gastritis, duodenitis, and noninfective enteritis and colitis (K29,K50-K55)",GR130-064,2017,2017,22,3855500,0.01
,"#Gastritis, duodenitis, and noninfective enteritis and colitis (K29,K50-K55)",GR130-064,2018,2018,27,3791712,0.01
,"#Gastritis, duodenitis, and noninfective enteritis and colitis (K29,K50-K55)",GR130-064,2019,2019,36,3747540,0.01
,"#Gastritis, duodenitis, and noninfective enteritis and colitis (K29,K50-K55)",GR130-064,2020,2020,21,3613647,0.01
,"#Gastritis, duodenitis, and noninfective enteritis and colitis (K29,K50-K55)",GR130-064,2021,2021,27,3664292,0.01
,"#Gastritis, duodenitis, and noninfective enteritis and colitis (K29,K50-K55)",GR130-064,2022,2022,31,3667758,0.01
,"#Gastritis, duodenitis, and noninfective enteritis and colitis (K29,K50-K55)",GR130-064,2023,2023,23,3596017,0.01
,"#Hernia of abdominal cavity and intestinal obstruction without hernia (K40-K46,K56)",GR130-065,2007,2007,69,4316233,0.02
,"#Hernia of abdominal cavity and intestinal obstruction without hernia (K40-K46,K56)",GR130-065,2008,2008,47,4247726,0.01
,"#Hernia of abdominal cavity and intestinal obstruction without hernia (K40-K46,K56)",GR130-065,2009,2009,49,4130665,0.01
,"#Hernia of abdominal cavity and intestinal obstruction without hernia (K40-K46,K56)",GR130-065,2010,2010,52,3999386,0.01
,"#Hernia of abdominal cavity and intestinal obstruction without hernia (K40-K46,K56)",GR130-065,2011,2011,48,3953590,0.01
,"#Hernia of abdominal cavity and intestinal obstruction without hernia (K40-K46,K56)",GR130-065,2012,2012,51,3952841,0.01
,"#Hernia of abdominal cavity and intestinal obstruction without hernia (K40-K46,K56)",GR130-065,2013,2013,42,3932181,0.01
,"#Hernia of abdominal cavity and intestinal obstruction without hernia (K40-K46,K56)",GR130-065,2014,2014,45,3988076,0.01
,"#Hernia of abdominal cavity and intestinal obstruction without hernia (K40-K46,K56)",GR130-065,2015,2015,52,3978497,0.01
,"#Hernia of abdominal cavity and intestinal obstruction without hernia (K40-K46,K56)",GR130-065,2016,2016,42,3945875,0.01
,"#Hernia of abdominal cavity and intestinal obstruction without hernia (K40-K46,K56)",GR130-065,2017,2017,34,3855500,0.01
,"#Hernia of abdominal cavity and intestinal obstruction without hernia (K40-K46,K56)",GR130-065,2018,2018,41,3791712,0.01
,"#Hernia of abdominal cavity and intestinal obstruction without hernia (K40-K46,K56)",GR130-065,2019,2019,38,3747540,0.01
,"#Hernia of abdominal cavity and intestinal obstruction without hernia (K40-K46,K56)",GR130-065,2020,2020,38,3613647,0.01
,"#Hernia of abdominal cavity and intestinal obstruction without hernia (K40-K46,K56)",GR130-065,2021,2021,48,3664292,0.01
,"#Hernia of abdominal cavity and intestinal obstruction without hernia (K40-K46,K56)",GR130-065,2022,2022,31,3667758,0.01
,"#Hernia of abdominal cavity and intestinal obstruction without hernia (K40-K46,K56)",GR130-065,2023,2023,41,3596017,0.01
,"All other and unspecified diseases of digestive system (K00-K28,K30-K38,K57-K92)",GR130-066,2007,2007,193,4316233,0.04
,"All other and unspecified diseases of digestive system (K00-K28,K30-K38,K57-K92)",GR130-066,2008,2008,180,4247726,0.04
,"All other and unspecified diseases of digestive system (K00-K28,K30-K38,K57-K92)",GR130-066,2009,2009,140,4130665,0.03
,"All other and unspecified diseases of digestive system (K00-K28,K30-K38,K57-K92)",GR130-066,2010,2010,124,3999386,0.03
,"All other and unspecified diseases of digestive system (K00-K28,K30-K38,K57-K92)",GR130-066,2011,2011,106,3953590,0.03
,"All other and unspecified diseases of digestive system (K00-K28,K30-K38,K57-K92)",GR130-066,2012,2012,99,3952841,0.03
,"All other and unspecified diseases of digestive system (K00-K28,K30-K38,K57-K92)",GR130-066,2013,2013,92,3932181,0.02
,"All other and unspecified diseases of digestive system (K00-K28,K30-K38,K57-K92)",GR130-066,2014,2014,105,3988076,0.03
,"All other and unspecified diseases of digestive system (K00-K28,K30-K38,K57-K92)",GR130-066,2015,2015,104,3978497,0.03
,"All other and unspecified diseases of digestive system (K00-K28,K30-K38,K57-K92)",GR130-066,2016,2016,109,3945875,0.03
,"All other and unspecified diseases of digestive system (K00-K28,K30-K38,K57-K92)",GR130-066,2017,2017,112,3855500,0.03
,"All other and unspecified diseases of digestive system (K00-K28,K30-K38,K57-K92)",GR130-066,2018,2018,101,3791712,0.03
,"All other and unspecified diseases of digestive system (K00-K28,K30-K38,K57-K92)",GR130-066,2019,2019,94,3747540,0.03
,"All other and unspecified diseases of digestive system (K00-K28,K30-K38,K57-K92)",GR130-066,2020,2020,106,3613647,0.03
,"All other and unspecified diseases of digestive system (K00-K28,K30-K38,K57-K92)",GR130-066,2021,2021,90,3664292,0.02
,"All other and unspecified diseases of digestive system (K00-K28,K30-K38,K57-K92)",GR130-066,2022,2022,76,3667758,0.02
,"All other and unspecified diseases of digestive system (K00-K28,K30-K38,K57-K92)",GR130-066,2023,2023,102,3596017,0.03
,Diseases of the genitourinary system (N00-N95),GR130-067,2007,2007,168,4316233,0.04
,Diseases of the genitourinary system (N00-N95),GR130-067,2008,2008,170,4247726,0.04
,Diseases of the genitourinary system (N00-N95),GR130-067,2009,2009,128,4130665,0.03
,Diseases of the genitourinary system (N00-N95),GR130-067,2010,2010,125,3999386,0.03
,Diseases of the genitourinary system (N00-N95),GR130-067,2011,2011,92,3953590,0.02
,Diseases of the genitourinary system (N00-N95),GR130-067,2012,2012,102,3952841,0.03
,Diseases of the genitourinary system (N00-N95),GR130-067,2013,2013,100,3932181,0.03
,Diseases of the genitourinary system (N00-N95),GR130-067,2014,2014,103,3988076,0.03
,Diseases of the genitourinary system (N00-N95),GR130-067,2015,2015,99,3978497,0.02
,Diseases of the genitourinary system (N00-N95),GR130-067,2016,2016,81,3945875,0.02
,Diseases of the genitourinary system (N00-N95),GR130-067,2017,2017,100,3855500,0.03
,Diseases of the genitourinary system (N00-N95),GR130-067,2018,2018,94,3791712,0.02
,Diseases of the genitourinary system (N00-N95),GR130-067,2019,2019,78,3747540,0.02
,Diseases of the genitourinary system (N00-N95),GR130-067,2020,2020,62,3613647,0.02
,Diseases of the genitourinary system (N00-N95),GR130-067,2021,2021,77,3664292,0.02
,Diseases of the genitourinary system (N00-N95),GR130-067,2022,2022,54,3667758,0.01
,Diseases of the genitourinary system (N00-N95),GR130-067,2023,2023,38,3596017,0.01
,"#Renal failure and other disorders of kidney (N17-N19,N25,N27)",GR130-068,2007,2007,136,4316233,0.03
,"#Renal failure and other disorders of kidney (N17-N19,N25,N27)",GR130-068,2008,2008,140,4247726,0.03
,"#Renal failure and other disorders of kidney (N17-N19,N25,N27)",GR130-068,2009,2009,106,4130665,0.03
,"#Renal failure and other disorders of kidney (N17-N19,N25,N27)",GR130-068,2010,2010,99,3999386,0.02
,"#Renal failure and other disorders of kidney (N17-N19,N25,N27)",GR130-068,2011,2011,72,3953590,0.02
,"#Renal failure and other disorders of kidney (N17-N19,N25,N27)",GR130-068,2012,2012,78,3952841,0.02
,"#Renal failure and other disorders of kidney (N17-N19,N25,N27)",GR130-068,2013,2013,81,3932181,0.02
,"#Renal failure and other disorders of kidney (N17-N19,N25,N27)",GR130-068,2014,2014,83,3988076,0.02
,"#Renal failure and other disorders of kidney (N17-N19,N25,N27)",GR130-068,2015,2015,82,3978497,0.02
,"#Renal failure and other disorders of kidney (N17-N19,N25,N27)",GR130-068,2016,2016,57,3945875,0.01
,"#Renal failure and other disorders of kidney (N17-N19,N25,N27)",GR130-068,2017,2017,72,3855500,0.02
,"#Renal failure and other disorders of kidney (N17-N19,N25,N27)",GR130-068,2018,2018,68,3791712,0.02
,"#Renal failure and other disorders of kidney (N17-N19,N25,N27)",GR130-068,2019,2019,57,3747540,0.02
,"#Renal failure and other disorders of kidney (N17-N19,N25,N27)",GR130-068,2020,2020,42,3613647,0.01
,"#Renal failure and other disorders of kidney (N17-N19,N25,N27)",GR130-068,2021,2021,42,3664292,0.01
,"#Renal failure and other disorders of kidney (N17-N19,N25,N27)",GR130-068,2022,2022,35,3667758,0.01
,"#Renal failure and other disorders of kidney (N17-N19,N25,N27)",GR130-068,2023,2023,30,3596017,0.01
,"Other and unspecified diseases of genitourinary system (N00-N15,N20-N23,N26,N28-N95)",GR130-069,2007,2007,31,4316233,0.01
,"Other and unspecified diseases of genitourinary system (N00-N15,N20-N23,N26,N28-N95)",GR130-069,2008,2008,30,4247726,0.01
,"Other and unspecified diseases of genitourinary system (N00-N15,N20-N23,N26,N28-N95)",GR130-069,2009,2009,22,4130665,0.01
,"Other and unspecified diseases of genitourinary system (N00-N15,N20-N23,N26,N28-N95)",GR130-069,2010,2010,26,3999386,0.01
,"Other and unspecified diseases of genitourinary system (N00-N15,N20-N23,N26,N28-N95)",GR130-069,2011,2011,20,3953590,0.01
,"Other and unspecified diseases of genitourinary system (N00-N15,N20-N23,N26,N28-N95)",GR130-069,2012,2012,24,3952841,0.01
,"Other and unspecified diseases of genitourinary system (N00-N15,N20-N23,N26,N28-N95)",GR130-069,2013,2013,19,3932181,0.00 (Unreliable)
,"Other and unspecified diseases of genitourinary system (N00-N15,N20-N23,N26,N28-N95)",GR130-069,2014,2014,19,3988076,0.00 (Unreliable)
,"Other and unspecified diseases of genitourinary system (N00-N15,N20-N23,N26,N28-N95)",GR130-069,2015,2015,17,3978497,0.00 (Unreliable)
,"Other and unspecified diseases of genitourinary system (N00-N15,N20-N23,N26,N28-N95)",GR130-069,2016,2016,24,3945875,0.01
,"Other and unspecified diseases of genitourinary system (N00-N15,N20-N23,N26,N28-N95)",GR130-069,2017,2017,28,3855500,0.01
,"Other and unspecified diseases of genitourinary system (N00-N15,N20-N23,N26,N28-N95)",GR130-069,2018,2018,26,3791712,0.01
,"Other and unspecified diseases of genitourinary system (N00-N15,N20-N23,N26,N28-N95)",GR130-069,2019,2019,21,3747540,0.01
,"Other and unspecified diseases of genitourinary system (N00-N15,N20-N23,N26,N28-N95)",GR130-069,2020,2020,20,3613647,0.01
,"Other and unspecified diseases of genitourinary system (N00-N15,N20-N23,N26,N28-N95)",GR130-069,2021,2021,34,3664292,0.01
,"Other and unspecified diseases of genitourinary system (N00-N15,N20-N23,N26,N28-N95)",GR130-069,2022,2022,18,3667758,0.00 (Unreliable)
,"Other and unspecified diseases of genitourinary system (N00-N15,N20-N23,N26,N28-N95)",GR130-069,2023,2023,Suppressed,3596017,Suppressed
,Certain conditions originating in the perinatal period (P00-P96),GR130-070,2007,2007,14483,4316233,3.36
,Certain conditions originating in the perinatal period (P00-P96),GR130-070,2008,2008,13810,4247726,3.25
,Certain conditions originating in the perinatal period (P00-P96),GR130-070,2009,2009,12981,4130665,3.14
,Certain conditions originating in the perinatal period (P00-P96),GR130-070,2010,2010,12007,3999386,3
,Certain conditions originating in the perinatal period (P00-P96),GR130-070,2011,2011,11957,3953590,3.02
,Certain conditions originating in the perinatal period (P00-P96),GR130-070,2012,2012,11821,3952841,2.99
,Certain conditions originating in the perinatal period (P00-P96),GR130-070,2013,2013,11962,3932181,3.04
,Certain conditions originating in the perinatal period (P00-P96),GR130-070,2014,2014,11806,3988076,2.96
,Certain conditions originating in the perinatal period (P00-P96),GR130-070,2015,2015,11623,3978497,2.92
,Certain conditions originating in the perinatal period (P00-P96),GR130-070,2016,2016,11381,3945875,2.88
,Certain conditions originating in the perinatal period (P00-P96),GR130-070,2017,2017,11013,3855500,2.86
,Certain conditions originating in the perinatal period (P00-P96),GR130-070,2018,2018,10592,3791712,2.79
,Certain conditions originating in the perinatal period (P00-P96),GR130-070,2019,2019,10316,3747540,2.75
,Certain conditions originating in the perinatal period (P00-P96),GR130-070,2020,2020,9565,3613647,2.65
,Certain conditions originating in the perinatal period (P00-P96),GR130-070,2021,2021,9449,3664292,2.58
,Certain conditions originating in the perinatal period (P00-P96),GR130-070,2022,2022,10073,3667758,2.75
,Certain conditions originating in the perinatal period (P00-P96),GR130-070,2023,2023,9907,3596017,2.75
,"Newborn affected by maternal factors and by complications of pregnancy, labor and delivery (P00-P04)",GR130-071,2007,2007,3255,4316233,0.75
,"Newborn affected by maternal factors and by complications of pregnancy, labor and delivery (P00-P04)",GR130-071,2008,2008,3166,4247726,0.75
,"Newborn affected by maternal factors and by complications of pregnancy, labor and delivery (P00-P04)",GR130-071,2009,2009,2958,4130665,0.72
,"Newborn affected by maternal factors and by complications of pregnancy, labor and delivery (P00-P04)",GR130-071,2010,2010,2900,3999386,0.73
,"Newborn affected by maternal factors and by complications of pregnancy, labor and delivery (P00-P04)",GR130-071,2011,2011,2904,3953590,0.73
,"Newborn affected by maternal factors and by complications of pregnancy, labor and delivery (P00-P04)",GR130-071,2012,2012,2833,3952841,0.72
,"Newborn affected by maternal factors and by complications of pregnancy, labor and delivery (P00-P04)",GR130-071,2013,2013,2868,3932181,0.73
,"Newborn affected by maternal factors and by complications of pregnancy, labor and delivery (P00-P04)",GR130-071,2014,2014,2842,3988076,0.71
,"Newborn affected by maternal factors and by complications of pregnancy, labor and delivery (P00-P04)",GR130-071,2015,2015,2783,3978497,0.7
,"Newborn affected by maternal factors and by complications of pregnancy, labor and delivery (P00-P04)",GR130-071,2016,2016,2568,3945875,0.65
,"Newborn affected by maternal factors and by complications of pregnancy, labor and delivery (P00-P04)",GR130-071,2017,2017,2555,3855500,0.66
,"Newborn affected by maternal factors and by complications of pregnancy, labor and delivery (P00-P04)",GR130-071,2018,2018,2395,3791712,0.63
,"Newborn affected by maternal factors and by complications of pregnancy, labor and delivery (P00-P04)",GR130-071,2019,2019,2235,3747540,0.6
,"Newborn affected by maternal factors and by complications of pregnancy, labor and delivery (P00-P04)",GR130-071,2020,2020,2103,3613647,0.58
,"Newborn affected by maternal factors and by complications of pregnancy, labor and delivery (P00-P04)",GR130-071,2021,2021,2056,3664292,0.56
,"Newborn affected by maternal factors and by complications of pregnancy, labor and delivery (P00-P04)",GR130-071,2022,2022,2197,3667758,0.6
,"Newborn affected by maternal factors and by complications of pregnancy, labor and delivery (P00-P04)",GR130-071,2023,2023,2027,3596017,0.56
,#Newborn affected by maternal hypertensive disorders (P00.0),GR130-072,2007,2007,88,4316233,0.02
,#Newborn affected by maternal hypertensive disorders (P00.0),GR130-072,2008,2008,85,4247726,0.02
,#Newborn affected by maternal hypertensive disorders (P00.0),GR130-072,2009,2009,82,4130665,0.02
,#Newborn affected by maternal hypertensive disorders (P00.0),GR130-072,2010,2010,82,3999386,0.02
,#Newborn affected by maternal hypertensive disorders (P00.0),GR130-072,2011,2011,84,3953590,0.02
,#Newborn affected by maternal hypertensive disorders (P00.0),GR130-072,2012,2012,61,3952841,0.02
,#Newborn affected by maternal hypertensive disorders (P00.0),GR130-072,2013,2013,70,3932181,0.02
,#Newborn affected by maternal hypertensive disorders (P00.0),GR130-072,2014,2014,69,3988076,0.02
,#Newborn affected by maternal hypertensive disorders (P00.0),GR130-072,2015,2015,87,3978497,0.02
,#Newborn affected by maternal hypertensive disorders (P00.0),GR130-072,2016,2016,64,3945875,0.02
,#Newborn affected by maternal hypertensive disorders (P00.0),GR130-072,2017,2017,54,3855500,0.01
,#Newborn affected by maternal hypertensive disorders (P00.0),GR130-072,2018,2018,63,3791712,0.02
,#Newborn affected by maternal hypertensive disorders (P00.0),GR130-072,2019,2019,67,3747540,0.02
,#Newborn affected by maternal hypertensive disorders (P00.0),GR130-072,2020,2020,55,3613647,0.02
,#Newborn affected by maternal hypertensive disorders (P00.0),GR130-072,2021,2021,52,3664292,0.01
,#Newborn affected by maternal hypertensive disorders (P00.0),GR130-072,2022,2022,61,3667758,0.02
,#Newborn affected by maternal hypertensive disorders (P00.0),GR130-072,2023,2023,54,3596017,0.02
,#Newborn affected by other maternal conditions which may be unrelated to present pregnancy (P00.1-P00.9),GR130-073,2007,2007,91,4316233,0.02
,#Newborn affected by other maternal conditions which may be unrelated to present pregnancy (P00.1-P00.9),GR130-073,2008,2008,87,4247726,0.02
,#Newborn affected by other maternal conditions which may be unrelated to present pregnancy (P00.1-P00.9),GR130-073,2009,2009,91,4130665,0.02
,#Newborn affected by other maternal conditions which may be unrelated to present pregnancy (P00.1-P00.9),GR130-073,2010,2010,83,3999386,0.02
,#Newborn affected by other maternal conditions which may be unrelated to present pregnancy (P00.1-P00.9),GR130-073,2011,2011,64,3953590,0.02
,#Newborn affected by other maternal conditions which may be unrelated to present pregnancy (P00.1-P00.9),GR130-073,2012,2012,90,3952841,0.02
,#Newborn affected by other maternal conditions which may be unrelated to present pregnancy (P00.1-P00.9),GR130-073,2013,2013,84,3932181,0.02
,#Newborn affected by other maternal conditions which may be unrelated to present pregnancy (P00.1-P00.9),GR130-073,2014,2014,89,3988076,0.02
,#Newborn affected by other maternal conditions which may be unrelated to present pregnancy (P00.1-P00.9),GR130-073,2015,2015,87,3978497,0.02
,#Newborn affected by other maternal conditions which may be unrelated to present pregnancy (P00.1-P00.9),GR130-073,2016,2016,82,3945875,0.02
,#Newborn affected by other maternal conditions which may be unrelated to present pregnancy (P00.1-P00.9),GR130-073,2017,2017,89,3855500,0.02
,#Newborn affected by other maternal conditions which may be unrelated to present pregnancy (P00.1-P00.9),GR130-073,2018,2018,85,3791712,0.02
,#Newborn affected by other maternal conditions which may be unrelated to present pregnancy (P00.1-P00.9),GR130-073,2019,2019,72,3747540,0.02
,#Newborn affected by other maternal conditions which may be unrelated to present pregnancy (P00.1-P00.9),GR130-073,2020,2020,92,3613647,0.03
,#Newborn affected by other maternal conditions which may be unrelated to present pregnancy (P00.1-P00.9),GR130-073,2021,2021,101,3664292,0.03
,#Newborn affected by other maternal conditions which may be unrelated to present pregnancy (P00.1-P00.9),GR130-073,2022,2022,104,3667758,0.03
,#Newborn affected by other maternal conditions which may be unrelated to present pregnancy (P00.1-P00.9),GR130-073,2023,2023,112,3596017,0.03
,#Newborn affected by maternal complications of pregnancy (P01),GR130-074,2007,2007,1773,4316233,0.41
,#Newborn affected by maternal complications of pregnancy (P01),GR130-074,2008,2008,1775,4247726,0.42
,#Newborn affected by maternal complications of pregnancy (P01),GR130-074,2009,2009,1614,4130665,0.39
,#Newborn affected by maternal complications of pregnancy (P01),GR130-074,2010,2010,1563,3999386,0.39
,#Newborn affected by maternal complications of pregnancy (P01),GR130-074,2011,2011,1598,3953590,0.4
,#Newborn affected by maternal complications of pregnancy (P01),GR130-074,2012,2012,1518,3952841,0.38
,#Newborn affected by maternal complications of pregnancy (P01),GR130-074,2013,2013,1597,3932181,0.41
,#Newborn affected by maternal complications of pregnancy (P01),GR130-074,2014,2014,1580,3988076,0.4
,#Newborn affected by maternal complications of pregnancy (P01),GR130-074,2015,2015,1527,3978497,0.38
,#Newborn affected by maternal complications of pregnancy (P01),GR130-074,2016,2016,1407,3945875,0.36
,#Newborn affected by maternal complications of pregnancy (P01),GR130-074,2017,2017,1436,3855500,0.37
,#Newborn affected by maternal complications of pregnancy (P01),GR130-074,2018,2018,1371,3791712,0.36
,#Newborn affected by maternal complications of pregnancy (P01),GR130-074,2019,2019,1250,3747540,0.33
,#Newborn affected by maternal complications of pregnancy (P01),GR130-074,2020,2020,1115,3613647,0.31
,#Newborn affected by maternal complications of pregnancy (P01),GR130-074,2021,2021,1113,3664292,0.3
,#Newborn affected by maternal complications of pregnancy (P01),GR130-074,2022,2022,1213,3667758,0.33
,#Newborn affected by maternal complications of pregnancy (P01),GR130-074,2023,2023,1146,3596017,0.32
,Newborn affected by incompetent cervix (P01.0),GR130-075,2007,2007,490,4316233,0.11
,Newborn affected by incompetent cervix (P01.0),GR130-075,2008,2008,452,4247726,0.11
,Newborn affected by incompetent cervix (P01.0),GR130-075,2009,2009,430,4130665,0.1
,Newborn affected by incompetent cervix (P01.0),GR130-075,2010,2010,433,3999386,0.11
,Newborn affected by incompetent cervix (P01.0),GR130-075,2011,2011,443,3953590,0.11
,Newborn affected by incompetent cervix (P01.0),GR130-075,2012,2012,420,3952841,0.11
,Newborn affected by incompetent cervix (P01.0),GR130-075,2013,2013,501,3932181,0.13
,Newborn affected by incompetent cervix (P01.0),GR130-075,2014,2014,484,3988076,0.12
,Newborn affected by incompetent cervix (P01.0),GR130-075,2015,2015,457,3978497,0.11
,Newborn affected by incompetent cervix (P01.0),GR130-075,2016,2016,425,3945875,0.11
,Newborn affected by incompetent cervix (P01.0),GR130-075,2017,2017,438,3855500,0.11
,Newborn affected by incompetent cervix (P01.0),GR130-075,2018,2018,395,3791712,0.1
,Newborn affected by incompetent cervix (P01.0),GR130-075,2019,2019,372,3747540,0.1
,Newborn affected by incompetent cervix (P01.0),GR130-075,2020,2020,306,3613647,0.08
,Newborn affected by incompetent cervix (P01.0),GR130-075,2021,2021,336,3664292,0.09
,Newborn affected by incompetent cervix (P01.0),GR130-075,2022,2022,317,3667758,0.09
,Newborn affected by incompetent cervix (P01.0),GR130-075,2023,2023,307,3596017,0.09
,Newborn affected by premature rupture of membranes (P01.1),GR130-076,2007,2007,849,4316233,0.2
,Newborn affected by premature rupture of membranes (P01.1),GR130-076,2008,2008,842,4247726,0.2
,Newborn affected by premature rupture of membranes (P01.1),GR130-076,2009,2009,778,4130665,0.19
,Newborn affected by premature rupture of membranes (P01.1),GR130-076,2010,2010,782,3999386,0.2
,Newborn affected by premature rupture of membranes (P01.1),GR130-076,2011,2011,807,3953590,0.2
,Newborn affected by premature rupture of membranes (P01.1),GR130-076,2012,2012,771,3952841,0.2
,Newborn affected by premature rupture of membranes (P01.1),GR130-076,2013,2013,787,3932181,0.2
,Newborn affected by premature rupture of membranes (P01.1),GR130-076,2014,2014,786,3988076,0.2
,Newborn affected by premature rupture of membranes (P01.1),GR130-076,2015,2015,738,3978497,0.19
,Newborn affected by premature rupture of membranes (P01.1),GR130-076,2016,2016,729,3945875,0.18
,Newborn affected by premature rupture of membranes (P01.1),GR130-076,2017,2017,730,3855500,0.19
,Newborn affected by premature rupture of membranes (P01.1),GR130-076,2018,2018,719,3791712,0.19
,Newborn affected by premature rupture of membranes (P01.1),GR130-076,2019,2019,630,3747540,0.17
,Newborn affected by premature rupture of membranes (P01.1),GR130-076,2020,2020,611,3613647,0.17
,Newborn affected by premature rupture of membranes (P01.1),GR130-076,2021,2021,573,3664292,0.16
,Newborn affected by premature rupture of membranes (P01.1),GR130-076,2022,2022,637,3667758,0.17
,Newborn affected by premature rupture of membranes (P01.1),GR130-076,2023,2023,595,3596017,0.17
,Newborn affected by multiple pregnancy (P01.5),GR130-077,2007,2007,243,4316233,0.06
,Newborn affected by multiple pregnancy (P01.5),GR130-077,2008,2008,257,4247726,0.06
,Newborn affected by multiple pregnancy (P01.5),GR130-077,2009,2009,209,4130665,0.05
,Newborn affected by multiple pregnancy (P01.5),GR130-077,2010,2010,163,3999386,0.04
,Newborn affected by multiple pregnancy (P01.5),GR130-077,2011,2011,170,3953590,0.04
,Newborn affected by multiple pregnancy (P01.5),GR130-077,2012,2012,133,3952841,0.03
,Newborn affected by multiple pregnancy (P01.5),GR130-077,2013,2013,128,3932181,0.03
,Newborn affected by multiple pregnancy (P01.5),GR130-077,2014,2014,129,3988076,0.03
,Newborn affected by multiple pregnancy (P01.5),GR130-077,2015,2015,113,3978497,0.03
,Newborn affected by multiple pregnancy (P01.5),GR130-077,2016,2016,99,3945875,0.03
,Newborn affected by multiple pregnancy (P01.5),GR130-077,2017,2017,110,3855500,0.03
,Newborn affected by multiple pregnancy (P01.5),GR130-077,2018,2018,104,3791712,0.03
,Newborn affected by multiple pregnancy (P01.5),GR130-077,2019,2019,81,3747540,0.02
,Newborn affected by multiple pregnancy (P01.5),GR130-077,2020,2020,75,3613647,0.02
,Newborn affected by multiple pregnancy (P01.5),GR130-077,2021,2021,83,3664292,0.02
,Newborn affected by multiple pregnancy (P01.5),GR130-077,2022,2022,69,3667758,0.02
,Newborn affected by multiple pregnancy (P01.5),GR130-077,2023,2023,65,3596017,0.02
,"Newborn affected by other maternal complications of pregnancy (P01.2-P01.4,P01.6-P01.9)",GR130-078,2007,2007,191,4316233,0.04
,"Newborn affected by other maternal complications of pregnancy (P01.2-P01.4,P01.6-P01.9)",GR130-078,2008,2008,224,4247726,0.05
,"Newborn affected by other maternal complications of pregnancy (P01.2-P01.4,P01.6-P01.9)",GR130-078,2009,2009,197,4130665,0.05
,"Newborn affected by other maternal complications of pregnancy (P01.2-P01.4,P01.6-P01.9)",GR130-078,2010,2010,185,3999386,0.05
,"Newborn affected by other maternal complications of pregnancy (P01.2-P01.4,P01.6-P01.9)",GR130-078,2011,2011,178,3953590,0.05
,"Newborn affected by other maternal complications of pregnancy (P01.2-P01.4,P01.6-P01.9)",GR130-078,2012,2012,194,3952841,0.05
,"Newborn affected by other maternal complications of pregnancy (P01.2-P01.4,P01.6-P01.9)",GR130-078,2013,2013,182,3932181,0.05
,"Newborn affected by other maternal complications of pregnancy (P01.2-P01.4,P01.6-P01.9)",GR130-078,2014,2014,181,3988076,0.05
,"Newborn affected by other maternal complications of pregnancy (P01.2-P01.4,P01.6-P01.9)",GR130-078,2015,2015,219,3978497,0.06
,"Newborn affected by other maternal complications of pregnancy (P01.2-P01.4,P01.6-P01.9)",GR130-078,2016,2016,154,3945875,0.04
,"Newborn affected by other maternal complications of pregnancy (P01.2-P01.4,P01.6-P01.9)",GR130-078,2017,2017,158,3855500,0.04
,"Newborn affected by other maternal complications of pregnancy (P01.2-P01.4,P01.6-P01.9)",GR130-078,2018,2018,153,3791712,0.04
,"Newborn affected by other maternal complications of pregnancy (P01.2-P01.4,P01.6-P01.9)",GR130-078,2019,2019,167,3747540,0.04
,"Newborn affected by other maternal complications of pregnancy (P01.2-P01.4,P01.6-P01.9)",GR130-078,2020,2020,123,3613647,0.03
,"Newborn affected by other maternal complications of pregnancy (P01.2-P01.4,P01.6-P01.9)",GR130-078,2021,2021,121,3664292,0.03
,"Newborn affected by other maternal complications of pregnancy (P01.2-P01.4,P01.6-P01.9)",GR130-078,2022,2022,189,3667758,0.05
,"Newborn affected by other maternal complications of pregnancy (P01.2-P01.4,P01.6-P01.9)",GR130-078,2023,2023,179,3596017,0.05
,"#Newborn affected by complications of placenta, cord and membranes (P02)",GR130-079,2007,2007,1120,4316233,0.26
,"#Newborn affected by complications of placenta, cord and membranes (P02)",GR130-079,2008,2008,1068,4247726,0.25
,"#Newborn affected by complications of placenta, cord and membranes (P02)",GR130-079,2009,2009,1045,4130665,0.25
,"#Newborn affected by complications of placenta, cord and membranes (P02)",GR130-079,2010,2010,1015,3999386,0.25
,"#Newborn affected by complications of placenta, cord and membranes (P02)",GR130-079,2011,2011,991,3953590,0.25
,"#Newborn affected by complications of placenta, cord and membranes (P02)",GR130-079,2012,2012,1010,3952841,0.26
,"#Newborn affected by complications of placenta, cord and membranes (P02)",GR130-079,2013,2013,951,3932181,0.24
,"#Newborn affected by complications of placenta, cord and membranes (P02)",GR130-079,2014,2014,961,3988076,0.24
,"#Newborn affected by complications of placenta, cord and membranes (P02)",GR130-079,2015,2015,909,3978497,0.23
,"#Newborn affected by complications of placenta, cord and membranes (P02)",GR130-079,2016,2016,839,3945875,0.21
,"#Newborn affected by complications of placenta, cord and membranes (P02)",GR130-079,2017,2017,840,3855500,0.22
,"#Newborn affected by complications of placenta, cord and membranes (P02)",GR130-079,2018,2018,723,3791712,0.19
,"#Newborn affected by complications of placenta, cord and membranes (P02)",GR130-079,2019,2019,737,3747540,0.2
,"#Newborn affected by complications of placenta, cord and membranes (P02)",GR130-079,2020,2020,695,3613647,0.19
,"#Newborn affected by complications of placenta, cord and membranes (P02)",GR130-079,2021,2021,663,3664292,0.18
,"#Newborn affected by complications of placenta, cord and membranes (P02)",GR130-079,2022,2022,634,3667758,0.17
,"#Newborn affected by complications of placenta, cord and membranes (P02)",GR130-079,2023,2023,562,3596017,0.16
,Newborn affected by complications involving placenta (P02.0-P02.3),GR130-080,2007,2007,575,4316233,0.13
,Newborn affected by complications involving placenta (P02.0-P02.3),GR130-080,2008,2008,532,4247726,0.13
,Newborn affected by complications involving placenta (P02.0-P02.3),GR130-080,2009,2009,516,4130665,0.12
,Newborn affected by complications involving placenta (P02.0-P02.3),GR130-080,2010,2010,484,3999386,0.12
,Newborn affected by complications involving placenta (P02.0-P02.3),GR130-080,2011,2011,454,3953590,0.11
,Newborn affected by complications involving placenta (P02.0-P02.3),GR130-080,2012,2012,501,3952841,0.13
,Newborn affected by complications involving placenta (P02.0-P02.3),GR130-080,2013,2013,446,3932181,0.11
,Newborn affected by complications involving placenta (P02.0-P02.3),GR130-080,2014,2014,465,3988076,0.12
,Newborn affected by complications involving placenta (P02.0-P02.3),GR130-080,2015,2015,472,3978497,0.12
,Newborn affected by complications involving placenta (P02.0-P02.3),GR130-080,2016,2016,442,3945875,0.11
,Newborn affected by complications involving placenta (P02.0-P02.3),GR130-080,2017,2017,464,3855500,0.12
,Newborn affected by complications involving placenta (P02.0-P02.3),GR130-080,2018,2018,431,3791712,0.11
,Newborn affected by complications involving placenta (P02.0-P02.3),GR130-080,2019,2019,414,3747540,0.11
,Newborn affected by complications involving placenta (P02.0-P02.3),GR130-080,2020,2020,412,3613647,0.11
,Newborn affected by complications involving placenta (P02.0-P02.3),GR130-080,2021,2021,409,3664292,0.11
,Newborn affected by complications involving placenta (P02.0-P02.3),GR130-080,2022,2022,387,3667758,0.11
,Newborn affected by complications involving placenta (P02.0-P02.3),GR130-080,2023,2023,343,3596017,0.1
,Newborn affected by complications involving cord (P02.4-P02.6),GR130-081,2007,2007,41,4316233,0.01
,Newborn affected by complications involving cord (P02.4-P02.6),GR130-081,2008,2008,49,4247726,0.01
,Newborn affected by complications involving cord (P02.4-P02.6),GR130-081,2009,2009,38,4130665,0.01
,Newborn affected by complications involving cord (P02.4-P02.6),GR130-081,2010,2010,36,3999386,0.01
,Newborn affected by complications involving cord (P02.4-P02.6),GR130-081,2011,2011,38,3953590,0.01
,Newborn affected by complications involving cord (P02.4-P02.6),GR130-081,2012,2012,40,3952841,0.01
,Newborn affected by complications involving cord (P02.4-P02.6),GR130-081,2013,2013,30,3932181,0.01
,Newborn affected by complications involving cord (P02.4-P02.6),GR130-081,2014,2014,41,3988076,0.01
,Newborn affected by complications involving cord (P02.4-P02.6),GR130-081,2015,2015,42,3978497,0.01
,Newborn affected by complications involving cord (P02.4-P02.6),GR130-081,2016,2016,46,3945875,0.01
,Newborn affected by complications involving cord (P02.4-P02.6),GR130-081,2017,2017,44,3855500,0.01
,Newborn affected by complications involving cord (P02.4-P02.6),GR130-081,2018,2018,45,3791712,0.01
,Newborn affected by complications involving cord (P02.4-P02.6),GR130-081,2019,2019,32,3747540,0.01
,Newborn affected by complications involving cord (P02.4-P02.6),GR130-081,2020,2020,36,3613647,0.01
,Newborn affected by complications involving cord (P02.4-P02.6),GR130-081,2021,2021,42,3664292,0.01
,Newborn affected by complications involving cord (P02.4-P02.6),GR130-081,2022,2022,40,3667758,0.01
,Newborn affected by complications involving cord (P02.4-P02.6),GR130-081,2023,2023,40,3596017,0.01
,Newborn affected by chorioamnionitis (P02.7),GR130-082,2007,2007,502,4316233,0.12
,Newborn affected by chorioamnionitis (P02.7),GR130-082,2008,2008,486,4247726,0.11
,Newborn affected by chorioamnionitis (P02.7),GR130-082,2009,2009,490,4130665,0.12
,Newborn affected by chorioamnionitis (P02.7),GR130-082,2010,2010,493,3999386,0.12
,Newborn affected by chorioamnionitis (P02.7),GR130-082,2011,2011,497,3953590,0.13
,Newborn affected by chorioamnionitis (P02.7),GR130-082,2012,2012,466,3952841,0.12
,Newborn affected by chorioamnionitis (P02.7),GR130-082,2013,2013,471,3932181,0.12
,Newborn affected by chorioamnionitis (P02.7),GR130-082,2014,2014,454,3988076,0.11
,Newborn affected by chorioamnionitis (P02.7),GR130-082,2015,2015,393,3978497,0.1
,Newborn affected by chorioamnionitis (P02.7),GR130-082,2016,2016,350,3945875,0.09
,Newborn affected by chorioamnionitis (P02.7),GR130-082,2017,2017,331,3855500,0.09
,Newborn affected by chorioamnionitis (P02.7),GR130-082,2018,2018,243,3791712,0.06
,Newborn affected by chorioamnionitis (P02.7),GR130-082,2019,2019,288,3747540,0.08
,Newborn affected by chorioamnionitis (P02.7),GR130-082,2020,2020,245,3613647,0.07
,Newborn affected by chorioamnionitis (P02.7),GR130-082,2021,2021,210,3664292,0.06
,Newborn affected by chorioamnionitis (P02.7),GR130-082,2022,2022,206,3667758,0.06
,Newborn affected by chorioamnionitis (P02.7),GR130-082,2023,2023,176,3596017,0.05
,Newborn affected by other and unspecified abnormalities of membranes (P02.8-P02.9),GR130-083,2007,2007,Suppressed,4316233,Suppressed
,Newborn affected by other and unspecified abnormalities of membranes (P02.8-P02.9),GR130-083,2008,2008,Suppressed,4247726,Suppressed
,Newborn affected by other and unspecified abnormalities of membranes (P02.8-P02.9),GR130-083,2009,2009,Suppressed,4130665,Suppressed
,Newborn affected by other and unspecified abnormalities of membranes (P02.8-P02.9),GR130-083,2010,2010,Suppressed,3999386,Suppressed
,Newborn affected by other and unspecified abnormalities of membranes (P02.8-P02.9),GR130-083,2011,2011,Suppressed,3953590,Suppressed
,Newborn affected by other and unspecified abnormalities of membranes (P02.8-P02.9),GR130-083,2012,2012,Suppressed,3952841,Suppressed
,Newborn affected by other and unspecified abnormalities of membranes (P02.8-P02.9),GR130-083,2013,2013,Suppressed,3932181,Suppressed
,Newborn affected by other and unspecified abnormalities of membranes (P02.8-P02.9),GR130-083,2014,2014,0,3988076,0
,Newborn affected by other and unspecified abnormalities of membranes (P02.8-P02.9),GR130-083,2015,2015,Suppressed,3978497,Suppressed
,Newborn affected by other and unspecified abnormalities of membranes (P02.8-P02.9),GR130-083,2016,2016,Suppressed,3945875,Suppressed
,Newborn affected by other and unspecified abnormalities of membranes (P02.8-P02.9),GR130-083,2017,2017,0,3855500,0
,Newborn affected by other and unspecified abnormalities of membranes (P02.8-P02.9),GR130-083,2018,2018,Suppressed,3791712,Suppressed
,Newborn affected by other and unspecified abnormalities of membranes (P02.8-P02.9),GR130-083,2019,2019,Suppressed,3747540,Suppressed
,Newborn affected by other and unspecified abnormalities of membranes (P02.8-P02.9),GR130-083,2020,2020,Suppressed,3613647,Suppressed
,Newborn affected by other and unspecified abnormalities of membranes (P02.8-P02.9),GR130-083,2021,2021,Suppressed,3664292,Suppressed
,Newborn affected by other and unspecified abnormalities of membranes (P02.8-P02.9),GR130-083,2022,2022,Suppressed,3667758,Suppressed
,Newborn affected by other and unspecified abnormalities of membranes (P02.8-P02.9),GR130-083,2023,2023,Suppressed,3596017,Suppressed
,#Newborn affected by other complications of labor and delivery (P03),GR130-084,2007,2007,121,4316233,0.03
,#Newborn affected by other complications of labor and delivery (P03),GR130-084,2008,2008,99,4247726,0.02
,#Newborn affected by other complications of labor and delivery (P03),GR130-084,2009,2009,96,4130665,0.02
,#Newborn affected by other complications of labor and delivery (P03),GR130-084,2010,2010,110,3999386,0.03
,#Newborn affected by other complications of labor and delivery (P03),GR130-084,2011,2011,124,3953590,0.03
,#Newborn affected by other complications of labor and delivery (P03),GR130-084,2012,2012,117,3952841,0.03
,#Newborn affected by other complications of labor and delivery (P03),GR130-084,2013,2013,124,3932181,0.03
,#Newborn affected by other complications of labor and delivery (P03),GR130-084,2014,2014,111,3988076,0.03
,#Newborn affected by other complications of labor and delivery (P03),GR130-084,2015,2015,123,3978497,0.03
,#Newborn affected by other complications of labor and delivery (P03),GR130-084,2016,2016,129,3945875,0.03
,#Newborn affected by other complications of labor and delivery (P03),GR130-084,2017,2017,79,3855500,0.02
,#Newborn affected by other complications of labor and delivery (P03),GR130-084,2018,2018,85,3791712,0.02
,#Newborn affected by other complications of labor and delivery (P03),GR130-084,2019,2019,78,3747540,0.02
,#Newborn affected by other complications of labor and delivery (P03),GR130-084,2020,2020,96,3613647,0.03
,#Newborn affected by other complications of labor and delivery (P03),GR130-084,2021,2021,85,3664292,0.02
,#Newborn affected by other complications of labor and delivery (P03),GR130-084,2022,2022,154,3667758,0.04
,#Newborn affected by other complications of labor and delivery (P03),GR130-084,2023,2023,124,3596017,0.03
,#Newborn affected by noxious influences transmitted via placenta or breast milk (P04),GR130-085,2007,2007,62,4316233,0.01
,#Newborn affected by noxious influences transmitted via placenta or breast milk (P04),GR130-085,2008,2008,51,4247726,0.01
,#Newborn affected by noxious influences transmitted via placenta or breast milk (P04),GR130-085,2009,2009,31,4130665,0.01
,#Newborn affected by noxious influences transmitted via placenta or breast milk (P04),GR130-085,2010,2010,47,3999386,0.01
,#Newborn affected by noxious influences transmitted via placenta or breast milk (P04),GR130-085,2011,2011,43,3953590,0.01
,#Newborn affected by noxious influences transmitted via placenta or breast milk (P04),GR130-085,2012,2012,37,3952841,0.01
,#Newborn affected by noxious influences transmitted via placenta or breast milk (P04),GR130-085,2013,2013,42,3932181,0.01
,#Newborn affected by noxious influences transmitted via placenta or breast milk (P04),GR130-085,2014,2014,32,3988076,0.01
,#Newborn affected by noxious influences transmitted via placenta or breast milk (P04),GR130-085,2015,2015,51,3978497,0.01
,#Newborn affected by noxious influences transmitted via placenta or breast milk (P04),GR130-085,2016,2016,47,3945875,0.01
,#Newborn affected by noxious influences transmitted via placenta or breast milk (P04),GR130-085,2017,2017,57,3855500,0.01
,#Newborn affected by noxious influences transmitted via placenta or breast milk (P04),GR130-085,2018,2018,68,3791712,0.02
,#Newborn affected by noxious influences transmitted via placenta or breast milk (P04),GR130-085,2019,2019,32,3747540,0.01
,#Newborn affected by noxious influences transmitted via placenta or breast milk (P04),GR130-085,2020,2020,50,3613647,0.01
,#Newborn affected by noxious influences transmitted via placenta or breast milk (P04),GR130-085,2021,2021,43,3664292,0.01
,#Newborn affected by noxious influences transmitted via placenta or breast milk (P04),GR130-085,2022,2022,32,3667758,0.01
,#Newborn affected by noxious influences transmitted via placenta or breast milk (P04),GR130-085,2023,2023,30,3596017,0.01
,Disorders related to length of gestation and fetal malnutrition (P05-P08),GR130-086,2007,2007,4969,4316233,1.15
,Disorders related to length of gestation and fetal malnutrition (P05-P08),GR130-086,2008,2008,4838,4247726,1.14
,Disorders related to length of gestation and fetal malnutrition (P05-P08),GR130-086,2009,2009,4616,4130665,1.12
,Disorders related to length of gestation and fetal malnutrition (P05-P08),GR130-086,2010,2010,4237,3999386,1.06
,Disorders related to length of gestation and fetal malnutrition (P05-P08),GR130-086,2011,2011,4201,3953590,1.06
,Disorders related to length of gestation and fetal malnutrition (P05-P08),GR130-086,2012,2012,4302,3952841,1.09
,Disorders related to length of gestation and fetal malnutrition (P05-P08),GR130-086,2013,2013,4324,3932181,1.1
,Disorders related to length of gestation and fetal malnutrition (P05-P08),GR130-086,2014,2014,4280,3988076,1.07
,Disorders related to length of gestation and fetal malnutrition (P05-P08),GR130-086,2015,2015,4201,3978497,1.06
,Disorders related to length of gestation and fetal malnutrition (P05-P08),GR130-086,2016,2016,4028,3945875,1.02
,Disorders related to length of gestation and fetal malnutrition (P05-P08),GR130-086,2017,2017,3861,3855500,1
,Disorders related to length of gestation and fetal malnutrition (P05-P08),GR130-086,2018,2018,3800,3791712,1
,Disorders related to length of gestation and fetal malnutrition (P05-P08),GR130-086,2019,2019,3571,3747540,0.95
,Disorders related to length of gestation and fetal malnutrition (P05-P08),GR130-086,2020,2020,3246,3613647,0.9
,Disorders related to length of gestation and fetal malnutrition (P05-P08),GR130-086,2021,2021,3048,3664292,0.83
,Disorders related to length of gestation and fetal malnutrition (P05-P08),GR130-086,2022,2022,2971,3667758,0.81
,Disorders related to length of gestation and fetal malnutrition (P05-P08),GR130-086,2023,2023,3032,3596017,0.84
,#Slow fetal growth and fetal malnutrition (P05),GR130-087,2007,2007,106,4316233,0.02
,#Slow fetal growth and fetal malnutrition (P05),GR130-087,2008,2008,81,4247726,0.02
,#Slow fetal growth and fetal malnutrition (P05),GR130-087,2009,2009,88,4130665,0.02
,#Slow fetal growth and fetal malnutrition (P05),GR130-087,2010,2010,86,3999386,0.02
,#Slow fetal growth and fetal malnutrition (P05),GR130-087,2011,2011,86,3953590,0.02
,#Slow fetal growth and fetal malnutrition (P05),GR130-087,2012,2012,88,3952841,0.02
,#Slow fetal growth and fetal malnutrition (P05),GR130-087,2013,2013,111,3932181,0.03
,#Slow fetal growth and fetal malnutrition (P05),GR130-087,2014,2014,107,3988076,0.03
,#Slow fetal growth and fetal malnutrition (P05),GR130-087,2015,2015,113,3978497,0.03
,#Slow fetal growth and fetal malnutrition (P05),GR130-087,2016,2016,103,3945875,0.03
,#Slow fetal growth and fetal malnutrition (P05),GR130-087,2017,2017,103,3855500,0.03
,#Slow fetal growth and fetal malnutrition (P05),GR130-087,2018,2018,117,3791712,0.03
,#Slow fetal growth and fetal malnutrition (P05),GR130-087,2019,2019,111,3747540,0.03
,#Slow fetal growth and fetal malnutrition (P05),GR130-087,2020,2020,94,3613647,0.03
,#Slow fetal growth and fetal malnutrition (P05),GR130-087,2021,2021,90,3664292,0.02
,#Slow fetal growth and fetal malnutrition (P05),GR130-087,2022,2022,86,3667758,0.02
,#Slow fetal growth and fetal malnutrition (P05),GR130-087,2023,2023,103,3596017,0.03
,"#Disorders related to short gestation and low birth weight, not elsewhere classified (P07)",GR130-088,2007,2007,4863,4316233,1.13
,"#Disorders related to short gestation and low birth weight, not elsewhere classified (P07)",GR130-088,2008,2008,4757,4247726,1.12
,"#Disorders related to short gestation and low birth weight, not elsewhere classified (P07)",GR130-088,2009,2009,4528,4130665,1.1
,"#Disorders related to short gestation and low birth weight, not elsewhere classified (P07)",GR130-088,2010,2010,4151,3999386,1.04
,"#Disorders related to short gestation and low birth weight, not elsewhere classified (P07)",GR130-088,2011,2011,4115,3953590,1.04
,"#Disorders related to short gestation and low birth weight, not elsewhere classified (P07)",GR130-088,2012,2012,4214,3952841,1.07
,"#Disorders related to short gestation and low birth weight, not elsewhere classified (P07)",GR130-088,2013,2013,4213,3932181,1.07
,"#Disorders related to short gestation and low birth weight, not elsewhere classified (P07)",GR130-088,2014,2014,4172,3988076,1.05
,"#Disorders related to short gestation and low birth weight, not elsewhere classified (P07)",GR130-088,2015,2015,4087,3978497,1.03
,"#Disorders related to short gestation and low birth weight, not elsewhere classified (P07)",GR130-088,2016,2016,3926,3945875,0.99
,"#Disorders related to short gestation and low birth weight, not elsewhere classified (P07)",GR130-088,2017,2017,3757,3855500,0.97
,"#Disorders related to short gestation and low birth weight, not elsewhere classified (P07)",GR130-088,2018,2018,3683,3791712,0.97
,"#Disorders related to short gestation and low birth weight, not elsewhere classified (P07)",GR130-088,2019,2019,3460,3747540,0.92
,"#Disorders related to short gestation and low birth weight, not elsewhere classified (P07)",GR130-088,2020,2020,3152,3613647,0.87
,"#Disorders related to short gestation and low birth weight, not elsewhere classified (P07)",GR130-088,2021,2021,2957,3664292,0.81
,"#Disorders related to short gestation and low birth weight, not elsewhere classified (P07)",GR130-088,2022,2022,2884,3667758,0.79
,"#Disorders related to short gestation and low birth weight, not elsewhere classified (P07)",GR130-088,2023,2023,2927,3596017,0.81
,"Extremely low birth weight or extreme immaturity (P07.0,P07.2)",GR130-089,2007,2007,3715,4316233,0.86
,"Extremely low birth weight or extreme immaturity (P07.0,P07.2)",GR130-089,2008,2008,3648,4247726,0.86
,"Extremely low birth weight or extreme immaturity (P07.0,P07.2)",GR130-089,2009,2009,3456,4130665,0.84
,"Extremely low birth weight or extreme immaturity (P07.0,P07.2)",GR130-089,2010,2010,3181,3999386,0.8
,"Extremely low birth weight or extreme immaturity (P07.0,P07.2)",GR130-089,2011,2011,3170,3953590,0.8
,"Extremely low birth weight or extreme immaturity (P07.0,P07.2)",GR130-089,2012,2012,3297,3952841,0.83
,"Extremely low birth weight or extreme immaturity (P07.0,P07.2)",GR130-089,2013,2013,3210,3932181,0.82
,"Extremely low birth weight or extreme immaturity (P07.0,P07.2)",GR130-089,2014,2014,3246,3988076,0.81
,"Extremely low birth weight or extreme immaturity (P07.0,P07.2)",GR130-089,2015,2015,3162,3978497,0.79
,"Extremely low birth weight or extreme immaturity (P07.0,P07.2)",GR130-089,2016,2016,3083,3945875,0.78
,"Extremely low birth weight or extreme immaturity (P07.0,P07.2)",GR130-089,2017,2017,2925,3855500,0.76
,"Extremely low birth weight or extreme immaturity (P07.0,P07.2)",GR130-089,2018,2018,2865,3791712,0.76
,"Extremely low birth weight or extreme immaturity (P07.0,P07.2)",GR130-089,2019,2019,2682,3747540,0.72
,"Extremely low birth weight or extreme immaturity (P07.0,P07.2)",GR130-089,2020,2020,2423,3613647,0.67
,"Extremely low birth weight or extreme immaturity (P07.0,P07.2)",GR130-089,2021,2021,2277,3664292,0.62
,"Extremely low birth weight or extreme immaturity (P07.0,P07.2)",GR130-089,2022,2022,2213,3667758,0.6
,"Extremely low birth weight or extreme immaturity (P07.0,P07.2)",GR130-089,2023,2023,2204,3596017,0.61
,"Other low birth weight or preterm (P07.1,P07.3)",GR130-090,2007,2007,1148,4316233,0.27
,"Other low birth weight or preterm (P07.1,P07.3)",GR130-090,2008,2008,1110,4247726,0.26
,"Other low birth weight or preterm (P07.1,P07.3)",GR130-090,2009,2009,1072,4130665,0.26
,"Other low birth weight or preterm (P07.1,P07.3)",GR130-090,2010,2010,970,3999386,0.24
,"Other low birth weight or preterm (P07.1,P07.3)",GR130-090,2011,2011,945,3953590,0.24
,"Other low birth weight or preterm (P07.1,P07.3)",GR130-090,2012,2012,917,3952841,0.23
,"Other low birth weight or preterm (P07.1,P07.3)",GR130-090,2013,2013,1002,3932181,0.25
,"Other low birth weight or preterm (P07.1,P07.3)",GR130-090,2014,2014,926,3988076,0.23
,"Other low birth weight or preterm (P07.1,P07.3)",GR130-090,2015,2015,925,3978497,0.23
,"Other low birth weight or preterm (P07.1,P07.3)",GR130-090,2016,2016,843,3945875,0.21
,"Other low birth weight or preterm (P07.1,P07.3)",GR130-090,2017,2017,832,3855500,0.22
,"Other low birth weight or preterm (P07.1,P07.3)",GR130-090,2018,2018,818,3791712,0.22
,"Other low birth weight or preterm (P07.1,P07.3)",GR130-090,2019,2019,778,3747540,0.21
,"Other low birth weight or preterm (P07.1,P07.3)",GR130-090,2020,2020,729,3613647,0.2
,"Other low birth weight or preterm (P07.1,P07.3)",GR130-090,2021,2021,680,3664292,0.19
,"Other low birth weight or preterm (P07.1,P07.3)",GR130-090,2022,2022,671,3667758,0.18
,"Other low birth weight or preterm (P07.1,P07.3)",GR130-090,2023,2023,723,3596017,0.2
,#Disorders related to long gestation and high birth weight (P08),GR130-091,2007,2007,0,4316233,0
,#Disorders related to long gestation and high birth weight (P08),GR130-091,2008,2008,0,4247726,0
,#Disorders related to long gestation and high birth weight (P08),GR130-091,2009,2009,0,4130665,0
,#Disorders related to long gestation and high birth weight (P08),GR130-091,2010,2010,0,3999386,0
,#Disorders related to long gestation and high birth weight (P08),GR130-091,2011,2011,0,3953590,0
,#Disorders related to long gestation and high birth weight (P08),GR130-091,2012,2012,0,3952841,0
,#Disorders related to long gestation and high birth weight (P08),GR130-091,2013,2013,0,3932181,0
,#Disorders related to long gestation and high birth weight (P08),GR130-091,2014,2014,Suppressed,3988076,Suppressed
,#Disorders related to long gestation and high birth weight (P08),GR130-091,2015,2015,Suppressed,3978497,Suppressed
,#Disorders related to long gestation and high birth weight (P08),GR130-091,2016,2016,0,3945875,0
,#Disorders related to long gestation and high birth weight (P08),GR130-091,2017,2017,0,3855500,0
,#Disorders related to long gestation and high birth weight (P08),GR130-091,2018,2018,0,3791712,0
,#Disorders related to long gestation and high birth weight (P08),GR130-091,2019,2019,0,3747540,0
,#Disorders related to long gestation and high birth weight (P08),GR130-091,2020,2020,0,3613647,0
,#Disorders related to long gestation and high birth weight (P08),GR130-091,2021,2021,Suppressed,3664292,Suppressed
,#Disorders related to long gestation and high birth weight (P08),GR130-091,2022,2022,0,3667758,0
,#Disorders related to long gestation and high birth weight (P08),GR130-091,2023,2023,Suppressed,3596017,Suppressed
,#Birth trauma (P10-P15),GR130-092,2007,2007,12,4316233,0.00 (Unreliable)
,#Birth trauma (P10-P15),GR130-092,2008,2008,18,4247726,0.00 (Unreliable)
,#Birth trauma (P10-P15),GR130-092,2009,2009,16,4130665,0.00 (Unreliable)
,#Birth trauma (P10-P15),GR130-092,2010,2010,19,3999386,0.00 (Unreliable)
,#Birth trauma (P10-P15),GR130-092,2011,2011,17,3953590,0.00 (Unreliable)
,#Birth trauma (P10-P15),GR130-092,2012,2012,17,3952841,0.00 (Unreliable)
,#Birth trauma (P10-P15),GR130-092,2013,2013,Suppressed,3932181,Suppressed
,#Birth trauma (P10-P15),GR130-092,2014,2014,13,3988076,0.00 (Unreliable)
,#Birth trauma (P10-P15),GR130-092,2015,2015,13,3978497,0.00 (Unreliable)
,#Birth trauma (P10-P15),GR130-092,2016,2016,16,3945875,0.00 (Unreliable)
,#Birth trauma (P10-P15),GR130-092,2017,2017,12,3855500,0.00 (Unreliable)
,#Birth trauma (P10-P15),GR130-092,2018,2018,12,3791712,0.00 (Unreliable)
,#Birth trauma (P10-P15),GR130-092,2019,2019,13,3747540,0.00 (Unreliable)
,#Birth trauma (P10-P15),GR130-092,2020,2020,Suppressed,3613647,Suppressed
,#Birth trauma (P10-P15),GR130-092,2021,2021,11,3664292,0.00 (Unreliable)
,#Birth trauma (P10-P15),GR130-092,2022,2022,19,3667758,0.01 (Unreliable)
,#Birth trauma (P10-P15),GR130-092,2023,2023,21,3596017,0.01
,#Intrauterine hypoxia and birth asphyxia (P20-P21),GR130-093,2007,2007,352,4316233,0.08
,#Intrauterine hypoxia and birth asphyxia (P20-P21),GR130-093,2008,2008,378,4247726,0.09
,#Intrauterine hypoxia and birth asphyxia (P20-P21),GR130-093,2009,2009,316,4130665,0.08
,#Intrauterine hypoxia and birth asphyxia (P20-P21),GR130-093,2010,2010,315,3999386,0.08
,#Intrauterine hypoxia and birth asphyxia (P20-P21),GR130-093,2011,2011,312,3953590,0.08
,#Intrauterine hypoxia and birth asphyxia (P20-P21),GR130-093,2012,2012,318,3952841,0.08
,#Intrauterine hypoxia and birth asphyxia (P20-P21),GR130-093,2013,2013,316,3932181,0.08
,#Intrauterine hypoxia and birth asphyxia (P20-P21),GR130-093,2014,2014,326,3988076,0.08
,#Intrauterine hypoxia and birth asphyxia (P20-P21),GR130-093,2015,2015,315,3978497,0.08
,#Intrauterine hypoxia and birth asphyxia (P20-P21),GR130-093,2016,2016,340,3945875,0.09
,#Intrauterine hypoxia and birth asphyxia (P20-P21),GR130-093,2017,2017,326,3855500,0.08
,#Intrauterine hypoxia and birth asphyxia (P20-P21),GR130-093,2018,2018,311,3791712,0.08
,#Intrauterine hypoxia and birth asphyxia (P20-P21),GR130-093,2019,2019,337,3747540,0.09
,#Intrauterine hypoxia and birth asphyxia (P20-P21),GR130-093,2020,2020,306,3613647,0.08
,#Intrauterine hypoxia and birth asphyxia (P20-P21),GR130-093,2021,2021,360,3664292,0.1
,#Intrauterine hypoxia and birth asphyxia (P20-P21),GR130-093,2022,2022,362,3667758,0.1
,#Intrauterine hypoxia and birth asphyxia (P20-P21),GR130-093,2023,2023,363,3596017,0.1
,Intrauterine hypoxia (P20),GR130-094,2007,2007,104,4316233,0.02
,Intrauterine hypoxia (P20),GR130-094,2008,2008,142,4247726,0.03
,Intrauterine hypoxia (P20),GR130-094,2009,2009,120,4130665,0.03
,Intrauterine hypoxia (P20),GR130-094,2010,2010,138,3999386,0.03
,Intrauterine hypoxia (P20),GR130-094,2011,2011,127,3953590,0.03
,Intrauterine hypoxia (P20),GR130-094,2012,2012,140,3952841,0.04
,Intrauterine hypoxia (P20),GR130-094,2013,2013,146,3932181,0.04
,Intrauterine hypoxia (P20),GR130-094,2014,2014,150,3988076,0.04
,Intrauterine hypoxia (P20),GR130-094,2015,2015,146,3978497,0.04
,Intrauterine hypoxia (P20),GR130-094,2016,2016,181,3945875,0.05
,Intrauterine hypoxia (P20),GR130-094,2017,2017,162,3855500,0.04
,Intrauterine hypoxia (P20),GR130-094,2018,2018,173,3791712,0.05
,Intrauterine hypoxia (P20),GR130-094,2019,2019,187,3747540,0.05
,Intrauterine hypoxia (P20),GR130-094,2020,2020,170,3613647,0.05
,Intrauterine hypoxia (P20),GR130-094,2021,2021,191,3664292,0.05
,Intrauterine hypoxia (P20),GR130-094,2022,2022,214,3667758,0.06
,Intrauterine hypoxia (P20),GR130-094,2023,2023,224,3596017,0.06
,Birth asphyxia (P21),GR130-095,2007,2007,248,4316233,0.06
,Birth asphyxia (P21),GR130-095,2008,2008,236,4247726,0.06
,Birth asphyxia (P21),GR130-095,2009,2009,196,4130665,0.05
,Birth asphyxia (P21),GR130-095,2010,2010,177,3999386,0.04
,Birth asphyxia (P21),GR130-095,2011,2011,185,3953590,0.05
,Birth asphyxia (P21),GR130-095,2012,2012,178,3952841,0.05
,Birth asphyxia (P21),GR130-095,2013,2013,171,3932181,0.04
,Birth asphyxia (P21),GR130-095,2014,2014,175,3988076,0.04
,Birth asphyxia (P21),GR130-095,2015,2015,168,3978497,0.04
,Birth asphyxia (P21),GR130-095,2016,2016,160,3945875,0.04
,Birth asphyxia (P21),GR130-095,2017,2017,164,3855500,0.04
,Birth asphyxia (P21),GR130-095,2018,2018,138,3791712,0.04
,Birth asphyxia (P21),GR130-095,2019,2019,150,3747540,0.04
,Birth asphyxia (P21),GR130-095,2020,2020,136,3613647,0.04
,Birth asphyxia (P21),GR130-095,2021,2021,170,3664292,0.05
,Birth asphyxia (P21),GR130-095,2022,2022,147,3667758,0.04
,Birth asphyxia (P21),GR130-095,2023,2023,140,3596017,0.04
,#Respiratory distress of newborn (P22),GR130-096,2007,2007,800,4316233,0.19
,#Respiratory distress of newborn (P22),GR130-096,2008,2008,636,4247726,0.15
,#Respiratory distress of newborn (P22),GR130-096,2009,2009,595,4130665,0.14
,#Respiratory distress of newborn (P22),GR130-096,2010,2010,518,3999386,0.13
,#Respiratory distress of newborn (P22),GR130-096,2011,2011,520,3953590,0.13
,#Respiratory distress of newborn (P22),GR130-096,2012,2012,504,3952841,0.13
,#Respiratory distress of newborn (P22),GR130-096,2013,2013,528,3932181,0.13
,#Respiratory distress of newborn (P22),GR130-096,2014,2014,462,3988076,0.12
,#Respiratory distress of newborn (P22),GR130-096,2015,2015,462,3978497,0.12
,#Respiratory distress of newborn (P22),GR130-096,2016,2016,491,3945875,0.12
,#Respiratory distress of newborn (P22),GR130-096,2017,2017,441,3855500,0.11
,#Respiratory distress of newborn (P22),GR130-096,2018,2018,391,3791712,0.1
,#Respiratory distress of newborn (P22),GR130-096,2019,2019,429,3747540,0.11
,#Respiratory distress of newborn (P22),GR130-096,2020,2020,389,3613647,0.11
,#Respiratory distress of newborn (P22),GR130-096,2021,2021,413,3664292,0.11
,#Respiratory distress of newborn (P22),GR130-096,2022,2022,458,3667758,0.12
,#Respiratory distress of newborn (P22),GR130-096,2023,2023,453,3596017,0.13
,Other respiratory conditions originating in the perinatal period (P23-P28),GR130-097,2007,2007,1118,4316233,0.26
,Other respiratory conditions originating in the perinatal period (P23-P28),GR130-097,2008,2008,1103,4247726,0.26
,Other respiratory conditions originating in the perinatal period (P23-P28),GR130-097,2009,2009,962,4130665,0.23
,Other respiratory conditions originating in the perinatal period (P23-P28),GR130-097,2010,2010,817,3999386,0.2
,Other respiratory conditions originating in the perinatal period (P23-P28),GR130-097,2011,2011,818,3953590,0.21
,Other respiratory conditions originating in the perinatal period (P23-P28),GR130-097,2012,2012,798,3952841,0.2
,Other respiratory conditions originating in the perinatal period (P23-P28),GR130-097,2013,2013,788,3932181,0.2
,Other respiratory conditions originating in the perinatal period (P23-P28),GR130-097,2014,2014,757,3988076,0.19
,Other respiratory conditions originating in the perinatal period (P23-P28),GR130-097,2015,2015,787,3978497,0.2
,Other respiratory conditions originating in the perinatal period (P23-P28),GR130-097,2016,2016,812,3945875,0.21
,Other respiratory conditions originating in the perinatal period (P23-P28),GR130-097,2017,2017,736,3855500,0.19
,Other respiratory conditions originating in the perinatal period (P23-P28),GR130-097,2018,2018,753,3791712,0.2
,Other respiratory conditions originating in the perinatal period (P23-P28),GR130-097,2019,2019,790,3747540,0.21
,Other respiratory conditions originating in the perinatal period (P23-P28),GR130-097,2020,2020,702,3613647,0.19
,Other respiratory conditions originating in the perinatal period (P23-P28),GR130-097,2021,2021,714,3664292,0.19
,Other respiratory conditions originating in the perinatal period (P23-P28),GR130-097,2022,2022,857,3667758,0.23
,Other respiratory conditions originating in the perinatal period (P23-P28),GR130-097,2023,2023,876,3596017,0.24
,#Congenital pneumonia (P23),GR130-098,2007,2007,104,4316233,0.02
,#Congenital pneumonia (P23),GR130-098,2008,2008,73,4247726,0.02
,#Congenital pneumonia (P23),GR130-098,2009,2009,94,4130665,0.02
,#Congenital pneumonia (P23),GR130-098,2010,2010,71,3999386,0.02
,#Congenital pneumonia (P23),GR130-098,2011,2011,70,3953590,0.02
,#Congenital pneumonia (P23),GR130-098,2012,2012,61,3952841,0.02
,#Congenital pneumonia (P23),GR130-098,2013,2013,54,3932181,0.01
,#Congenital pneumonia (P23),GR130-098,2014,2014,55,3988076,0.01
,#Congenital pneumonia (P23),GR130-098,2015,2015,48,3978497,0.01
,#Congenital pneumonia (P23),GR130-098,2016,2016,52,3945875,0.01
,#Congenital pneumonia (P23),GR130-098,2017,2017,37,3855500,0.01
,#Congenital pneumonia (P23),GR130-098,2018,2018,47,3791712,0.01
,#Congenital pneumonia (P23),GR130-098,2019,2019,47,3747540,0.01
,#Congenital pneumonia (P23),GR130-098,2020,2020,34,3613647,0.01
,#Congenital pneumonia (P23),GR130-098,2021,2021,41,3664292,0.01
,#Congenital pneumonia (P23),GR130-098,2022,2022,55,3667758,0.01
,#Congenital pneumonia (P23),GR130-098,2023,2023,53,3596017,0.01
,#Neonatal aspiration syndromes (P24),GR130-099,2007,2007,50,4316233,0.01
,#Neonatal aspiration syndromes (P24),GR130-099,2008,2008,57,4247726,0.01
,#Neonatal aspiration syndromes (P24),GR130-099,2009,2009,45,4130665,0.01
,#Neonatal aspiration syndromes (P24),GR130-099,2010,2010,51,3999386,0.01
,#Neonatal aspiration syndromes (P24),GR130-099,2011,2011,48,3953590,0.01
,#Neonatal aspiration syndromes (P24),GR130-099,2012,2012,35,3952841,0.01
,#Neonatal aspiration syndromes (P24),GR130-099,2013,2013,41,3932181,0.01
,#Neonatal aspiration syndromes (P24),GR130-099,2014,2014,60,3988076,0.02
,#Neonatal aspiration syndromes (P24),GR130-099,2015,2015,46,3978497,0.01
,#Neonatal aspiration syndromes (P24),GR130-099,2016,2016,42,3945875,0.01
,#Neonatal aspiration syndromes (P24),GR130-099,2017,2017,48,3855500,0.01
,#Neonatal aspiration syndromes (P24),GR130-099,2018,2018,48,3791712,0.01
,#Neonatal aspiration syndromes (P24),GR130-099,2019,2019,38,3747540,0.01
,#Neonatal aspiration syndromes (P24),GR130-099,2020,2020,28,3613647,0.01
,#Neonatal aspiration syndromes (P24),GR130-099,2021,2021,43,3664292,0.01
,#Neonatal aspiration syndromes (P24),GR130-099,2022,2022,46,3667758,0.01
,#Neonatal aspiration syndromes (P24),GR130-099,2023,2023,57,3596017,0.02
,#Interstitial emphysema and related conditions originating in the perinatal period (P25),GR130-100,2007,2007,126,4316233,0.03
,#Interstitial emphysema and related conditions originating in the perinatal period (P25),GR130-100,2008,2008,124,4247726,0.03
,#Interstitial emphysema and related conditions originating in the perinatal period (P25),GR130-100,2009,2009,115,4130665,0.03
,#Interstitial emphysema and related conditions originating in the perinatal period (P25),GR130-100,2010,2010,107,3999386,0.03
,#Interstitial emphysema and related conditions originating in the perinatal period (P25),GR130-100,2011,2011,87,3953590,0.02
,#Interstitial emphysema and related conditions originating in the perinatal period (P25),GR130-100,2012,2012,88,3952841,0.02
,#Interstitial emphysema and related conditions originating in the perinatal period (P25),GR130-100,2013,2013,97,3932181,0.02
,#Interstitial emphysema and related conditions originating in the perinatal period (P25),GR130-100,2014,2014,89,3988076,0.02
,#Interstitial emphysema and related conditions originating in the perinatal period (P25),GR130-100,2015,2015,92,3978497,0.02
,#Interstitial emphysema and related conditions originating in the perinatal period (P25),GR130-100,2016,2016,103,3945875,0.03
,#Interstitial emphysema and related conditions originating in the perinatal period (P25),GR130-100,2017,2017,65,3855500,0.02
,#Interstitial emphysema and related conditions originating in the perinatal period (P25),GR130-100,2018,2018,68,3791712,0.02
,#Interstitial emphysema and related conditions originating in the perinatal period (P25),GR130-100,2019,2019,91,3747540,0.02
,#Interstitial emphysema and related conditions originating in the perinatal period (P25),GR130-100,2020,2020,66,3613647,0.02
,#Interstitial emphysema and related conditions originating in the perinatal period (P25),GR130-100,2021,2021,63,3664292,0.02
,#Interstitial emphysema and related conditions originating in the perinatal period (P25),GR130-100,2022,2022,74,3667758,0.02
,#Interstitial emphysema and related conditions originating in the perinatal period (P25),GR130-100,2023,2023,66,3596017,0.02
,#Pulmonary hemorrhage originating in the perinatal period (P26),GR130-101,2007,2007,162,4316233,0.04
,#Pulmonary hemorrhage originating in the perinatal period (P26),GR130-101,2008,2008,198,4247726,0.05
,#Pulmonary hemorrhage originating in the perinatal period (P26),GR130-101,2009,2009,161,4130665,0.04
,#Pulmonary hemorrhage originating in the perinatal period (P26),GR130-101,2010,2010,168,3999386,0.04
,#Pulmonary hemorrhage originating in the perinatal period (P26),GR130-101,2011,2011,176,3953590,0.04
,#Pulmonary hemorrhage originating in the perinatal period (P26),GR130-101,2012,2012,174,3952841,0.04
,#Pulmonary hemorrhage originating in the perinatal period (P26),GR130-101,2013,2013,157,3932181,0.04
,#Pulmonary hemorrhage originating in the perinatal period (P26),GR130-101,2014,2014,157,3988076,0.04
,#Pulmonary hemorrhage originating in the perinatal period (P26),GR130-101,2015,2015,153,3978497,0.04
,#Pulmonary hemorrhage originating in the perinatal period (P26),GR130-101,2016,2016,178,3945875,0.05
,#Pulmonary hemorrhage originating in the perinatal period (P26),GR130-101,2017,2017,134,3855500,0.03
,#Pulmonary hemorrhage originating in the perinatal period (P26),GR130-101,2018,2018,153,3791712,0.04
,#Pulmonary hemorrhage originating in the perinatal period (P26),GR130-101,2019,2019,136,3747540,0.04
,#Pulmonary hemorrhage originating in the perinatal period (P26),GR130-101,2020,2020,122,3613647,0.03
,#Pulmonary hemorrhage originating in the perinatal period (P26),GR130-101,2021,2021,146,3664292,0.04
,#Pulmonary hemorrhage originating in the perinatal period (P26),GR130-101,2022,2022,139,3667758,0.04
,#Pulmonary hemorrhage originating in the perinatal period (P26),GR130-101,2023,2023,191,3596017,0.05
,#Chronic respiratory disease originating in the perinatal period (P27),GR130-102,2007,2007,243,4316233,0.06
,#Chronic respiratory disease originating in the perinatal period (P27),GR130-102,2008,2008,237,4247726,0.06
,#Chronic respiratory disease originating in the perinatal period (P27),GR130-102,2009,2009,185,4130665,0.04
,#Chronic respiratory disease originating in the perinatal period (P27),GR130-102,2010,2010,107,3999386,0.03
,#Chronic respiratory disease originating in the perinatal period (P27),GR130-102,2011,2011,105,3953590,0.03
,#Chronic respiratory disease originating in the perinatal period (P27),GR130-102,2012,2012,118,3952841,0.03
,#Chronic respiratory disease originating in the perinatal period (P27),GR130-102,2013,2013,104,3932181,0.03
,#Chronic respiratory disease originating in the perinatal period (P27),GR130-102,2014,2014,99,3988076,0.02
,#Chronic respiratory disease originating in the perinatal period (P27),GR130-102,2015,2015,114,3978497,0.03
,#Chronic respiratory disease originating in the perinatal period (P27),GR130-102,2016,2016,94,3945875,0.02
,#Chronic respiratory disease originating in the perinatal period (P27),GR130-102,2017,2017,121,3855500,0.03
,#Chronic respiratory disease originating in the perinatal period (P27),GR130-102,2018,2018,159,3791712,0.04
,#Chronic respiratory disease originating in the perinatal period (P27),GR130-102,2019,2019,157,3747540,0.04
,#Chronic respiratory disease originating in the perinatal period (P27),GR130-102,2020,2020,128,3613647,0.04
,#Chronic respiratory disease originating in the perinatal period (P27),GR130-102,2021,2021,126,3664292,0.03
,#Chronic respiratory disease originating in the perinatal period (P27),GR130-102,2022,2022,171,3667758,0.05
,#Chronic respiratory disease originating in the perinatal period (P27),GR130-102,2023,2023,128,3596017,0.04
,#Atelectasis (P28.0-P28.1),GR130-103,2007,2007,365,4316233,0.08
,#Atelectasis (P28.0-P28.1),GR130-103,2008,2008,338,4247726,0.08
,#Atelectasis (P28.0-P28.1),GR130-103,2009,2009,283,4130665,0.07
,#Atelectasis (P28.0-P28.1),GR130-103,2010,2010,250,3999386,0.06
,#Atelectasis (P28.0-P28.1),GR130-103,2011,2011,272,3953590,0.07
,#Atelectasis (P28.0-P28.1),GR130-103,2012,2012,257,3952841,0.07
,#Atelectasis (P28.0-P28.1),GR130-103,2013,2013,255,3932181,0.06
,#Atelectasis (P28.0-P28.1),GR130-103,2014,2014,240,3988076,0.06
,#Atelectasis (P28.0-P28.1),GR130-103,2015,2015,271,3978497,0.07
,#Atelectasis (P28.0-P28.1),GR130-103,2016,2016,277,3945875,0.07
,#Atelectasis (P28.0-P28.1),GR130-103,2017,2017,257,3855500,0.07
,#Atelectasis (P28.0-P28.1),GR130-103,2018,2018,215,3791712,0.06
,#Atelectasis (P28.0-P28.1),GR130-103,2019,2019,250,3747540,0.07
,#Atelectasis (P28.0-P28.1),GR130-103,2020,2020,248,3613647,0.07
,#Atelectasis (P28.0-P28.1),GR130-103,2021,2021,244,3664292,0.07
,#Atelectasis (P28.0-P28.1),GR130-103,2022,2022,289,3667758,0.08
,#Atelectasis (P28.0-P28.1),GR130-103,2023,2023,308,3596017,0.09
,All other respiratory conditions originating in the perinatal period (P28.2-P28.9),GR130-104,2007,2007,69,4316233,0.02
,All other respiratory conditions originating in the perinatal period (P28.2-P28.9),GR130-104,2008,2008,76,4247726,0.02
,All other respiratory conditions originating in the perinatal period (P28.2-P28.9),GR130-104,2009,2009,80,4130665,0.02
,All other respiratory conditions originating in the perinatal period (P28.2-P28.9),GR130-104,2010,2010,63,3999386,0.02
,All other respiratory conditions originating in the perinatal period (P28.2-P28.9),GR130-104,2011,2011,61,3953590,0.02
,All other respiratory conditions originating in the perinatal period (P28.2-P28.9),GR130-104,2012,2012,66,3952841,0.02
,All other respiratory conditions originating in the perinatal period (P28.2-P28.9),GR130-104,2013,2013,79,3932181,0.02
,All other respiratory conditions originating in the perinatal period (P28.2-P28.9),GR130-104,2014,2014,56,3988076,0.01
,All other respiratory conditions originating in the perinatal period (P28.2-P28.9),GR130-104,2015,2015,63,3978497,0.02
,All other respiratory conditions originating in the perinatal period (P28.2-P28.9),GR130-104,2016,2016,65,3945875,0.02
,All other respiratory conditions originating in the perinatal period (P28.2-P28.9),GR130-104,2017,2017,73,3855500,0.02
,All other respiratory conditions originating in the perinatal period (P28.2-P28.9),GR130-104,2018,2018,62,3791712,0.02
,All other respiratory conditions originating in the perinatal period (P28.2-P28.9),GR130-104,2019,2019,71,3747540,0.02
,All other respiratory conditions originating in the perinatal period (P28.2-P28.9),GR130-104,2020,2020,76,3613647,0.02
,All other respiratory conditions originating in the perinatal period (P28.2-P28.9),GR130-104,2021,2021,51,3664292,0.01
,All other respiratory conditions originating in the perinatal period (P28.2-P28.9),GR130-104,2022,2022,82,3667758,0.02
,All other respiratory conditions originating in the perinatal period (P28.2-P28.9),GR130-104,2023,2023,73,3596017,0.02
,Infections specific to the perinatal period (P35-P39),GR130-105,2007,2007,1065,4316233,0.25
,Infections specific to the perinatal period (P35-P39),GR130-105,2008,2008,906,4247726,0.21
,Infections specific to the perinatal period (P35-P39),GR130-105,2009,2009,834,4130665,0.2
,Infections specific to the perinatal period (P35-P39),GR130-105,2010,2010,749,3999386,0.19
,Infections specific to the perinatal period (P35-P39),GR130-105,2011,2011,724,3953590,0.18
,Infections specific to the perinatal period (P35-P39),GR130-105,2012,2012,723,3952841,0.18
,Infections specific to the perinatal period (P35-P39),GR130-105,2013,2013,743,3932181,0.19
,Infections specific to the perinatal period (P35-P39),GR130-105,2014,2014,694,3988076,0.17
,Infections specific to the perinatal period (P35-P39),GR130-105,2015,2015,766,3978497,0.19
,Infections specific to the perinatal period (P35-P39),GR130-105,2016,2016,768,3945875,0.19
,Infections specific to the perinatal period (P35-P39),GR130-105,2017,2017,763,3855500,0.2
,Infections specific to the perinatal period (P35-P39),GR130-105,2018,2018,723,3791712,0.19
,Infections specific to the perinatal period (P35-P39),GR130-105,2019,2019,765,3747540,0.2
,Infections specific to the perinatal period (P35-P39),GR130-105,2020,2020,700,3613647,0.19
,Infections specific to the perinatal period (P35-P39),GR130-105,2021,2021,721,3664292,0.2
,Infections specific to the perinatal period (P35-P39),GR130-105,2022,2022,812,3667758,0.22
,Infections specific to the perinatal period (P35-P39),GR130-105,2023,2023,814,3596017,0.23
,#Bacterial sepsis of newborn (P36),GR130-106,2007,2007,828,4316233,0.19
,#Bacterial sepsis of newborn (P36),GR130-106,2008,2008,702,4247726,0.17
,#Bacterial sepsis of newborn (P36),GR130-106,2009,2009,654,4130665,0.16
,#Bacterial sepsis of newborn (P36),GR130-106,2010,2010,588,3999386,0.15
,#Bacterial sepsis of newborn (P36),GR130-106,2011,2011,533,3953590,0.13
,#Bacterial sepsis of newborn (P36),GR130-106,2012,2012,565,3952841,0.14
,#Bacterial sepsis of newborn (P36),GR130-106,2013,2013,582,3932181,0.15
,#Bacterial sepsis of newborn (P36),GR130-106,2014,2014,547,3988076,0.14
,#Bacterial sepsis of newborn (P36),GR130-106,2015,2015,599,3978497,0.15
,#Bacterial sepsis of newborn (P36),GR130-106,2016,2016,584,3945875,0.15
,#Bacterial sepsis of newborn (P36),GR130-106,2017,2017,593,3855500,0.15
,#Bacterial sepsis of newborn (P36),GR130-106,2018,2018,582,3791712,0.15
,#Bacterial sepsis of newborn (P36),GR130-106,2019,2019,607,3747540,0.16
,#Bacterial sepsis of newborn (P36),GR130-106,2020,2020,543,3613647,0.15
,#Bacterial sepsis of newborn (P36),GR130-106,2021,2021,560,3664292,0.15
,#Bacterial sepsis of newborn (P36),GR130-106,2022,2022,640,3667758,0.17
,#Bacterial sepsis of newborn (P36),GR130-106,2023,2023,626,3596017,0.17
,#Omphalitis of newborn with or without mild hemorrhage (P38),GR130-107,2007,2007,Suppressed,4316233,Suppressed
,#Omphalitis of newborn with or without mild hemorrhage (P38),GR130-107,2008,2008,Suppressed,4247726,Suppressed
,#Omphalitis of newborn with or without mild hemorrhage (P38),GR130-107,2009,2009,Suppressed,4130665,Suppressed
,#Omphalitis of newborn with or without mild hemorrhage (P38),GR130-107,2010,2010,Suppressed,3999386,Suppressed
,#Omphalitis of newborn with or without mild hemorrhage (P38),GR130-107,2011,2011,Suppressed,3953590,Suppressed
,#Omphalitis of newborn with or without mild hemorrhage (P38),GR130-107,2012,2012,Suppressed,3952841,Suppressed
,#Omphalitis of newborn with or without mild hemorrhage (P38),GR130-107,2013,2013,Suppressed,3932181,Suppressed
,#Omphalitis of newborn with or without mild hemorrhage (P38),GR130-107,2014,2014,Suppressed,3988076,Suppressed
,#Omphalitis of newborn with or without mild hemorrhage (P38),GR130-107,2015,2015,Suppressed,3978497,Suppressed
,#Omphalitis of newborn with or without mild hemorrhage (P38),GR130-107,2016,2016,Suppressed,3945875,Suppressed
,#Omphalitis of newborn with or without mild hemorrhage (P38),GR130-107,2017,2017,0,3855500,0
,#Omphalitis of newborn with or without mild hemorrhage (P38),GR130-107,2018,2018,0,3791712,0
,#Omphalitis of newborn with or without mild hemorrhage (P38),GR130-107,2019,2019,Suppressed,3747540,Suppressed
,#Omphalitis of newborn with or without mild hemorrhage (P38),GR130-107,2020,2020,Suppressed,3613647,Suppressed
,#Omphalitis of newborn with or without mild hemorrhage (P38),GR130-107,2021,2021,Suppressed,3664292,Suppressed
,#Omphalitis of newborn with or without mild hemorrhage (P38),GR130-107,2022,2022,0,3667758,0
,#Omphalitis of newborn with or without mild hemorrhage (P38),GR130-107,2023,2023,Suppressed,3596017,Suppressed
,"All other infections specific to the perinatal period (P35,P37,P39)",GR130-108,2007,2007,234,4316233,0.05
,"All other infections specific to the perinatal period (P35,P37,P39)",GR130-108,2008,2008,202,4247726,0.05
,"All other infections specific to the perinatal period (P35,P37,P39)",GR130-108,2009,2009,176,4130665,0.04
,"All other infections specific to the perinatal period (P35,P37,P39)",GR130-108,2010,2010,160,3999386,0.04
,"All other infections specific to the perinatal period (P35,P37,P39)",GR130-108,2011,2011,189,3953590,0.05
,"All other infections specific to the perinatal period (P35,P37,P39)",GR130-108,2012,2012,155,3952841,0.04
,"All other infections specific to the perinatal period (P35,P37,P39)",GR130-108,2013,2013,160,3932181,0.04
,"All other infections specific to the perinatal period (P35,P37,P39)",GR130-108,2014,2014,145,3988076,0.04
,"All other infections specific to the perinatal period (P35,P37,P39)",GR130-108,2015,2015,166,3978497,0.04
,"All other infections specific to the perinatal period (P35,P37,P39)",GR130-108,2016,2016,184,3945875,0.05
,"All other infections specific to the perinatal period (P35,P37,P39)",GR130-108,2017,2017,169,3855500,0.04
,"All other infections specific to the perinatal period (P35,P37,P39)",GR130-108,2018,2018,142,3791712,0.04
,"All other infections specific to the perinatal period (P35,P37,P39)",GR130-108,2019,2019,157,3747540,0.04
,"All other infections specific to the perinatal period (P35,P37,P39)",GR130-108,2020,2020,154,3613647,0.04
,"All other infections specific to the perinatal period (P35,P37,P39)",GR130-108,2021,2021,159,3664292,0.04
,"All other infections specific to the perinatal period (P35,P37,P39)",GR130-108,2022,2022,172,3667758,0.05
,"All other infections specific to the perinatal period (P35,P37,P39)",GR130-108,2023,2023,188,3596017,0.05
,Hemorrhagic and hematological disorders of newborn (P50-P61),GR130-109,2007,2007,721,4316233,0.17
,Hemorrhagic and hematological disorders of newborn (P50-P61),GR130-109,2008,2008,650,4247726,0.15
,Hemorrhagic and hematological disorders of newborn (P50-P61),GR130-109,2009,2009,627,4130665,0.15
,Hemorrhagic and hematological disorders of newborn (P50-P61),GR130-109,2010,2010,558,3999386,0.14
,Hemorrhagic and hematological disorders of newborn (P50-P61),GR130-109,2011,2011,562,3953590,0.14
,Hemorrhagic and hematological disorders of newborn (P50-P61),GR130-109,2012,2012,519,3952841,0.13
,Hemorrhagic and hematological disorders of newborn (P50-P61),GR130-109,2013,2013,497,3932181,0.13
,Hemorrhagic and hematological disorders of newborn (P50-P61),GR130-109,2014,2014,561,3988076,0.14
,Hemorrhagic and hematological disorders of newborn (P50-P61),GR130-109,2015,2015,518,3978497,0.13
,Hemorrhagic and hematological disorders of newborn (P50-P61),GR130-109,2016,2016,518,3945875,0.13
,Hemorrhagic and hematological disorders of newborn (P50-P61),GR130-109,2017,2017,502,3855500,0.13
,Hemorrhagic and hematological disorders of newborn (P50-P61),GR130-109,2018,2018,479,3791712,0.13
,Hemorrhagic and hematological disorders of newborn (P50-P61),GR130-109,2019,2019,462,3747540,0.12
,Hemorrhagic and hematological disorders of newborn (P50-P61),GR130-109,2020,2020,437,3613647,0.12
,Hemorrhagic and hematological disorders of newborn (P50-P61),GR130-109,2021,2021,452,3664292,0.12
,Hemorrhagic and hematological disorders of newborn (P50-P61),GR130-109,2022,2022,480,3667758,0.13
,Hemorrhagic and hematological disorders of newborn (P50-P61),GR130-109,2023,2023,455,3596017,0.13
,"#Neonatal hemorrhage (P50-P52,P54)",GR130-110,2007,2007,604,4316233,0.14
,"#Neonatal hemorrhage (P50-P52,P54)",GR130-110,2008,2008,555,4247726,0.13
,"#Neonatal hemorrhage (P50-P52,P54)",GR130-110,2009,2009,519,4130665,0.13
,"#Neonatal hemorrhage (P50-P52,P54)",GR130-110,2010,2010,472,3999386,0.12
,"#Neonatal hemorrhage (P50-P52,P54)",GR130-110,2011,2011,461,3953590,0.12
,"#Neonatal hemorrhage (P50-P52,P54)",GR130-110,2012,2012,425,3952841,0.11
,"#Neonatal hemorrhage (P50-P52,P54)",GR130-110,2013,2013,393,3932181,0.1
,"#Neonatal hemorrhage (P50-P52,P54)",GR130-110,2014,2014,444,3988076,0.11
,"#Neonatal hemorrhage (P50-P52,P54)",GR130-110,2015,2015,408,3978497,0.1
,"#Neonatal hemorrhage (P50-P52,P54)",GR130-110,2016,2016,400,3945875,0.1
,"#Neonatal hemorrhage (P50-P52,P54)",GR130-110,2017,2017,382,3855500,0.1
,"#Neonatal hemorrhage (P50-P52,P54)",GR130-110,2018,2018,377,3791712,0.1
,"#Neonatal hemorrhage (P50-P52,P54)",GR130-110,2019,2019,351,3747540,0.09
,"#Neonatal hemorrhage (P50-P52,P54)",GR130-110,2020,2020,319,3613647,0.09
,"#Neonatal hemorrhage (P50-P52,P54)",GR130-110,2021,2021,344,3664292,0.09
,"#Neonatal hemorrhage (P50-P52,P54)",GR130-110,2022,2022,337,3667758,0.09
,"#Neonatal hemorrhage (P50-P52,P54)",GR130-110,2023,2023,344,3596017,0.1
,#Hemorrhagic disease of newborn (P53),GR130-111,2007,2007,0,4316233,0
,#Hemorrhagic disease of newborn (P53),GR130-111,2008,2008,Suppressed,4247726,Suppressed
,#Hemorrhagic disease of newborn (P53),GR130-111,2009,2009,Suppressed,4130665,Suppressed
,#Hemorrhagic disease of newborn (P53),GR130-111,2010,2010,Suppressed,3999386,Suppressed
,#Hemorrhagic disease of newborn (P53),GR130-111,2011,2011,0,3953590,0
,#Hemorrhagic disease of newborn (P53),GR130-111,2012,2012,0,3952841,0
,#Hemorrhagic disease of newborn (P53),GR130-111,2013,2013,Suppressed,3932181,Suppressed
,#Hemorrhagic disease of newborn (P53),GR130-111,2014,2014,Suppressed,3988076,Suppressed
,#Hemorrhagic disease of newborn (P53),GR130-111,2015,2015,Suppressed,3978497,Suppressed
,#Hemorrhagic disease of newborn (P53),GR130-111,2016,2016,Suppressed,3945875,Suppressed
,#Hemorrhagic disease of newborn (P53),GR130-111,2017,2017,0,3855500,0
,#Hemorrhagic disease of newborn (P53),GR130-111,2018,2018,Suppressed,3791712,Suppressed
,#Hemorrhagic disease of newborn (P53),GR130-111,2019,2019,Suppressed,3747540,Suppressed
,#Hemorrhagic disease of newborn (P53),GR130-111,2020,2020,0,3613647,0
,#Hemorrhagic disease of newborn (P53),GR130-111,2021,2021,Suppressed,3664292,Suppressed
,#Hemorrhagic disease of newborn (P53),GR130-111,2022,2022,0,3667758,0
,#Hemorrhagic disease of newborn (P53),GR130-111,2023,2023,Suppressed,3596017,Suppressed
,#Hemolytic disease of newborn due to isoimmunization and other perinatal jaundice (P55-P59),GR130-112,2007,2007,15,4316233,0.00 (Unreliable)
,#Hemolytic disease of newborn due to isoimmunization and other perinatal jaundice (P55-P59),GR130-112,2008,2008,10,4247726,0.00 (Unreliable)
,#Hemolytic disease of newborn due to isoimmunization and other perinatal jaundice (P55-P59),GR130-112,2009,2009,15,4130665,0.00 (Unreliable)
,#Hemolytic disease of newborn due to isoimmunization and other perinatal jaundice (P55-P59),GR130-112,2010,2010,Suppressed,3999386,Suppressed
,#Hemolytic disease of newborn due to isoimmunization and other perinatal jaundice (P55-P59),GR130-112,2011,2011,18,3953590,0.00 (Unreliable)
,#Hemolytic disease of newborn due to isoimmunization and other perinatal jaundice (P55-P59),GR130-112,2012,2012,12,3952841,0.00 (Unreliable)
,#Hemolytic disease of newborn due to isoimmunization and other perinatal jaundice (P55-P59),GR130-112,2013,2013,15,3932181,0.00 (Unreliable)
,#Hemolytic disease of newborn due to isoimmunization and other perinatal jaundice (P55-P59),GR130-112,2014,2014,10,3988076,0.00 (Unreliable)
,#Hemolytic disease of newborn due to isoimmunization and other perinatal jaundice (P55-P59),GR130-112,2015,2015,Suppressed,3978497,Suppressed
,#Hemolytic disease of newborn due to isoimmunization and other perinatal jaundice (P55-P59),GR130-112,2016,2016,19,3945875,0.00 (Unreliable)
,#Hemolytic disease of newborn due to isoimmunization and other perinatal jaundice (P55-P59),GR130-112,2017,2017,11,3855500,0.00 (Unreliable)
,#Hemolytic disease of newborn due to isoimmunization and other perinatal jaundice (P55-P59),GR130-112,2018,2018,10,3791712,0.00 (Unreliable)
,#Hemolytic disease of newborn due to isoimmunization and other perinatal jaundice (P55-P59),GR130-112,2019,2019,16,3747540,0.00 (Unreliable)
,#Hemolytic disease of newborn due to isoimmunization and other perinatal jaundice (P55-P59),GR130-112,2020,2020,Suppressed,3613647,Suppressed
,#Hemolytic disease of newborn due to isoimmunization and other perinatal jaundice (P55-P59),GR130-112,2021,2021,Suppressed,3664292,Suppressed
,#Hemolytic disease of newborn due to isoimmunization and other perinatal jaundice (P55-P59),GR130-112,2022,2022,11,3667758,0.00 (Unreliable)
,#Hemolytic disease of newborn due to isoimmunization and other perinatal jaundice (P55-P59),GR130-112,2023,2023,14,3596017,0.00 (Unreliable)
,#Hematological disorders (P60-P61),GR130-113,2007,2007,101,4316233,0.02
,#Hematological disorders (P60-P61),GR130-113,2008,2008,82,4247726,0.02
,#Hematological disorders (P60-P61),GR130-113,2009,2009,91,4130665,0.02
,#Hematological disorders (P60-P61),GR130-113,2010,2010,78,3999386,0.02
,#Hematological disorders (P60-P61),GR130-113,2011,2011,83,3953590,0.02
,#Hematological disorders (P60-P61),GR130-113,2012,2012,81,3952841,0.02
,#Hematological disorders (P60-P61),GR130-113,2013,2013,88,3932181,0.02
,#Hematological disorders (P60-P61),GR130-113,2014,2014,105,3988076,0.03
,#Hematological disorders (P60-P61),GR130-113,2015,2015,104,3978497,0.03
,#Hematological disorders (P60-P61),GR130-113,2016,2016,95,3945875,0.02
,#Hematological disorders (P60-P61),GR130-113,2017,2017,109,3855500,0.03
,#Hematological disorders (P60-P61),GR130-113,2018,2018,91,3791712,0.02
,#Hematological disorders (P60-P61),GR130-113,2019,2019,94,3747540,0.03
,#Hematological disorders (P60-P61),GR130-113,2020,2020,112,3613647,0.03
,#Hematological disorders (P60-P61),GR130-113,2021,2021,97,3664292,0.03
,#Hematological disorders (P60-P61),GR130-113,2022,2022,131,3667758,0.04
,#Hematological disorders (P60-P61),GR130-113,2023,2023,94,3596017,0.03
,#Syndrome of infant of a diabetic mother and neonatal diabetes mellitus (P70.0-P70.2),GR130-114,2007,2007,14,4316233,0.00 (Unreliable)
,#Syndrome of infant of a diabetic mother and neonatal diabetes mellitus (P70.0-P70.2),GR130-114,2008,2008,10,4247726,0.00 (Unreliable)
,#Syndrome of infant of a diabetic mother and neonatal diabetes mellitus (P70.0-P70.2),GR130-114,2009,2009,11,4130665,0.00 (Unreliable)
,#Syndrome of infant of a diabetic mother and neonatal diabetes mellitus (P70.0-P70.2),GR130-114,2010,2010,Suppressed,3999386,Suppressed
,#Syndrome of infant of a diabetic mother and neonatal diabetes mellitus (P70.0-P70.2),GR130-114,2011,2011,10,3953590,0.00 (Unreliable)
,#Syndrome of infant of a diabetic mother and neonatal diabetes mellitus (P70.0-P70.2),GR130-114,2012,2012,Suppressed,3952841,Suppressed
,#Syndrome of infant of a diabetic mother and neonatal diabetes mellitus (P70.0-P70.2),GR130-114,2013,2013,Suppressed,3932181,Suppressed
,#Syndrome of infant of a diabetic mother and neonatal diabetes mellitus (P70.0-P70.2),GR130-114,2014,2014,Suppressed,3988076,Suppressed
,#Syndrome of infant of a diabetic mother and neonatal diabetes mellitus (P70.0-P70.2),GR130-114,2015,2015,Suppressed,3978497,Suppressed
,#Syndrome of infant of a diabetic mother and neonatal diabetes mellitus (P70.0-P70.2),GR130-114,2016,2016,14,3945875,0.00 (Unreliable)
,#Syndrome of infant of a diabetic mother and neonatal diabetes mellitus (P70.0-P70.2),GR130-114,2017,2017,14,3855500,0.00 (Unreliable)
,#Syndrome of infant of a diabetic mother and neonatal diabetes mellitus (P70.0-P70.2),GR130-114,2018,2018,Suppressed,3791712,Suppressed
,#Syndrome of infant of a diabetic mother and neonatal diabetes mellitus (P70.0-P70.2),GR130-114,2019,2019,12,3747540,0.00 (Unreliable)
,#Syndrome of infant of a diabetic mother and neonatal diabetes mellitus (P70.0-P70.2),GR130-114,2020,2020,Suppressed,3613647,Suppressed
,#Syndrome of infant of a diabetic mother and neonatal diabetes mellitus (P70.0-P70.2),GR130-114,2021,2021,10,3664292,0.00 (Unreliable)
,#Syndrome of infant of a diabetic mother and neonatal diabetes mellitus (P70.0-P70.2),GR130-114,2022,2022,11,3667758,0.00 (Unreliable)
,#Syndrome of infant of a diabetic mother and neonatal diabetes mellitus (P70.0-P70.2),GR130-114,2023,2023,Suppressed,3596017,Suppressed
,#Necrotizing enterocolitis of newborn (P77),GR130-115,2007,2007,556,4316233,0.13
,#Necrotizing enterocolitis of newborn (P77),GR130-115,2008,2008,553,4247726,0.13
,#Necrotizing enterocolitis of newborn (P77),GR130-115,2009,2009,483,4130665,0.12
,#Necrotizing enterocolitis of newborn (P77),GR130-115,2010,2010,474,3999386,0.12
,#Necrotizing enterocolitis of newborn (P77),GR130-115,2011,2011,397,3953590,0.1
,#Necrotizing enterocolitis of newborn (P77),GR130-115,2012,2012,344,3952841,0.09
,#Necrotizing enterocolitis of newborn (P77),GR130-115,2013,2013,357,3932181,0.09
,#Necrotizing enterocolitis of newborn (P77),GR130-115,2014,2014,381,3988076,0.1
,#Necrotizing enterocolitis of newborn (P77),GR130-115,2015,2015,364,3978497,0.09
,#Necrotizing enterocolitis of newborn (P77),GR130-115,2016,2016,343,3945875,0.09
,#Necrotizing enterocolitis of newborn (P77),GR130-115,2017,2017,337,3855500,0.09
,#Necrotizing enterocolitis of newborn (P77),GR130-115,2018,2018,298,3791712,0.08
,#Necrotizing enterocolitis of newborn (P77),GR130-115,2019,2019,356,3747540,0.09
,#Necrotizing enterocolitis of newborn (P77),GR130-115,2020,2020,301,3613647,0.08
,#Necrotizing enterocolitis of newborn (P77),GR130-115,2021,2021,316,3664292,0.09
,#Necrotizing enterocolitis of newborn (P77),GR130-115,2022,2022,356,3667758,0.1
,#Necrotizing enterocolitis of newborn (P77),GR130-115,2023,2023,339,3596017,0.09
,#Hydrops fetalis not due to hemolytic disease (P83.2),GR130-116,2007,2007,183,4316233,0.04
,#Hydrops fetalis not due to hemolytic disease (P83.2),GR130-116,2008,2008,172,4247726,0.04
,#Hydrops fetalis not due to hemolytic disease (P83.2),GR130-116,2009,2009,194,4130665,0.05
,#Hydrops fetalis not due to hemolytic disease (P83.2),GR130-116,2010,2010,152,3999386,0.04
,#Hydrops fetalis not due to hemolytic disease (P83.2),GR130-116,2011,2011,174,3953590,0.04
,#Hydrops fetalis not due to hemolytic disease (P83.2),GR130-116,2012,2012,186,3952841,0.05
,#Hydrops fetalis not due to hemolytic disease (P83.2),GR130-116,2013,2013,186,3932181,0.05
,#Hydrops fetalis not due to hemolytic disease (P83.2),GR130-116,2014,2014,180,3988076,0.05
,#Hydrops fetalis not due to hemolytic disease (P83.2),GR130-116,2015,2015,178,3978497,0.04
,#Hydrops fetalis not due to hemolytic disease (P83.2),GR130-116,2016,2016,181,3945875,0.05
,#Hydrops fetalis not due to hemolytic disease (P83.2),GR130-116,2017,2017,165,3855500,0.04
,#Hydrops fetalis not due to hemolytic disease (P83.2),GR130-116,2018,2018,190,3791712,0.05
,#Hydrops fetalis not due to hemolytic disease (P83.2),GR130-116,2019,2019,175,3747540,0.05
,#Hydrops fetalis not due to hemolytic disease (P83.2),GR130-116,2020,2020,173,3613647,0.05
,#Hydrops fetalis not due to hemolytic disease (P83.2),GR130-116,2021,2021,177,3664292,0.05
,#Hydrops fetalis not due to hemolytic disease (P83.2),GR130-116,2022,2022,175,3667758,0.05
,#Hydrops fetalis not due to hemolytic disease (P83.2),GR130-116,2023,2023,188,3596017,0.05
,"Other perinatal conditions (P29,P70.3-P70.9,P71-P76,P78-P81,P83.0-P83.1,P83.3-P83.9,P90-P96)",GR130-117,2007,2007,1437,4316233,0.33
,"Other perinatal conditions (P29,P70.3-P70.9,P71-P76,P78-P81,P83.0-P83.1,P83.3-P83.9,P90-P96)",GR130-117,2008,2008,1380,4247726,0.32
,"Other perinatal conditions (P29,P70.3-P70.9,P71-P76,P78-P81,P83.0-P83.1,P83.3-P83.9,P90-P96)",GR130-117,2009,2009,1369,4130665,0.33
,"Other perinatal conditions (P29,P70.3-P70.9,P71-P76,P78-P81,P83.0-P83.1,P83.3-P83.9,P90-P96)",GR130-117,2010,2010,1267,3999386,0.32
,"Other perinatal conditions (P29,P70.3-P70.9,P71-P76,P78-P81,P83.0-P83.1,P83.3-P83.9,P90-P96)",GR130-117,2011,2011,1318,3953590,0.33
,"Other perinatal conditions (P29,P70.3-P70.9,P71-P76,P78-P81,P83.0-P83.1,P83.3-P83.9,P90-P96)",GR130-117,2012,2012,1268,3952841,0.32
,"Other perinatal conditions (P29,P70.3-P70.9,P71-P76,P78-P81,P83.0-P83.1,P83.3-P83.9,P90-P96)",GR130-117,2013,2013,1339,3932181,0.34
,"Other perinatal conditions (P29,P70.3-P70.9,P71-P76,P78-P81,P83.0-P83.1,P83.3-P83.9,P90-P96)",GR130-117,2014,2014,1302,3988076,0.33
,"Other perinatal conditions (P29,P70.3-P70.9,P71-P76,P78-P81,P83.0-P83.1,P83.3-P83.9,P90-P96)",GR130-117,2015,2015,1228,3978497,0.31
,"Other perinatal conditions (P29,P70.3-P70.9,P71-P76,P78-P81,P83.0-P83.1,P83.3-P83.9,P90-P96)",GR130-117,2016,2016,1300,3945875,0.33
,"Other perinatal conditions (P29,P70.3-P70.9,P71-P76,P78-P81,P83.0-P83.1,P83.3-P83.9,P90-P96)",GR130-117,2017,2017,1301,3855500,0.34
,"Other perinatal conditions (P29,P70.3-P70.9,P71-P76,P78-P81,P83.0-P83.1,P83.3-P83.9,P90-P96)",GR130-117,2018,2018,1236,3791712,0.33
,"Other perinatal conditions (P29,P70.3-P70.9,P71-P76,P78-P81,P83.0-P83.1,P83.3-P83.9,P90-P96)",GR130-117,2019,2019,1172,3747540,0.31
,"Other perinatal conditions (P29,P70.3-P70.9,P71-P76,P78-P81,P83.0-P83.1,P83.3-P83.9,P90-P96)",GR130-117,2020,2020,1192,3613647,0.33
,"Other perinatal conditions (P29,P70.3-P70.9,P71-P76,P78-P81,P83.0-P83.1,P83.3-P83.9,P90-P96)",GR130-117,2021,2021,1169,3664292,0.32
,"Other perinatal conditions (P29,P70.3-P70.9,P71-P76,P78-P81,P83.0-P83.1,P83.3-P83.9,P90-P96)",GR130-117,2022,2022,1376,3667758,0.38
,"Other perinatal conditions (P29,P70.3-P70.9,P71-P76,P78-P81,P83.0-P83.1,P83.3-P83.9,P90-P96)",GR130-117,2023,2023,1333,3596017,0.37
,"#Congenital malformations, deformations and chromosomal abnormalities (Q00-Q99)",GR130-118,2007,2007,5823,4316233,1.35
,"#Congenital malformations, deformations and chromosomal abnormalities (Q00-Q99)",GR130-118,2008,2008,5681,4247726,1.34
,"#Congenital malformations, deformations and chromosomal abnormalities (Q00-Q99)",GR130-118,2009,2009,5358,4130665,1.3
,"#Congenital malformations, deformations and chromosomal abnormalities (Q00-Q99)",GR130-118,2010,2010,5115,3999386,1.28
,"#Congenital malformations, deformations and chromosomal abnormalities (Q00-Q99)",GR130-118,2011,2011,5016,3953590,1.27
,"#Congenital malformations, deformations and chromosomal abnormalities (Q00-Q99)",GR130-118,2012,2012,4967,3952841,1.26
,"#Congenital malformations, deformations and chromosomal abnormalities (Q00-Q99)",GR130-118,2013,2013,4778,3932181,1.22
,"#Congenital malformations, deformations and chromosomal abnormalities (Q00-Q99)",GR130-118,2014,2014,4754,3988076,1.19
,"#Congenital malformations, deformations and chromosomal abnormalities (Q00-Q99)",GR130-118,2015,2015,4847,3978497,1.22
,"#Congenital malformations, deformations and chromosomal abnormalities (Q00-Q99)",GR130-118,2016,2016,4823,3945875,1.22
,"#Congenital malformations, deformations and chromosomal abnormalities (Q00-Q99)",GR130-118,2017,2017,4596,3855500,1.19
,"#Congenital malformations, deformations and chromosomal abnormalities (Q00-Q99)",GR130-118,2018,2018,4501,3791712,1.19
,"#Congenital malformations, deformations and chromosomal abnormalities (Q00-Q99)",GR130-118,2019,2019,4313,3747540,1.15
,"#Congenital malformations, deformations and chromosomal abnormalities (Q00-Q99)",GR130-118,2020,2020,4047,3613647,1.12
,"#Congenital malformations, deformations and chromosomal abnormalities (Q00-Q99)",GR130-118,2021,2021,3990,3664292,1.09
,"#Congenital malformations, deformations and chromosomal abnormalities (Q00-Q99)",GR130-118,2022,2022,4004,3667758,1.09
,"#Congenital malformations, deformations and chromosomal abnormalities (Q00-Q99)",GR130-118,2023,2023,4030,3596017,1.12
,Anencephaly and similar malformations (Q00),GR130-119,2007,2007,323,4316233,0.07
,Anencephaly and similar malformations (Q00),GR130-119,2008,2008,342,4247726,0.08
,Anencephaly and similar malformations (Q00),GR130-119,2009,2009,329,4130665,0.08
,Anencephaly and similar malformations (Q00),GR130-119,2010,2010,297,3999386,0.07
,Anencephaly and similar malformations (Q00),GR130-119,2011,2011,278,3953590,0.07
,Anencephaly and similar malformations (Q00),GR130-119,2012,2012,335,3952841,0.08
,Anencephaly and similar malformations (Q00),GR130-119,2013,2013,297,3932181,0.08
,Anencephaly and similar malformations (Q00),GR130-119,2014,2014,313,3988076,0.08
,Anencephaly and similar malformations (Q00),GR130-119,2015,2015,296,3978497,0.07
,Anencephaly and similar malformations (Q00),GR130-119,2016,2016,297,3945875,0.08
,Anencephaly and similar malformations (Q00),GR130-119,2017,2017,317,3855500,0.08
,Anencephaly and similar malformations (Q00),GR130-119,2018,2018,267,3791712,0.07
,Anencephaly and similar malformations (Q00),GR130-119,2019,2019,280,3747540,0.07
,Anencephaly and similar malformations (Q00),GR130-119,2020,2020,267,3613647,0.07
,Anencephaly and similar malformations (Q00),GR130-119,2021,2021,230,3664292,0.06
,Anencephaly and similar malformations (Q00),GR130-119,2022,2022,280,3667758,0.08
,Anencephaly and similar malformations (Q00),GR130-119,2023,2023,274,3596017,0.08
,Congenital hydrocephalus (Q03),GR130-120,2007,2007,94,4316233,0.02
,Congenital hydrocephalus (Q03),GR130-120,2008,2008,106,4247726,0.02
,Congenital hydrocephalus (Q03),GR130-120,2009,2009,107,4130665,0.03
,Congenital hydrocephalus (Q03),GR130-120,2010,2010,104,3999386,0.03
,Congenital hydrocephalus (Q03),GR130-120,2011,2011,81,3953590,0.02
,Congenital hydrocephalus (Q03),GR130-120,2012,2012,64,3952841,0.02
,Congenital hydrocephalus (Q03),GR130-120,2013,2013,63,3932181,0.02
,Congenital hydrocephalus (Q03),GR130-120,2014,2014,66,3988076,0.02
,Congenital hydrocephalus (Q03),GR130-120,2015,2015,70,3978497,0.02
,Congenital hydrocephalus (Q03),GR130-120,2016,2016,85,3945875,0.02
,Congenital hydrocephalus (Q03),GR130-120,2017,2017,62,3855500,0.02
,Congenital hydrocephalus (Q03),GR130-120,2018,2018,79,3791712,0.02
,Congenital hydrocephalus (Q03),GR130-120,2019,2019,68,3747540,0.02
,Congenital hydrocephalus (Q03),GR130-120,2020,2020,61,3613647,0.02
,Congenital hydrocephalus (Q03),GR130-120,2021,2021,71,3664292,0.02
,Congenital hydrocephalus (Q03),GR130-120,2022,2022,69,3667758,0.02
,Congenital hydrocephalus (Q03),GR130-120,2023,2023,62,3596017,0.02
,Spina bifida (Q05),GR130-121,2007,2007,18,4316233,0.00 (Unreliable)
,Spina bifida (Q05),GR130-121,2008,2008,23,4247726,0.01
,Spina bifida (Q05),GR130-121,2009,2009,22,4130665,0.01
,Spina bifida (Q05),GR130-121,2010,2010,15,3999386,0.00 (Unreliable)
,Spina bifida (Q05),GR130-121,2011,2011,18,3953590,0.00 (Unreliable)
,Spina bifida (Q05),GR130-121,2012,2012,18,3952841,0.00 (Unreliable)
,Spina bifida (Q05),GR130-121,2013,2013,13,3932181,0.00 (Unreliable)
,Spina bifida (Q05),GR130-121,2014,2014,16,3988076,0.00 (Unreliable)
,Spina bifida (Q05),GR130-121,2015,2015,13,3978497,0.00 (Unreliable)
,Spina bifida (Q05),GR130-121,2016,2016,14,3945875,0.00 (Unreliable)
,Spina bifida (Q05),GR130-121,2017,2017,15,3855500,0.00 (Unreliable)
,Spina bifida (Q05),GR130-121,2018,2018,Suppressed,3791712,Suppressed
,Spina bifida (Q05),GR130-121,2019,2019,10,3747540,0.00 (Unreliable)
,Spina bifida (Q05),GR130-121,2020,2020,11,3613647,0.00 (Unreliable)
,Spina bifida (Q05),GR130-121,2021,2021,17,3664292,0.00 (Unreliable)
,Spina bifida (Q05),GR130-121,2022,2022,12,3667758,0.00 (Unreliable)
,Spina bifida (Q05),GR130-121,2023,2023,12,3596017,0.00 (Unreliable)
,"Other congenital malformations of nervous system (Q01-Q02,Q04,Q06-Q07)",GR130-122,2007,2007,402,4316233,0.09
,"Other congenital malformations of nervous system (Q01-Q02,Q04,Q06-Q07)",GR130-122,2008,2008,359,4247726,0.08
,"Other congenital malformations of nervous system (Q01-Q02,Q04,Q06-Q07)",GR130-122,2009,2009,330,4130665,0.08
,"Other congenital malformations of nervous system (Q01-Q02,Q04,Q06-Q07)",GR130-122,2010,2010,317,3999386,0.08
,"Other congenital malformations of nervous system (Q01-Q02,Q04,Q06-Q07)",GR130-122,2011,2011,305,3953590,0.08
,"Other congenital malformations of nervous system (Q01-Q02,Q04,Q06-Q07)",GR130-122,2012,2012,324,3952841,0.08
,"Other congenital malformations of nervous system (Q01-Q02,Q04,Q06-Q07)",GR130-122,2013,2013,295,3932181,0.08
,"Other congenital malformations of nervous system (Q01-Q02,Q04,Q06-Q07)",GR130-122,2014,2014,302,3988076,0.08
,"Other congenital malformations of nervous system (Q01-Q02,Q04,Q06-Q07)",GR130-122,2015,2015,300,3978497,0.08
,"Other congenital malformations of nervous system (Q01-Q02,Q04,Q06-Q07)",GR130-122,2016,2016,296,3945875,0.08
,"Other congenital malformations of nervous system (Q01-Q02,Q04,Q06-Q07)",GR130-122,2017,2017,273,3855500,0.07
,"Other congenital malformations of nervous system (Q01-Q02,Q04,Q06-Q07)",GR130-122,2018,2018,276,3791712,0.07
,"Other congenital malformations of nervous system (Q01-Q02,Q04,Q06-Q07)",GR130-122,2019,2019,264,3747540,0.07
,"Other congenital malformations of nervous system (Q01-Q02,Q04,Q06-Q07)",GR130-122,2020,2020,254,3613647,0.07
,"Other congenital malformations of nervous system (Q01-Q02,Q04,Q06-Q07)",GR130-122,2021,2021,255,3664292,0.07
,"Other congenital malformations of nervous system (Q01-Q02,Q04,Q06-Q07)",GR130-122,2022,2022,270,3667758,0.07
,"Other congenital malformations of nervous system (Q01-Q02,Q04,Q06-Q07)",GR130-122,2023,2023,249,3596017,0.07
,Congenital malformations of heart (Q20-Q24),GR130-123,2007,2007,1366,4316233,0.32
,Congenital malformations of heart (Q20-Q24),GR130-123,2008,2008,1306,4247726,0.31
,Congenital malformations of heart (Q20-Q24),GR130-123,2009,2009,1226,4130665,0.3
,Congenital malformations of heart (Q20-Q24),GR130-123,2010,2010,1145,3999386,0.29
,Congenital malformations of heart (Q20-Q24),GR130-123,2011,2011,1185,3953590,0.3
,Congenital malformations of heart (Q20-Q24),GR130-123,2012,2012,1139,3952841,0.29
,Congenital malformations of heart (Q20-Q24),GR130-123,2013,2013,1140,3932181,0.29
,Congenital malformations of heart (Q20-Q24),GR130-123,2014,2014,1109,3988076,0.28
,Congenital malformations of heart (Q20-Q24),GR130-123,2015,2015,1160,3978497,0.29
,Congenital malformations of heart (Q20-Q24),GR130-123,2016,2016,1059,3945875,0.27
,Congenital malformations of heart (Q20-Q24),GR130-123,2017,2017,1030,3855500,0.27
,Congenital malformations of heart (Q20-Q24),GR130-123,2018,2018,975,3791712,0.26
,Congenital malformations of heart (Q20-Q24),GR130-123,2019,2019,928,3747540,0.25
,Congenital malformations of heart (Q20-Q24),GR130-123,2020,2020,820,3613647,0.23
,Congenital malformations of heart (Q20-Q24),GR130-123,2021,2021,836,3664292,0.23
,Congenital malformations of heart (Q20-Q24),GR130-123,2022,2022,883,3667758,0.24
,Congenital malformations of heart (Q20-Q24),GR130-123,2023,2023,898,3596017,0.25
,Other congenital malformations of circulatory system (Q25-Q28),GR130-124,2007,2007,253,4316233,0.06
,Other congenital malformations of circulatory system (Q25-Q28),GR130-124,2008,2008,223,4247726,0.05
,Other congenital malformations of circulatory system (Q25-Q28),GR130-124,2009,2009,187,4130665,0.05
,Other congenital malformations of circulatory system (Q25-Q28),GR130-124,2010,2010,174,3999386,0.04
,Other congenital malformations of circulatory system (Q25-Q28),GR130-124,2011,2011,181,3953590,0.05
,Other congenital malformations of circulatory system (Q25-Q28),GR130-124,2012,2012,176,3952841,0.04
,Other congenital malformations of circulatory system (Q25-Q28),GR130-124,2013,2013,161,3932181,0.04
,Other congenital malformations of circulatory system (Q25-Q28),GR130-124,2014,2014,152,3988076,0.04
,Other congenital malformations of circulatory system (Q25-Q28),GR130-124,2015,2015,184,3978497,0.05
,Other congenital malformations of circulatory system (Q25-Q28),GR130-124,2016,2016,195,3945875,0.05
,Other congenital malformations of circulatory system (Q25-Q28),GR130-124,2017,2017,150,3855500,0.04
,Other congenital malformations of circulatory system (Q25-Q28),GR130-124,2018,2018,163,3791712,0.04
,Other congenital malformations of circulatory system (Q25-Q28),GR130-124,2019,2019,155,3747540,0.04
,Other congenital malformations of circulatory system (Q25-Q28),GR130-124,2020,2020,154,3613647,0.04
,Other congenital malformations of circulatory system (Q25-Q28),GR130-124,2021,2021,154,3664292,0.04
,Other congenital malformations of circulatory system (Q25-Q28),GR130-124,2022,2022,189,3667758,0.05
,Other congenital malformations of circulatory system (Q25-Q28),GR130-124,2023,2023,165,3596017,0.05
,Congenital malformations of respiratory system (Q30-Q34),GR130-125,2007,2007,413,4316233,0.1
,Congenital malformations of respiratory system (Q30-Q34),GR130-125,2008,2008,374,4247726,0.09
,Congenital malformations of respiratory system (Q30-Q34),GR130-125,2009,2009,390,4130665,0.09
,Congenital malformations of respiratory system (Q30-Q34),GR130-125,2010,2010,398,3999386,0.1
,Congenital malformations of respiratory system (Q30-Q34),GR130-125,2011,2011,374,3953590,0.09
,Congenital malformations of respiratory system (Q30-Q34),GR130-125,2012,2012,335,3952841,0.08
,Congenital malformations of respiratory system (Q30-Q34),GR130-125,2013,2013,373,3932181,0.09
,Congenital malformations of respiratory system (Q30-Q34),GR130-125,2014,2014,319,3988076,0.08
,Congenital malformations of respiratory system (Q30-Q34),GR130-125,2015,2015,346,3978497,0.09
,Congenital malformations of respiratory system (Q30-Q34),GR130-125,2016,2016,379,3945875,0.1
,Congenital malformations of respiratory system (Q30-Q34),GR130-125,2017,2017,370,3855500,0.1
,Congenital malformations of respiratory system (Q30-Q34),GR130-125,2018,2018,359,3791712,0.09
,Congenital malformations of respiratory system (Q30-Q34),GR130-125,2019,2019,343,3747540,0.09
,Congenital malformations of respiratory system (Q30-Q34),GR130-125,2020,2020,346,3613647,0.1
,Congenital malformations of respiratory system (Q30-Q34),GR130-125,2021,2021,302,3664292,0.08
,Congenital malformations of respiratory system (Q30-Q34),GR130-125,2022,2022,178,3667758,0.05
,Congenital malformations of respiratory system (Q30-Q34),GR130-125,2023,2023,212,3596017,0.06
,Congenital malformations of digestive system (Q35-Q45),GR130-126,2007,2007,132,4316233,0.03
,Congenital malformations of digestive system (Q35-Q45),GR130-126,2008,2008,84,4247726,0.02
,Congenital malformations of digestive system (Q35-Q45),GR130-126,2009,2009,68,4130665,0.02
,Congenital malformations of digestive system (Q35-Q45),GR130-126,2010,2010,89,3999386,0.02
,Congenital malformations of digestive system (Q35-Q45),GR130-126,2011,2011,65,3953590,0.02
,Congenital malformations of digestive system (Q35-Q45),GR130-126,2012,2012,68,3952841,0.02
,Congenital malformations of digestive system (Q35-Q45),GR130-126,2013,2013,69,3932181,0.02
,Congenital malformations of digestive system (Q35-Q45),GR130-126,2014,2014,58,3988076,0.01
,Congenital malformations of digestive system (Q35-Q45),GR130-126,2015,2015,60,3978497,0.02
,Congenital malformations of digestive system (Q35-Q45),GR130-126,2016,2016,65,3945875,0.02
,Congenital malformations of digestive system (Q35-Q45),GR130-126,2017,2017,71,3855500,0.02
,Congenital malformations of digestive system (Q35-Q45),GR130-126,2018,2018,62,3791712,0.02
,Congenital malformations of digestive system (Q35-Q45),GR130-126,2019,2019,66,3747540,0.02
,Congenital malformations of digestive system (Q35-Q45),GR130-126,2020,2020,54,3613647,0.01
,Congenital malformations of digestive system (Q35-Q45),GR130-126,2021,2021,53,3664292,0.01
,Congenital malformations of digestive system (Q35-Q45),GR130-126,2022,2022,62,3667758,0.02
,Congenital malformations of digestive system (Q35-Q45),GR130-126,2023,2023,50,3596017,0.01
,Congenital malformations of genitourinary system (Q50-Q64),GR130-127,2007,2007,514,4316233,0.12
,Congenital malformations of genitourinary system (Q50-Q64),GR130-127,2008,2008,521,4247726,0.12
,Congenital malformations of genitourinary system (Q50-Q64),GR130-127,2009,2009,509,4130665,0.12
,Congenital malformations of genitourinary system (Q50-Q64),GR130-127,2010,2010,457,3999386,0.11
,Congenital malformations of genitourinary system (Q50-Q64),GR130-127,2011,2011,461,3953590,0.12
,Congenital malformations of genitourinary system (Q50-Q64),GR130-127,2012,2012,466,3952841,0.12
,Congenital malformations of genitourinary system (Q50-Q64),GR130-127,2013,2013,435,3932181,0.11
,Congenital malformations of genitourinary system (Q50-Q64),GR130-127,2014,2014,478,3988076,0.12
,Congenital malformations of genitourinary system (Q50-Q64),GR130-127,2015,2015,464,3978497,0.12
,Congenital malformations of genitourinary system (Q50-Q64),GR130-127,2016,2016,456,3945875,0.12
,Congenital malformations of genitourinary system (Q50-Q64),GR130-127,2017,2017,430,3855500,0.11
,Congenital malformations of genitourinary system (Q50-Q64),GR130-127,2018,2018,436,3791712,0.11
,Congenital malformations of genitourinary system (Q50-Q64),GR130-127,2019,2019,387,3747540,0.1
,Congenital malformations of genitourinary system (Q50-Q64),GR130-127,2020,2020,396,3613647,0.11
,Congenital malformations of genitourinary system (Q50-Q64),GR130-127,2021,2021,373,3664292,0.1
,Congenital malformations of genitourinary system (Q50-Q64),GR130-127,2022,2022,376,3667758,0.1
,Congenital malformations of genitourinary system (Q50-Q64),GR130-127,2023,2023,386,3596017,0.11
,"Congenital malformations and deformations of musculoskeletal system, limbs and integument (Q65-Q85)",GR130-128,2007,2007,620,4316233,0.14
,"Congenital malformations and deformations of musculoskeletal system, limbs and integument (Q65-Q85)",GR130-128,2008,2008,671,4247726,0.16
,"Congenital malformations and deformations of musculoskeletal system, limbs and integument (Q65-Q85)",GR130-128,2009,2009,549,4130665,0.13
,"Congenital malformations and deformations of musculoskeletal system, limbs and integument (Q65-Q85)",GR130-128,2010,2010,580,3999386,0.15
,"Congenital malformations and deformations of musculoskeletal system, limbs and integument (Q65-Q85)",GR130-128,2011,2011,538,3953590,0.14
,"Congenital malformations and deformations of musculoskeletal system, limbs and integument (Q65-Q85)",GR130-128,2012,2012,528,3952841,0.13
,"Congenital malformations and deformations of musculoskeletal system, limbs and integument (Q65-Q85)",GR130-128,2013,2013,552,3932181,0.14
,"Congenital malformations and deformations of musculoskeletal system, limbs and integument (Q65-Q85)",GR130-128,2014,2014,513,3988076,0.13
,"Congenital malformations and deformations of musculoskeletal system, limbs and integument (Q65-Q85)",GR130-128,2015,2015,541,3978497,0.14
,"Congenital malformations and deformations of musculoskeletal system, limbs and integument (Q65-Q85)",GR130-128,2016,2016,589,3945875,0.15
,"Congenital malformations and deformations of musculoskeletal system, limbs and integument (Q65-Q85)",GR130-128,2017,2017,508,3855500,0.13
,"Congenital malformations and deformations of musculoskeletal system, limbs and integument (Q65-Q85)",GR130-128,2018,2018,531,3791712,0.14
,"Congenital malformations and deformations of musculoskeletal system, limbs and integument (Q65-Q85)",GR130-128,2019,2019,491,3747540,0.13
,"Congenital malformations and deformations of musculoskeletal system, limbs and integument (Q65-Q85)",GR130-128,2020,2020,470,3613647,0.13
,"Congenital malformations and deformations of musculoskeletal system, limbs and integument (Q65-Q85)",GR130-128,2021,2021,443,3664292,0.12
,"Congenital malformations and deformations of musculoskeletal system, limbs and integument (Q65-Q85)",GR130-128,2022,2022,428,3667758,0.12
,"Congenital malformations and deformations of musculoskeletal system, limbs and integument (Q65-Q85)",GR130-128,2023,2023,447,3596017,0.12
,Down syndrome (Q90),GR130-129,2007,2007,84,4316233,0.02
,Down syndrome (Q90),GR130-129,2008,2008,88,4247726,0.02
,Down syndrome (Q90),GR130-129,2009,2009,85,4130665,0.02
,Down syndrome (Q90),GR130-129,2010,2010,86,3999386,0.02
,Down syndrome (Q90),GR130-129,2011,2011,88,3953590,0.02
,Down syndrome (Q90),GR130-129,2012,2012,58,3952841,0.01
,Down syndrome (Q90),GR130-129,2013,2013,49,3932181,0.01
,Down syndrome (Q90),GR130-129,2014,2014,70,3988076,0.02
,Down syndrome (Q90),GR130-129,2015,2015,64,3978497,0.02
,Down syndrome (Q90),GR130-129,2016,2016,63,3945875,0.02
,Down syndrome (Q90),GR130-129,2017,2017,55,3855500,0.01
,Down syndrome (Q90),GR130-129,2018,2018,53,3791712,0.01
,Down syndrome (Q90),GR130-129,2019,2019,64,3747540,0.02
,Down syndrome (Q90),GR130-129,2020,2020,49,3613647,0.01
,Down syndrome (Q90),GR130-129,2021,2021,49,3664292,0.01
,Down syndrome (Q90),GR130-129,2022,2022,58,3667758,0.02
,Down syndrome (Q90),GR130-129,2023,2023,47,3596017,0.01
,Edward syndrome (Q91.0-Q91.3),GR130-130,2007,2007,532,4316233,0.12
,Edward syndrome (Q91.0-Q91.3),GR130-130,2008,2008,562,4247726,0.13
,Edward syndrome (Q91.0-Q91.3),GR130-130,2009,2009,505,4130665,0.12
,Edward syndrome (Q91.0-Q91.3),GR130-130,2010,2010,474,3999386,0.12
,Edward syndrome (Q91.0-Q91.3),GR130-130,2011,2011,481,3953590,0.12
,Edward syndrome (Q91.0-Q91.3),GR130-130,2012,2012,481,3952841,0.12
,Edward syndrome (Q91.0-Q91.3),GR130-130,2013,2013,455,3932181,0.12
,Edward syndrome (Q91.0-Q91.3),GR130-130,2014,2014,465,3988076,0.12
,Edward syndrome (Q91.0-Q91.3),GR130-130,2015,2015,502,3978497,0.13
,Edward syndrome (Q91.0-Q91.3),GR130-130,2016,2016,478,3945875,0.12
,Edward syndrome (Q91.0-Q91.3),GR130-130,2017,2017,437,3855500,0.11
,Edward syndrome (Q91.0-Q91.3),GR130-130,2018,2018,466,3791712,0.12
,Edward syndrome (Q91.0-Q91.3),GR130-130,2019,2019,434,3747540,0.12
,Edward syndrome (Q91.0-Q91.3),GR130-130,2020,2020,414,3613647,0.11
,Edward syndrome (Q91.0-Q91.3),GR130-130,2021,2021,434,3664292,0.12
,Edward syndrome (Q91.0-Q91.3),GR130-130,2022,2022,449,3667758,0.12
,Edward syndrome (Q91.0-Q91.3),GR130-130,2023,2023,467,3596017,0.13
,Patau syndrome (Q91.4-Q91.7),GR130-131,2007,2007,300,4316233,0.07
,Patau syndrome (Q91.4-Q91.7),GR130-131,2008,2008,277,4247726,0.07
,Patau syndrome (Q91.4-Q91.7),GR130-131,2009,2009,253,4130665,0.06
,Patau syndrome (Q91.4-Q91.7),GR130-131,2010,2010,245,3999386,0.06
,Patau syndrome (Q91.4-Q91.7),GR130-131,2011,2011,250,3953590,0.06
,Patau syndrome (Q91.4-Q91.7),GR130-131,2012,2012,269,3952841,0.07
,Patau syndrome (Q91.4-Q91.7),GR130-131,2013,2013,253,3932181,0.06
,Patau syndrome (Q91.4-Q91.7),GR130-131,2014,2014,247,3988076,0.06
,Patau syndrome (Q91.4-Q91.7),GR130-131,2015,2015,247,3978497,0.06
,Patau syndrome (Q91.4-Q91.7),GR130-131,2016,2016,230,3945875,0.06
,Patau syndrome (Q91.4-Q91.7),GR130-131,2017,2017,265,3855500,0.07
,Patau syndrome (Q91.4-Q91.7),GR130-131,2018,2018,229,3791712,0.06
,Patau syndrome (Q91.4-Q91.7),GR130-131,2019,2019,230,3747540,0.06
,Patau syndrome (Q91.4-Q91.7),GR130-131,2020,2020,213,3613647,0.06
,Patau syndrome (Q91.4-Q91.7),GR130-131,2021,2021,242,3664292,0.07
,Patau syndrome (Q91.4-Q91.7),GR130-131,2022,2022,196,3667758,0.05
,Patau syndrome (Q91.4-Q91.7),GR130-131,2023,2023,214,3596017,0.06
,"Other congenital malformations and deformations (Q10-Q18,Q86-Q89)",GR130-132,2007,2007,561,4316233,0.13
,"Other congenital malformations and deformations (Q10-Q18,Q86-Q89)",GR130-132,2008,2008,546,4247726,0.13
,"Other congenital malformations and deformations (Q10-Q18,Q86-Q89)",GR130-132,2009,2009,598,4130665,0.14
,"Other congenital malformations and deformations (Q10-Q18,Q86-Q89)",GR130-132,2010,2010,542,3999386,0.14
,"Other congenital malformations and deformations (Q10-Q18,Q86-Q89)",GR130-132,2011,2011,550,3953590,0.14
,"Other congenital malformations and deformations (Q10-Q18,Q86-Q89)",GR130-132,2012,2012,531,3952841,0.13
,"Other congenital malformations and deformations (Q10-Q18,Q86-Q89)",GR130-132,2013,2013,517,3932181,0.13
,"Other congenital malformations and deformations (Q10-Q18,Q86-Q89)",GR130-132,2014,2014,525,3988076,0.13
,"Other congenital malformations and deformations (Q10-Q18,Q86-Q89)",GR130-132,2015,2015,466,3978497,0.12
,"Other congenital malformations and deformations (Q10-Q18,Q86-Q89)",GR130-132,2016,2016,489,3945875,0.12
,"Other congenital malformations and deformations (Q10-Q18,Q86-Q89)",GR130-132,2017,2017,489,3855500,0.13
,"Other congenital malformations and deformations (Q10-Q18,Q86-Q89)",GR130-132,2018,2018,497,3791712,0.13
,"Other congenital malformations and deformations (Q10-Q18,Q86-Q89)",GR130-132,2019,2019,485,3747540,0.13
,"Other congenital malformations and deformations (Q10-Q18,Q86-Q89)",GR130-132,2020,2020,449,3613647,0.12
,"Other congenital malformations and deformations (Q10-Q18,Q86-Q89)",GR130-132,2021,2021,443,3664292,0.12
,"Other congenital malformations and deformations (Q10-Q18,Q86-Q89)",GR130-132,2022,2022,439,3667758,0.12
,"Other congenital malformations and deformations (Q10-Q18,Q86-Q89)",GR130-132,2023,2023,434,3596017,0.12
,"Other chromosomal abnormalities, not elsewhere classified (Q92-Q99)",GR130-133,2007,2007,210,4316233,0.05
,"Other chromosomal abnormalities, not elsewhere classified (Q92-Q99)",GR130-133,2008,2008,200,4247726,0.05
,"Other chromosomal abnormalities, not elsewhere classified (Q92-Q99)",GR130-133,2009,2009,200,4130665,0.05
,"Other chromosomal abnormalities, not elsewhere classified (Q92-Q99)",GR130-133,2010,2010,192,3999386,0.05
,"Other chromosomal abnormalities, not elsewhere classified (Q92-Q99)",GR130-133,2011,2011,161,3953590,0.04
,"Other chromosomal abnormalities, not elsewhere classified (Q92-Q99)",GR130-133,2012,2012,174,3952841,0.04
,"Other chromosomal abnormalities, not elsewhere classified (Q92-Q99)",GR130-133,2013,2013,106,3932181,0.03
,"Other chromosomal abnormalities, not elsewhere classified (Q92-Q99)",GR130-133,2014,2014,121,3988076,0.03
,"Other chromosomal abnormalities, not elsewhere classified (Q92-Q99)",GR130-133,2015,2015,134,3978497,0.03
,"Other chromosomal abnormalities, not elsewhere classified (Q92-Q99)",GR130-133,2016,2016,127,3945875,0.03
,"Other chromosomal abnormalities, not elsewhere classified (Q92-Q99)",GR130-133,2017,2017,122,3855500,0.03
,"Other chromosomal abnormalities, not elsewhere classified (Q92-Q99)",GR130-133,2018,2018,101,3791712,0.03
,"Other chromosomal abnormalities, not elsewhere classified (Q92-Q99)",GR130-133,2019,2019,108,3747540,0.03
,"Other chromosomal abnormalities, not elsewhere classified (Q92-Q99)",GR130-133,2020,2020,89,3613647,0.02
,"Other chromosomal abnormalities, not elsewhere classified (Q92-Q99)",GR130-133,2021,2021,89,3664292,0.02
,"Other chromosomal abnormalities, not elsewhere classified (Q92-Q99)",GR130-133,2022,2022,114,3667758,0.03
,"Other chromosomal abnormalities, not elsewhere classified (Q92-Q99)",GR130-133,2023,2023,113,3596017,0.03
,"Symptoms, signs and abnormal clinical and laboratory findings, not elsewhere classified (R00-R99)",GR130-134,2007,2007,3618,4316233,0.84
,"Symptoms, signs and abnormal clinical and laboratory findings, not elsewhere classified (R00-R99)",GR130-134,2008,2008,3530,4247726,0.83
,"Symptoms, signs and abnormal clinical and laboratory findings, not elsewhere classified (R00-R99)",GR130-134,2009,2009,3411,4130665,0.83
,"Symptoms, signs and abnormal clinical and laboratory findings, not elsewhere classified (R00-R99)",GR130-134,2010,2010,3043,3999386,0.76
,"Symptoms, signs and abnormal clinical and laboratory findings, not elsewhere classified (R00-R99)",GR130-134,2011,2011,2823,3953590,0.71
,"Symptoms, signs and abnormal clinical and laboratory findings, not elsewhere classified (R00-R99)",GR130-134,2012,2012,2784,3952841,0.7
,"Symptoms, signs and abnormal clinical and laboratory findings, not elsewhere classified (R00-R99)",GR130-134,2013,2013,2660,3932181,0.68
,"Symptoms, signs and abnormal clinical and laboratory findings, not elsewhere classified (R00-R99)",GR130-134,2014,2014,2681,3988076,0.67
,"Symptoms, signs and abnormal clinical and laboratory findings, not elsewhere classified (R00-R99)",GR130-134,2015,2015,2804,3978497,0.7
,"Symptoms, signs and abnormal clinical and laboratory findings, not elsewhere classified (R00-R99)",GR130-134,2016,2016,2788,3945875,0.71
,"Symptoms, signs and abnormal clinical and laboratory findings, not elsewhere classified (R00-R99)",GR130-134,2017,2017,2679,3855500,0.69
,"Symptoms, signs and abnormal clinical and laboratory findings, not elsewhere classified (R00-R99)",GR130-134,2018,2018,2646,3791712,0.7
,"Symptoms, signs and abnormal clinical and laboratory findings, not elsewhere classified (R00-R99)",GR130-134,2019,2019,2442,3747540,0.65
,"Symptoms, signs and abnormal clinical and laboratory findings, not elsewhere classified (R00-R99)",GR130-134,2020,2020,2476,3613647,0.69
,"Symptoms, signs and abnormal clinical and laboratory findings, not elsewhere classified (R00-R99)",GR130-134,2021,2021,2696,3664292,0.74
,"Symptoms, signs and abnormal clinical and laboratory findings, not elsewhere classified (R00-R99)",GR130-134,2022,2022,2685,3667758,0.73
,"Symptoms, signs and abnormal clinical and laboratory findings, not elsewhere classified (R00-R99)",GR130-134,2023,2023,2574,3596017,0.72
,#Sudden infant death syndrome (R95),GR130-135,2007,2007,2461,4316233,0.57
,#Sudden infant death syndrome (R95),GR130-135,2008,2008,2350,4247726,0.55
,#Sudden infant death syndrome (R95),GR130-135,2009,2009,2231,4130665,0.54
,#Sudden infant death syndrome (R95),GR130-135,2010,2010,2058,3999386,0.51
,#Sudden infant death syndrome (R95),GR130-135,2011,2011,1905,3953590,0.48
,#Sudden infant death syndrome (R95),GR130-135,2012,2012,1676,3952841,0.42
,#Sudden infant death syndrome (R95),GR130-135,2013,2013,1561,3932181,0.4
,#Sudden infant death syndrome (R95),GR130-135,2014,2014,1541,3988076,0.39
,#Sudden infant death syndrome (R95),GR130-135,2015,2015,1567,3978497,0.39
,#Sudden infant death syndrome (R95),GR130-135,2016,2016,1498,3945875,0.38
,#Sudden infant death syndrome (R95),GR130-135,2017,2017,1360,3855500,0.35
,#Sudden infant death syndrome (R95),GR130-135,2018,2018,1331,3791712,0.35
,#Sudden infant death syndrome (R95),GR130-135,2019,2019,1251,3747540,0.33
,#Sudden infant death syndrome (R95),GR130-135,2020,2020,1386,3613647,0.38
,#Sudden infant death syndrome (R95),GR130-135,2021,2021,1458,3664292,0.4
,#Sudden infant death syndrome (R95),GR130-135,2022,2022,1531,3667758,0.42
,#Sudden infant death syndrome (R95),GR130-135,2023,2023,1446,3596017,0.4
,"Other symptoms, signs and abnormal clinical and laboratory findings, not elsewhere classified (R00-R53,R55-R94,R96-R99)",GR130-136,2007,2007,1158,4316233,0.27
,"Other symptoms, signs and abnormal clinical and laboratory findings, not elsewhere classified (R00-R53,R55-R94,R96-R99)",GR130-136,2008,2008,1180,4247726,0.28
,"Other symptoms, signs and abnormal clinical and laboratory findings, not elsewhere classified (R00-R53,R55-R94,R96-R99)",GR130-136,2009,2009,1180,4130665,0.29
,"Other symptoms, signs and abnormal clinical and laboratory findings, not elsewhere classified (R00-R53,R55-R94,R96-R99)",GR130-136,2010,2010,985,3999386,0.25
,"Other symptoms, signs and abnormal clinical and laboratory findings, not elsewhere classified (R00-R53,R55-R94,R96-R99)",GR130-136,2011,2011,918,3953590,0.23
,"Other symptoms, signs and abnormal clinical and laboratory findings, not elsewhere classified (R00-R53,R55-R94,R96-R99)",GR130-136,2012,2012,1108,3952841,0.28
,"Other symptoms, signs and abnormal clinical and laboratory findings, not elsewhere classified (R00-R53,R55-R94,R96-R99)",GR130-136,2013,2013,1099,3932181,0.28
,"Other symptoms, signs and abnormal clinical and laboratory findings, not elsewhere classified (R00-R53,R55-R94,R96-R99)",GR130-136,2014,2014,1140,3988076,0.29
,"Other symptoms, signs and abnormal clinical and laboratory findings, not elsewhere classified (R00-R53,R55-R94,R96-R99)",GR130-136,2015,2015,1237,3978497,0.31
,"Other symptoms, signs and abnormal clinical and laboratory findings, not elsewhere classified (R00-R53,R55-R94,R96-R99)",GR130-136,2016,2016,1290,3945875,0.33
,"Other symptoms, signs and abnormal clinical and laboratory findings, not elsewhere classified (R00-R53,R55-R94,R96-R99)",GR130-136,2017,2017,1319,3855500,0.34
,"Other symptoms, signs and abnormal clinical and laboratory findings, not elsewhere classified (R00-R53,R55-R94,R96-R99)",GR130-136,2018,2018,1315,3791712,0.35
,"Other symptoms, signs and abnormal clinical and laboratory findings, not elsewhere classified (R00-R53,R55-R94,R96-R99)",GR130-136,2019,2019,1191,3747540,0.32
,"Other symptoms, signs and abnormal clinical and laboratory findings, not elsewhere classified (R00-R53,R55-R94,R96-R99)",GR130-136,2020,2020,1090,3613647,0.3
,"Other symptoms, signs and abnormal clinical and laboratory findings, not elsewhere classified (R00-R53,R55-R94,R96-R99)",GR130-136,2021,2021,1237,3664292,0.34
,"Other symptoms, signs and abnormal clinical and laboratory findings, not elsewhere classified (R00-R53,R55-R94,R96-R99)",GR130-136,2022,2022,1154,3667758,0.31
,"Other symptoms, signs and abnormal clinical and laboratory findings, not elsewhere classified (R00-R53,R55-R94,R96-R99)",GR130-136,2023,2023,1128,3596017,0.31
,"All other diseases (F00-F99,H00-H57,L00-M99)",GR130-137,2007,2007,16,4316233,0.00 (Unreliable)
,"All other diseases (F00-F99,H00-H57,L00-M99)",GR130-137,2008,2008,23,4247726,0.01
,"All other diseases (F00-F99,H00-H57,L00-M99)",GR130-137,2009,2009,14,4130665,0.00 (Unreliable)
,"All other diseases (F00-F99,H00-H57,L00-M99)",GR130-137,2010,2010,20,3999386,0.01
,"All other diseases (F00-F99,H00-H57,L00-M99)",GR130-137,2011,2011,14,3953590,0.00 (Unreliable)
,"All other diseases (F00-F99,H00-H57,L00-M99)",GR130-137,2012,2012,11,3952841,0.00 (Unreliable)
,"All other diseases (F00-F99,H00-H57,L00-M99)",GR130-137,2013,2013,20,3932181,0.01
,"All other diseases (F00-F99,H00-H57,L00-M99)",GR130-137,2014,2014,19,3988076,0.00 (Unreliable)
,"All other diseases (F00-F99,H00-H57,L00-M99)",GR130-137,2015,2015,15,3978497,0.00 (Unreliable)
,"All other diseases (F00-F99,H00-H57,L00-M99)",GR130-137,2016,2016,15,3945875,0.00 (Unreliable)
,"All other diseases (F00-F99,H00-H57,L00-M99)",GR130-137,2017,2017,20,3855500,0.01
,"All other diseases (F00-F99,H00-H57,L00-M99)",GR130-137,2018,2018,16,3791712,0.00 (Unreliable)
,"All other diseases (F00-F99,H00-H57,L00-M99)",GR130-137,2019,2019,19,3747540,0.01 (Unreliable)
,"All other diseases (F00-F99,H00-H57,L00-M99)",GR130-137,2020,2020,16,3613647,0.00 (Unreliable)
,"All other diseases (F00-F99,H00-H57,L00-M99)",GR130-137,2021,2021,25,3664292,0.01
,"All other diseases (F00-F99,H00-H57,L00-M99)",GR130-137,2022,2022,17,3667758,0.00 (Unreliable)
,"All other diseases (F00-F99,H00-H57,L00-M99)",GR130-137,2023,2023,17,3596017,0.00 (Unreliable)
,"External causes of mortality (*U01,V01-Y84)",GR130-138,2007,2007,1723,4316233,0.4
,"External causes of mortality (*U01,V01-Y84)",GR130-138,2008,2008,1762,4247726,0.41
,"External causes of mortality (*U01,V01-Y84)",GR130-138,2009,2009,1612,4130665,0.39
,"External causes of mortality (*U01,V01-Y84)",GR130-138,2010,2010,1540,3999386,0.39
,"External causes of mortality (*U01,V01-Y84)",GR130-138,2011,2011,1544,3953590,0.39
,"External causes of mortality (*U01,V01-Y84)",GR130-138,2012,2012,1553,3952841,0.39
,"External causes of mortality (*U01,V01-Y84)",GR130-138,2013,2013,1539,3932181,0.39
,"External causes of mortality (*U01,V01-Y84)",GR130-138,2014,2014,1496,3988076,0.38
,"External causes of mortality (*U01,V01-Y84)",GR130-138,2015,2015,1650,3978497,0.41
,"External causes of mortality (*U01,V01-Y84)",GR130-138,2016,2016,1628,3945875,0.41
,"External causes of mortality (*U01,V01-Y84)",GR130-138,2017,2017,1742,3855500,0.45
,"External causes of mortality (*U01,V01-Y84)",GR130-138,2018,2018,1560,3791712,0.41
,"External causes of mortality (*U01,V01-Y84)",GR130-138,2019,2019,1670,3747540,0.45
,"External causes of mortality (*U01,V01-Y84)",GR130-138,2020,2020,1549,3613647,0.43
,"External causes of mortality (*U01,V01-Y84)",GR130-138,2021,2021,1669,3664292,0.46
,"External causes of mortality (*U01,V01-Y84)",GR130-138,2022,2022,1741,3667758,0.47
,"External causes of mortality (*U01,V01-Y84)",GR130-138,2023,2023,1623,3596017,0.45
,#Accidents (unintentional injuries) (V01-X59),GR130-139,2007,2007,1282,4316233,0.3
,#Accidents (unintentional injuries) (V01-X59),GR130-139,2008,2008,1314,4247726,0.31
,#Accidents (unintentional injuries) (V01-X59),GR130-139,2009,2009,1172,4130665,0.28
,#Accidents (unintentional injuries) (V01-X59),GR130-139,2010,2010,1107,3999386,0.28
,#Accidents (unintentional injuries) (V01-X59),GR130-139,2011,2011,1167,3953590,0.3
,#Accidents (unintentional injuries) (V01-X59),GR130-139,2012,2012,1163,3952841,0.29
,#Accidents (unintentional injuries) (V01-X59),GR130-139,2013,2013,1150,3932181,0.29
,#Accidents (unintentional injuries) (V01-X59),GR130-139,2014,2014,1163,3988076,0.29
,#Accidents (unintentional injuries) (V01-X59),GR130-139,2015,2015,1289,3978497,0.32
,#Accidents (unintentional injuries) (V01-X59),GR130-139,2016,2016,1217,3945875,0.31
,#Accidents (unintentional injuries) (V01-X59),GR130-139,2017,2017,1313,3855500,0.34
,#Accidents (unintentional injuries) (V01-X59),GR130-139,2018,2018,1169,3791712,0.31
,#Accidents (unintentional injuries) (V01-X59),GR130-139,2019,2019,1264,3747540,0.34
,#Accidents (unintentional injuries) (V01-X59),GR130-139,2020,2020,1192,3613647,0.33
,#Accidents (unintentional injuries) (V01-X59),GR130-139,2021,2021,1300,3664292,0.35
,#Accidents (unintentional injuries) (V01-X59),GR130-139,2022,2022,1351,3667758,0.37
,#Accidents (unintentional injuries) (V01-X59),GR130-139,2023,2023,1288,3596017,0.36
,Transport accidents (V01-V99),GR130-140,2007,2007,124,4316233,0.03
,Transport accidents (V01-V99),GR130-140,2008,2008,102,4247726,0.02
,Transport accidents (V01-V99),GR130-140,2009,2009,95,4130665,0.02
,Transport accidents (V01-V99),GR130-140,2010,2010,78,3999386,0.02
,Transport accidents (V01-V99),GR130-140,2011,2011,96,3953590,0.02
,Transport accidents (V01-V99),GR130-140,2012,2012,70,3952841,0.02
,Transport accidents (V01-V99),GR130-140,2013,2013,70,3932181,0.02
,Transport accidents (V01-V99),GR130-140,2014,2014,69,3988076,0.02
,Transport accidents (V01-V99),GR130-140,2015,2015,69,3978497,0.02
,Transport accidents (V01-V99),GR130-140,2016,2016,91,3945875,0.02
,Transport accidents (V01-V99),GR130-140,2017,2017,90,3855500,0.02
,Transport accidents (V01-V99),GR130-140,2018,2018,82,3791712,0.02
,Transport accidents (V01-V99),GR130-140,2019,2019,74,3747540,0.02
,Transport accidents (V01-V99),GR130-140,2020,2020,77,3613647,0.02
,Transport accidents (V01-V99),GR130-140,2021,2021,105,3664292,0.03
,Transport accidents (V01-V99),GR130-140,2022,2022,79,3667758,0.02
,Transport accidents (V01-V99),GR130-140,2023,2023,79,3596017,0.02
,"Motor vehicle accidents (V02-V04,V09.0,V09.2,V12-V14,V19.0-V19.2,V19.4-V19.6,V20-V79,V80.3-V80.5,V81.0-V81.1,V82.0-V82.1,V83-V86,V87.0-V87.8,V88.0-V88.8,V89.0,V89.2)",GR130-141,2007,2007,121,4316233,0.03
,"Motor vehicle accidents (V02-V04,V09.0,V09.2,V12-V14,V19.0-V19.2,V19.4-V19.6,V20-V79,V80.3-V80.5,V81.0-V81.1,V82.0-V82.1,V83-V86,V87.0-V87.8,V88.0-V88.8,V89.0,V89.2)",GR130-141,2008,2008,101,4247726,0.02
,"Motor vehicle accidents (V02-V04,V09.0,V09.2,V12-V14,V19.0-V19.2,V19.4-V19.6,V20-V79,V80.3-V80.5,V81.0-V81.1,V82.0-V82.1,V83-V86,V87.0-V87.8,V88.0-V88.8,V89.0,V89.2)",GR130-141,2009,2009,93,4130665,0.02
,"Motor vehicle accidents (V02-V04,V09.0,V09.2,V12-V14,V19.0-V19.2,V19.4-V19.6,V20-V79,V80.3-V80.5,V81.0-V81.1,V82.0-V82.1,V83-V86,V87.0-V87.8,V88.0-V88.8,V89.0,V89.2)",GR130-141,2010,2010,76,3999386,0.02
,"Motor vehicle accidents (V02-V04,V09.0,V09.2,V12-V14,V19.0-V19.2,V19.4-V19.6,V20-V79,V80.3-V80.5,V81.0-V81.1,V82.0-V82.1,V83-V86,V87.0-V87.8,V88.0-V88.8,V89.0,V89.2)",GR130-141,2011,2011,95,3953590,0.02
,"Motor vehicle accidents (V02-V04,V09.0,V09.2,V12-V14,V19.0-V19.2,V19.4-V19.6,V20-V79,V80.3-V80.5,V81.0-V81.1,V82.0-V82.1,V83-V86,V87.0-V87.8,V88.0-V88.8,V89.0,V89.2)",GR130-141,2012,2012,69,3952841,0.02
,"Motor vehicle accidents (V02-V04,V09.0,V09.2,V12-V14,V19.0-V19.2,V19.4-V19.6,V20-V79,V80.3-V80.5,V81.0-V81.1,V82.0-V82.1,V83-V86,V87.0-V87.8,V88.0-V88.8,V89.0,V89.2)",GR130-141,2013,2013,66,3932181,0.02
,"Motor vehicle accidents (V02-V04,V09.0,V09.2,V12-V14,V19.0-V19.2,V19.4-V19.6,V20-V79,V80.3-V80.5,V81.0-V81.1,V82.0-V82.1,V83-V86,V87.0-V87.8,V88.0-V88.8,V89.0,V89.2)",GR130-141,2014,2014,68,3988076,0.02
,"Motor vehicle accidents (V02-V04,V09.0,V09.2,V12-V14,V19.0-V19.2,V19.4-V19.6,V20-V79,V80.3-V80.5,V81.0-V81.1,V82.0-V82.1,V83-V86,V87.0-V87.8,V88.0-V88.8,V89.0,V89.2)",GR130-141,2015,2015,68,3978497,0.02
,"Motor vehicle accidents (V02-V04,V09.0,V09.2,V12-V14,V19.0-V19.2,V19.4-V19.6,V20-V79,V80.3-V80.5,V81.0-V81.1,V82.0-V82.1,V83-V86,V87.0-V87.8,V88.0-V88.8,V89.0,V89.2)",GR130-141,2016,2016,90,3945875,0.02
,"Motor vehicle accidents (V02-V04,V09.0,V09.2,V12-V14,V19.0-V19.2,V19.4-V19.6,V20-V79,V80.3-V80.5,V81.0-V81.1,V82.0-V82.1,V83-V86,V87.0-V87.8,V88.0-V88.8,V89.0,V89.2)",GR130-141,2017,2017,90,3855500,0.02
,"Motor vehicle accidents (V02-V04,V09.0,V09.2,V12-V14,V19.0-V19.2,V19.4-V19.6,V20-V79,V80.3-V80.5,V81.0-V81.1,V82.0-V82.1,V83-V86,V87.0-V87.8,V88.0-V88.8,V89.0,V89.2)",GR130-141,2018,2018,81,3791712,0.02
,"Motor vehicle accidents (V02-V04,V09.0,V09.2,V12-V14,V19.0-V19.2,V19.4-V19.6,V20-V79,V80.3-V80.5,V81.0-V81.1,V82.0-V82.1,V83-V86,V87.0-V87.8,V88.0-V88.8,V89.0,V89.2)",GR130-141,2019,2019,73,3747540,0.02
,"Motor vehicle accidents (V02-V04,V09.0,V09.2,V12-V14,V19.0-V19.2,V19.4-V19.6,V20-V79,V80.3-V80.5,V81.0-V81.1,V82.0-V82.1,V83-V86,V87.0-V87.8,V88.0-V88.8,V89.0,V89.2)",GR130-141,2020,2020,74,3613647,0.02
,"Motor vehicle accidents (V02-V04,V09.0,V09.2,V12-V14,V19.0-V19.2,V19.4-V19.6,V20-V79,V80.3-V80.5,V81.0-V81.1,V82.0-V82.1,V83-V86,V87.0-V87.8,V88.0-V88.8,V89.0,V89.2)",GR130-141,2021,2021,104,3664292,0.03
,"Motor vehicle accidents (V02-V04,V09.0,V09.2,V12-V14,V19.0-V19.2,V19.4-V19.6,V20-V79,V80.3-V80.5,V81.0-V81.1,V82.0-V82.1,V83-V86,V87.0-V87.8,V88.0-V88.8,V89.0,V89.2)",GR130-141,2022,2022,78,3667758,0.02
,"Motor vehicle accidents (V02-V04,V09.0,V09.2,V12-V14,V19.0-V19.2,V19.4-V19.6,V20-V79,V80.3-V80.5,V81.0-V81.1,V82.0-V82.1,V83-V86,V87.0-V87.8,V88.0-V88.8,V89.0,V89.2)",GR130-141,2023,2023,78,3596017,0.02
,"Other and unspecified transport accidents (V01,V05-V06,V09.1,V09.3-V09.9,V10-V11,V15-V18,V19.3,V19.8-V19.9,V80.0-V80.2,V80.6-V80.9,V81.2-V81.9,V82.2-V82.9,V87.9,V88.9,V89.1,V89.3,V89.9,V90-V99)",GR130-142,2007,2007,Suppressed,4316233,Suppressed
,"Other and unspecified transport accidents (V01,V05-V06,V09.1,V09.3-V09.9,V10-V11,V15-V18,V19.3,V19.8-V19.9,V80.0-V80.2,V80.6-V80.9,V81.2-V81.9,V82.2-V82.9,V87.9,V88.9,V89.1,V89.3,V89.9,V90-V99)",GR130-142,2008,2008,Suppressed,4247726,Suppressed
,"Other and unspecified transport accidents (V01,V05-V06,V09.1,V09.3-V09.9,V10-V11,V15-V18,V19.3,V19.8-V19.9,V80.0-V80.2,V80.6-V80.9,V81.2-V81.9,V82.2-V82.9,V87.9,V88.9,V89.1,V89.3,V89.9,V90-V99)",GR130-142,2009,2009,Suppressed,4130665,Suppressed
,"Other and unspecified transport accidents (V01,V05-V06,V09.1,V09.3-V09.9,V10-V11,V15-V18,V19.3,V19.8-V19.9,V80.0-V80.2,V80.6-V80.9,V81.2-V81.9,V82.2-V82.9,V87.9,V88.9,V89.1,V89.3,V89.9,V90-V99)",GR130-142,2010,2010,Suppressed,3999386,Suppressed
,"Other and unspecified transport accidents (V01,V05-V06,V09.1,V09.3-V09.9,V10-V11,V15-V18,V19.3,V19.8-V19.9,V80.0-V80.2,V80.6-V80.9,V81.2-V81.9,V82.2-V82.9,V87.9,V88.9,V89.1,V89.3,V89.9,V90-V99)",GR130-142,2011,2011,Suppressed,3953590,Suppressed
,"Other and unspecified transport accidents (V01,V05-V06,V09.1,V09.3-V09.9,V10-V11,V15-V18,V19.3,V19.8-V19.9,V80.0-V80.2,V80.6-V80.9,V81.2-V81.9,V82.2-V82.9,V87.9,V88.9,V89.1,V89.3,V89.9,V90-V99)",GR130-142,2012,2012,Suppressed,3952841,Suppressed
,"Other and unspecified transport accidents (V01,V05-V06,V09.1,V09.3-V09.9,V10-V11,V15-V18,V19.3,V19.8-V19.9,V80.0-V80.2,V80.6-V80.9,V81.2-V81.9,V82.2-V82.9,V87.9,V88.9,V89.1,V89.3,V89.9,V90-V99)",GR130-142,2013,2013,Suppressed,3932181,Suppressed
,"Other and unspecified transport accidents (V01,V05-V06,V09.1,V09.3-V09.9,V10-V11,V15-V18,V19.3,V19.8-V19.9,V80.0-V80.2,V80.6-V80.9,V81.2-V81.9,V82.2-V82.9,V87.9,V88.9,V89.1,V89.3,V89.9,V90-V99)",GR130-142,2014,2014,Suppressed,3988076,Suppressed
,"Other and unspecified transport accidents (V01,V05-V06,V09.1,V09.3-V09.9,V10-V11,V15-V18,V19.3,V19.8-V19.9,V80.0-V80.2,V80.6-V80.9,V81.2-V81.9,V82.2-V82.9,V87.9,V88.9,V89.1,V89.3,V89.9,V90-V99)",GR130-142,2015,2015,Suppressed,3978497,Suppressed
,"Other and unspecified transport accidents (V01,V05-V06,V09.1,V09.3-V09.9,V10-V11,V15-V18,V19.3,V19.8-V19.9,V80.0-V80.2,V80.6-V80.9,V81.2-V81.9,V82.2-V82.9,V87.9,V88.9,V89.1,V89.3,V89.9,V90-V99)",GR130-142,2016,2016,Suppressed,3945875,Suppressed
,"Other and unspecified transport accidents (V01,V05-V06,V09.1,V09.3-V09.9,V10-V11,V15-V18,V19.3,V19.8-V19.9,V80.0-V80.2,V80.6-V80.9,V81.2-V81.9,V82.2-V82.9,V87.9,V88.9,V89.1,V89.3,V89.9,V90-V99)",GR130-142,2017,2017,0,3855500,0
,"Other and unspecified transport accidents (V01,V05-V06,V09.1,V09.3-V09.9,V10-V11,V15-V18,V19.3,V19.8-V19.9,V80.0-V80.2,V80.6-V80.9,V81.2-V81.9,V82.2-V82.9,V87.9,V88.9,V89.1,V89.3,V89.9,V90-V99)",GR130-142,2018,2018,Suppressed,3791712,Suppressed
,"Other and unspecified transport accidents (V01,V05-V06,V09.1,V09.3-V09.9,V10-V11,V15-V18,V19.3,V19.8-V19.9,V80.0-V80.2,V80.6-V80.9,V81.2-V81.9,V82.2-V82.9,V87.9,V88.9,V89.1,V89.3,V89.9,V90-V99)",GR130-142,2019,2019,Suppressed,3747540,Suppressed
,"Other and unspecified transport accidents (V01,V05-V06,V09.1,V09.3-V09.9,V10-V11,V15-V18,V19.3,V19.8-V19.9,V80.0-V80.2,V80.6-V80.9,V81.2-V81.9,V82.2-V82.9,V87.9,V88.9,V89.1,V89.3,V89.9,V90-V99)",GR130-142,2020,2020,Suppressed,3613647,Suppressed
,"Other and unspecified transport accidents (V01,V05-V06,V09.1,V09.3-V09.9,V10-V11,V15-V18,V19.3,V19.8-V19.9,V80.0-V80.2,V80.6-V80.9,V81.2-V81.9,V82.2-V82.9,V87.9,V88.9,V89.1,V89.3,V89.9,V90-V99)",GR130-142,2021,2021,Suppressed,3664292,Suppressed
,"Other and unspecified transport accidents (V01,V05-V06,V09.1,V09.3-V09.9,V10-V11,V15-V18,V19.3,V19.8-V19.9,V80.0-V80.2,V80.6-V80.9,V81.2-V81.9,V82.2-V82.9,V87.9,V88.9,V89.1,V89.3,V89.9,V90-V99)",GR130-142,2022,2022,Suppressed,3667758,Suppressed
,"Other and unspecified transport accidents (V01,V05-V06,V09.1,V09.3-V09.9,V10-V11,V15-V18,V19.3,V19.8-V19.9,V80.0-V80.2,V80.6-V80.9,V81.2-V81.9,V82.2-V82.9,V87.9,V88.9,V89.1,V89.3,V89.9,V90-V99)",GR130-142,2023,2023,Suppressed,3596017,Suppressed
,Falls (W00-W19),GR130-143,2007,2007,24,4316233,0.01
,Falls (W00-W19),GR130-143,2008,2008,13,4247726,0.00 (Unreliable)
,Falls (W00-W19),GR130-143,2009,2009,19,4130665,0.00 (Unreliable)
,Falls (W00-W19),GR130-143,2010,2010,10,3999386,0.00 (Unreliable)
,Falls (W00-W19),GR130-143,2011,2011,11,3953590,0.00 (Unreliable)
,Falls (W00-W19),GR130-143,2012,2012,Suppressed,3952841,Suppressed
,Falls (W00-W19),GR130-143,2013,2013,15,3932181,0.00 (Unreliable)
,Falls (W00-W19),GR130-143,2014,2014,Suppressed,3988076,Suppressed
,Falls (W00-W19),GR130-143,2015,2015,Suppressed,3978497,Suppressed
,Falls (W00-W19),GR130-143,2016,2016,Suppressed,3945875,Suppressed
,Falls (W00-W19),GR130-143,2017,2017,13,3855500,0.00 (Unreliable)
,Falls (W00-W19),GR130-143,2018,2018,Suppressed,3791712,Suppressed
,Falls (W00-W19),GR130-143,2019,2019,Suppressed,3747540,Suppressed
,Falls (W00-W19),GR130-143,2020,2020,Suppressed,3613647,Suppressed
,Falls (W00-W19),GR130-143,2021,2021,Suppressed,3664292,Suppressed
,Falls (W00-W19),GR130-143,2022,2022,Suppressed,3667758,Suppressed
,Falls (W00-W19),GR130-143,2023,2023,Suppressed,3596017,Suppressed
,Accidental discharge of firearms (W32-W34),GR130-144,2007,2007,Suppressed,4316233,Suppressed
,Accidental discharge of firearms (W32-W34),GR130-144,2008,2008,0,4247726,0
,Accidental discharge of firearms (W32-W34),GR130-144,2009,2009,Suppressed,4130665,Suppressed
,Accidental discharge of firearms (W32-W34),GR130-144,2010,2010,0,3999386,0
,Accidental discharge of firearms (W32-W34),GR130-144,2011,2011,Suppressed,3953590,Suppressed
,Accidental discharge of firearms (W32-W34),GR130-144,2012,2012,Suppressed,3952841,Suppressed
,Accidental discharge of firearms (W32-W34),GR130-144,2013,2013,Suppressed,3932181,Suppressed
,Accidental discharge of firearms (W32-W34),GR130-144,2014,2014,Suppressed,3988076,Suppressed
,Accidental discharge of firearms (W32-W34),GR130-144,2015,2015,Suppressed,3978497,Suppressed
,Accidental discharge of firearms (W32-W34),GR130-144,2016,2016,Suppressed,3945875,Suppressed
,Accidental discharge of firearms (W32-W34),GR130-144,2017,2017,Suppressed,3855500,Suppressed
,Accidental discharge of firearms (W32-W34),GR130-144,2018,2018,0,3791712,0
,Accidental discharge of firearms (W32-W34),GR130-144,2019,2019,Suppressed,3747540,Suppressed
,Accidental discharge of firearms (W32-W34),GR130-144,2020,2020,Suppressed,3613647,Suppressed
,Accidental discharge of firearms (W32-W34),GR130-144,2021,2021,Suppressed,3664292,Suppressed
,Accidental discharge of firearms (W32-W34),GR130-144,2022,2022,0,3667758,0
,Accidental discharge of firearms (W32-W34),GR130-144,2023,2023,0,3596017,0
,Accidental drowning and submersion (W65-W74),GR130-145,2007,2007,59,4316233,0.01
,Accidental drowning and submersion (W65-W74),GR130-145,2008,2008,40,4247726,0.01
,Accidental drowning and submersion (W65-W74),GR130-145,2009,2009,44,4130665,0.01
,Accidental drowning and submersion (W65-W74),GR130-145,2010,2010,36,3999386,0.01
,Accidental drowning and submersion (W65-W74),GR130-145,2011,2011,52,3953590,0.01
,Accidental drowning and submersion (W65-W74),GR130-145,2012,2012,41,3952841,0.01
,Accidental drowning and submersion (W65-W74),GR130-145,2013,2013,23,3932181,0.01
,Accidental drowning and submersion (W65-W74),GR130-145,2014,2014,29,3988076,0.01
,Accidental drowning and submersion (W65-W74),GR130-145,2015,2015,29,3978497,0.01
,Accidental drowning and submersion (W65-W74),GR130-145,2016,2016,37,3945875,0.01
,Accidental drowning and submersion (W65-W74),GR130-145,2017,2017,41,3855500,0.01
,Accidental drowning and submersion (W65-W74),GR130-145,2018,2018,38,3791712,0.01
,Accidental drowning and submersion (W65-W74),GR130-145,2019,2019,34,3747540,0.01
,Accidental drowning and submersion (W65-W74),GR130-145,2020,2020,33,3613647,0.01
,Accidental drowning and submersion (W65-W74),GR130-145,2021,2021,38,3664292,0.01
,Accidental drowning and submersion (W65-W74),GR130-145,2022,2022,39,3667758,0.01
,Accidental drowning and submersion (W65-W74),GR130-145,2023,2023,47,3596017,0.01
,Accidental suffocation and strangulation in bed (W75),GR130-146,2007,2007,673,4316233,0.16
,Accidental suffocation and strangulation in bed (W75),GR130-146,2008,2008,737,4247726,0.17
,Accidental suffocation and strangulation in bed (W75),GR130-146,2009,2009,660,4130665,0.16
,Accidental suffocation and strangulation in bed (W75),GR130-146,2010,2010,630,3999386,0.16
,Accidental suffocation and strangulation in bed (W75),GR130-146,2011,2011,630,3953590,0.16
,Accidental suffocation and strangulation in bed (W75),GR130-146,2012,2012,724,3952841,0.18
,Accidental suffocation and strangulation in bed (W75),GR130-146,2013,2013,818,3932181,0.21
,Accidental suffocation and strangulation in bed (W75),GR130-146,2014,2014,857,3988076,0.21
,Accidental suffocation and strangulation in bed (W75),GR130-146,2015,2015,920,3978497,0.23
,Accidental suffocation and strangulation in bed (W75),GR130-146,2016,2016,857,3945875,0.22
,Accidental suffocation and strangulation in bed (W75),GR130-146,2017,2017,946,3855500,0.25
,Accidental suffocation and strangulation in bed (W75),GR130-146,2018,2018,837,3791712,0.22
,Accidental suffocation and strangulation in bed (W75),GR130-146,2019,2019,954,3747540,0.25
,Accidental suffocation and strangulation in bed (W75),GR130-146,2020,2020,905,3613647,0.25
,Accidental suffocation and strangulation in bed (W75),GR130-146,2021,2021,972,3664292,0.27
,Accidental suffocation and strangulation in bed (W75),GR130-146,2022,2022,1040,3667758,0.28
,Accidental suffocation and strangulation in bed (W75),GR130-146,2023,2023,992,3596017,0.28
,"Other accidental suffocation and strangulation (W76-W77,W81-W84)",GR130-147,2007,2007,219,4316233,0.05
,"Other accidental suffocation and strangulation (W76-W77,W81-W84)",GR130-147,2008,2008,262,4247726,0.06
,"Other accidental suffocation and strangulation (W76-W77,W81-W84)",GR130-147,2009,2009,189,4130665,0.05
,"Other accidental suffocation and strangulation (W76-W77,W81-W84)",GR130-147,2010,2010,220,3999386,0.06
,"Other accidental suffocation and strangulation (W76-W77,W81-W84)",GR130-147,2011,2011,198,3953590,0.05
,"Other accidental suffocation and strangulation (W76-W77,W81-W84)",GR130-147,2012,2012,197,3952841,0.05
,"Other accidental suffocation and strangulation (W76-W77,W81-W84)",GR130-147,2013,2013,114,3932181,0.03
,"Other accidental suffocation and strangulation (W76-W77,W81-W84)",GR130-147,2014,2014,96,3988076,0.02
,"Other accidental suffocation and strangulation (W76-W77,W81-W84)",GR130-147,2015,2015,165,3978497,0.04
,"Other accidental suffocation and strangulation (W76-W77,W81-W84)",GR130-147,2016,2016,130,3945875,0.03
,"Other accidental suffocation and strangulation (W76-W77,W81-W84)",GR130-147,2017,2017,115,3855500,0.03
,"Other accidental suffocation and strangulation (W76-W77,W81-W84)",GR130-147,2018,2018,113,3791712,0.03
,"Other accidental suffocation and strangulation (W76-W77,W81-W84)",GR130-147,2019,2019,104,3747540,0.03
,"Other accidental suffocation and strangulation (W76-W77,W81-W84)",GR130-147,2020,2020,74,3613647,0.02
,"Other accidental suffocation and strangulation (W76-W77,W81-W84)",GR130-147,2021,2021,66,3664292,0.02
,"Other accidental suffocation and strangulation (W76-W77,W81-W84)",GR130-147,2022,2022,68,3667758,0.02
,"Other accidental suffocation and strangulation (W76-W77,W81-W84)",GR130-147,2023,2023,64,3596017,0.02
,Accidental inhalation and ingestion of food or other objects causing obstruction of respiratory tract (W78-W80),GR130-148,2007,2007,69,4316233,0.02
,Accidental inhalation and ingestion of food or other objects causing obstruction of respiratory tract (W78-W80),GR130-148,2008,2008,61,4247726,0.01
,Accidental inhalation and ingestion of food or other objects causing obstruction of respiratory tract (W78-W80),GR130-148,2009,2009,54,4130665,0.01
,Accidental inhalation and ingestion of food or other objects causing obstruction of respiratory tract (W78-W80),GR130-148,2010,2010,58,3999386,0.01
,Accidental inhalation and ingestion of food or other objects causing obstruction of respiratory tract (W78-W80),GR130-148,2011,2011,72,3953590,0.02
,Accidental inhalation and ingestion of food or other objects causing obstruction of respiratory tract (W78-W80),GR130-148,2012,2012,45,3952841,0.01
,Accidental inhalation and ingestion of food or other objects causing obstruction of respiratory tract (W78-W80),GR130-148,2013,2013,43,3932181,0.01
,Accidental inhalation and ingestion of food or other objects causing obstruction of respiratory tract (W78-W80),GR130-148,2014,2014,40,3988076,0.01
,Accidental inhalation and ingestion of food or other objects causing obstruction of respiratory tract (W78-W80),GR130-148,2015,2015,40,3978497,0.01
,Accidental inhalation and ingestion of food or other objects causing obstruction of respiratory tract (W78-W80),GR130-148,2016,2016,33,3945875,0.01
,Accidental inhalation and ingestion of food or other objects causing obstruction of respiratory tract (W78-W80),GR130-148,2017,2017,42,3855500,0.01
,Accidental inhalation and ingestion of food or other objects causing obstruction of respiratory tract (W78-W80),GR130-148,2018,2018,27,3791712,0.01
,Accidental inhalation and ingestion of food or other objects causing obstruction of respiratory tract (W78-W80),GR130-148,2019,2019,36,3747540,0.01
,Accidental inhalation and ingestion of food or other objects causing obstruction of respiratory tract (W78-W80),GR130-148,2020,2020,44,3613647,0.01
,Accidental inhalation and ingestion of food or other objects causing obstruction of respiratory tract (W78-W80),GR130-148,2021,2021,34,3664292,0.01
,Accidental inhalation and ingestion of food or other objects causing obstruction of respiratory tract (W78-W80),GR130-148,2022,2022,38,3667758,0.01
,Accidental inhalation and ingestion of food or other objects causing obstruction of respiratory tract (W78-W80),GR130-148,2023,2023,37,3596017,0.01
,"Accidents caused by exposure to smoke, fire and flames (X00-X09)",GR130-149,2007,2007,37,4316233,0.01
,"Accidents caused by exposure to smoke, fire and flames (X00-X09)",GR130-149,2008,2008,19,4247726,0.00 (Unreliable)
,"Accidents caused by exposure to smoke, fire and flames (X00-X09)",GR130-149,2009,2009,24,4130665,0.01
,"Accidents caused by exposure to smoke, fire and flames (X00-X09)",GR130-149,2010,2010,20,3999386,0.01
,"Accidents caused by exposure to smoke, fire and flames (X00-X09)",GR130-149,2011,2011,21,3953590,0.01
,"Accidents caused by exposure to smoke, fire and flames (X00-X09)",GR130-149,2012,2012,17,3952841,0.00 (Unreliable)
,"Accidents caused by exposure to smoke, fire and flames (X00-X09)",GR130-149,2013,2013,17,3932181,0.00 (Unreliable)
,"Accidents caused by exposure to smoke, fire and flames (X00-X09)",GR130-149,2014,2014,15,3988076,0.00 (Unreliable)
,"Accidents caused by exposure to smoke, fire and flames (X00-X09)",GR130-149,2015,2015,22,3978497,0.01
,"Accidents caused by exposure to smoke, fire and flames (X00-X09)",GR130-149,2016,2016,12,3945875,0.00 (Unreliable)
,"Accidents caused by exposure to smoke, fire and flames (X00-X09)",GR130-149,2017,2017,15,3855500,0.00 (Unreliable)
,"Accidents caused by exposure to smoke, fire and flames (X00-X09)",GR130-149,2018,2018,17,3791712,0.00 (Unreliable)
,"Accidents caused by exposure to smoke, fire and flames (X00-X09)",GR130-149,2019,2019,Suppressed,3747540,Suppressed
,"Accidents caused by exposure to smoke, fire and flames (X00-X09)",GR130-149,2020,2020,Suppressed,3613647,Suppressed
,"Accidents caused by exposure to smoke, fire and flames (X00-X09)",GR130-149,2021,2021,14,3664292,0.00 (Unreliable)
,"Accidents caused by exposure to smoke, fire and flames (X00-X09)",GR130-149,2022,2022,15,3667758,0.00 (Unreliable)
,"Accidents caused by exposure to smoke, fire and flames (X00-X09)",GR130-149,2023,2023,Suppressed,3596017,Suppressed
,Accidental poisoning and exposure to noxious substances (X40-X49),GR130-150,2007,2007,17,4316233,0.00 (Unreliable)
,Accidental poisoning and exposure to noxious substances (X40-X49),GR130-150,2008,2008,11,4247726,0.00 (Unreliable)
,Accidental poisoning and exposure to noxious substances (X40-X49),GR130-150,2009,2009,21,4130665,0.01
,Accidental poisoning and exposure to noxious substances (X40-X49),GR130-150,2010,2010,Suppressed,3999386,Suppressed
,Accidental poisoning and exposure to noxious substances (X40-X49),GR130-150,2011,2011,15,3953590,0.00 (Unreliable)
,Accidental poisoning and exposure to noxious substances (X40-X49),GR130-150,2012,2012,Suppressed,3952841,Suppressed
,Accidental poisoning and exposure to noxious substances (X40-X49),GR130-150,2013,2013,Suppressed,3932181,Suppressed
,Accidental poisoning and exposure to noxious substances (X40-X49),GR130-150,2014,2014,Suppressed,3988076,Suppressed
,Accidental poisoning and exposure to noxious substances (X40-X49),GR130-150,2015,2015,Suppressed,3978497,Suppressed
,Accidental poisoning and exposure to noxious substances (X40-X49),GR130-150,2016,2016,10,3945875,0.00 (Unreliable)
,Accidental poisoning and exposure to noxious substances (X40-X49),GR130-150,2017,2017,10,3855500,0.00 (Unreliable)
,Accidental poisoning and exposure to noxious substances (X40-X49),GR130-150,2018,2018,Suppressed,3791712,Suppressed
,Accidental poisoning and exposure to noxious substances (X40-X49),GR130-150,2019,2019,13,3747540,0.00 (Unreliable)
,Accidental poisoning and exposure to noxious substances (X40-X49),GR130-150,2020,2020,15,3613647,0.00 (Unreliable)
,Accidental poisoning and exposure to noxious substances (X40-X49),GR130-150,2021,2021,24,3664292,0.01
,Accidental poisoning and exposure to noxious substances (X40-X49),GR130-150,2022,2022,26,3667758,0.01
,Accidental poisoning and exposure to noxious substances (X40-X49),GR130-150,2023,2023,27,3596017,0.01
,"Other and unspecified accidents (W20-W31,W35-W64,W85-W99,X10-X39,X50-X59)",GR130-151,2007,2007,59,4316233,0.01
,"Other and unspecified accidents (W20-W31,W35-W64,W85-W99,X10-X39,X50-X59)",GR130-151,2008,2008,69,4247726,0.02
,"Other and unspecified accidents (W20-W31,W35-W64,W85-W99,X10-X39,X50-X59)",GR130-151,2009,2009,65,4130665,0.02
,"Other and unspecified accidents (W20-W31,W35-W64,W85-W99,X10-X39,X50-X59)",GR130-151,2010,2010,49,3999386,0.01
,"Other and unspecified accidents (W20-W31,W35-W64,W85-W99,X10-X39,X50-X59)",GR130-151,2011,2011,69,3953590,0.02
,"Other and unspecified accidents (W20-W31,W35-W64,W85-W99,X10-X39,X50-X59)",GR130-151,2012,2012,46,3952841,0.01
,"Other and unspecified accidents (W20-W31,W35-W64,W85-W99,X10-X39,X50-X59)",GR130-151,2013,2013,40,3932181,0.01
,"Other and unspecified accidents (W20-W31,W35-W64,W85-W99,X10-X39,X50-X59)",GR130-151,2014,2014,38,3988076,0.01
,"Other and unspecified accidents (W20-W31,W35-W64,W85-W99,X10-X39,X50-X59)",GR130-151,2015,2015,29,3978497,0.01
,"Other and unspecified accidents (W20-W31,W35-W64,W85-W99,X10-X39,X50-X59)",GR130-151,2016,2016,37,3945875,0.01
,"Other and unspecified accidents (W20-W31,W35-W64,W85-W99,X10-X39,X50-X59)",GR130-151,2017,2017,39,3855500,0.01
,"Other and unspecified accidents (W20-W31,W35-W64,W85-W99,X10-X39,X50-X59)",GR130-151,2018,2018,42,3791712,0.01
,"Other and unspecified accidents (W20-W31,W35-W64,W85-W99,X10-X39,X50-X59)",GR130-151,2019,2019,31,3747540,0.01
,"Other and unspecified accidents (W20-W31,W35-W64,W85-W99,X10-X39,X50-X59)",GR130-151,2020,2020,26,3613647,0.01
,"Other and unspecified accidents (W20-W31,W35-W64,W85-W99,X10-X39,X50-X59)",GR130-151,2021,2021,35,3664292,0.01
,"Other and unspecified accidents (W20-W31,W35-W64,W85-W99,X10-X39,X50-X59)",GR130-151,2022,2022,40,3667758,0.01
,"Other and unspecified accidents (W20-W31,W35-W64,W85-W99,X10-X39,X50-X59)",GR130-151,2023,2023,30,3596017,0.01
,"#Assault (homicide) (*U01,X85-Y09)",GR130-152,2007,2007,335,4316233,0.08
,"#Assault (homicide) (*U01,X85-Y09)",GR130-152,2008,2008,333,4247726,0.08
,"#Assault (homicide) (*U01,X85-Y09)",GR130-152,2009,2009,311,4130665,0.08
,"#Assault (homicide) (*U01,X85-Y09)",GR130-152,2010,2010,304,3999386,0.08
,"#Assault (homicide) (*U01,X85-Y09)",GR130-152,2011,2011,285,3953590,0.07
,"#Assault (homicide) (*U01,X85-Y09)",GR130-152,2012,2012,286,3952841,0.07
,"#Assault (homicide) (*U01,X85-Y09)",GR130-152,2013,2013,274,3932181,0.07
,"#Assault (homicide) (*U01,X85-Y09)",GR130-152,2014,2014,244,3988076,0.06
,"#Assault (homicide) (*U01,X85-Y09)",GR130-152,2015,2015,261,3978497,0.07
,"#Assault (homicide) (*U01,X85-Y09)",GR130-152,2016,2016,271,3945875,0.07
,"#Assault (homicide) (*U01,X85-Y09)",GR130-152,2017,2017,301,3855500,0.08
,"#Assault (homicide) (*U01,X85-Y09)",GR130-152,2018,2018,264,3791712,0.07
,"#Assault (homicide) (*U01,X85-Y09)",GR130-152,2019,2019,261,3747540,0.07
,"#Assault (homicide) (*U01,X85-Y09)",GR130-152,2020,2020,241,3613647,0.07
,"#Assault (homicide) (*U01,X85-Y09)",GR130-152,2021,2021,260,3664292,0.07
,"#Assault (homicide) (*U01,X85-Y09)",GR130-152,2022,2022,246,3667758,0.07
,"#Assault (homicide) (*U01,X85-Y09)",GR130-152,2023,2023,245,3596017,0.07
,"Assault (homicide) by hanging, strangulation and suffocation (X91)",GR130-153,2007,2007,27,4316233,0.01
,"Assault (homicide) by hanging, strangulation and suffocation (X91)",GR130-153,2008,2008,29,4247726,0.01
,"Assault (homicide) by hanging, strangulation and suffocation (X91)",GR130-153,2009,2009,25,4130665,0.01
,"Assault (homicide) by hanging, strangulation and suffocation (X91)",GR130-153,2010,2010,12,3999386,0.00 (Unreliable)
,"Assault (homicide) by hanging, strangulation and suffocation (X91)",GR130-153,2011,2011,20,3953590,0.01
,"Assault (homicide) by hanging, strangulation and suffocation (X91)",GR130-153,2012,2012,25,3952841,0.01
,"Assault (homicide) by hanging, strangulation and suffocation (X91)",GR130-153,2013,2013,20,3932181,0.01
,"Assault (homicide) by hanging, strangulation and suffocation (X91)",GR130-153,2014,2014,25,3988076,0.01
,"Assault (homicide) by hanging, strangulation and suffocation (X91)",GR130-153,2015,2015,24,3978497,0.01
,"Assault (homicide) by hanging, strangulation and suffocation (X91)",GR130-153,2016,2016,18,3945875,0.00 (Unreliable)
,"Assault (homicide) by hanging, strangulation and suffocation (X91)",GR130-153,2017,2017,26,3855500,0.01
,"Assault (homicide) by hanging, strangulation and suffocation (X91)",GR130-153,2018,2018,29,3791712,0.01
,"Assault (homicide) by hanging, strangulation and suffocation (X91)",GR130-153,2019,2019,23,3747540,0.01
,"Assault (homicide) by hanging, strangulation and suffocation (X91)",GR130-153,2020,2020,24,3613647,0.01
,"Assault (homicide) by hanging, strangulation and suffocation (X91)",GR130-153,2021,2021,Suppressed,3664292,Suppressed
,"Assault (homicide) by hanging, strangulation and suffocation (X91)",GR130-153,2022,2022,Suppressed,3667758,Suppressed
,"Assault (homicide) by hanging, strangulation and suffocation (X91)",GR130-153,2023,2023,17,3596017,0.00 (Unreliable)
,"Assault (homicide) by discharge of firearms (*U01.4,X93-X95)",GR130-154,2007,2007,15,4316233,0.00 (Unreliable)
,"Assault (homicide) by discharge of firearms (*U01.4,X93-X95)",GR130-154,2008,2008,Suppressed,4247726,Suppressed
,"Assault (homicide) by discharge of firearms (*U01.4,X93-X95)",GR130-154,2009,2009,10,4130665,0.00 (Unreliable)
,"Assault (homicide) by discharge of firearms (*U01.4,X93-X95)",GR130-154,2010,2010,11,3999386,0.00 (Unreliable)
,"Assault (homicide) by discharge of firearms (*U01.4,X93-X95)",GR130-154,2011,2011,Suppressed,3953590,Suppressed
,"Assault (homicide) by discharge of firearms (*U01.4,X93-X95)",GR130-154,2012,2012,Suppressed,3952841,Suppressed
,"Assault (homicide) by discharge of firearms (*U01.4,X93-X95)",GR130-154,2013,2013,12,3932181,0.00 (Unreliable)
,"Assault (homicide) by discharge of firearms (*U01.4,X93-X95)",GR130-154,2014,2014,Suppressed,3988076,Suppressed
,"Assault (homicide) by discharge of firearms (*U01.4,X93-X95)",GR130-154,2015,2015,Suppressed,3978497,Suppressed
,"Assault (homicide) by discharge of firearms (*U01.4,X93-X95)",GR130-154,2016,2016,11,3945875,0.00 (Unreliable)
,"Assault (homicide) by discharge of firearms (*U01.4,X93-X95)",GR130-154,2017,2017,12,3855500,0.00 (Unreliable)
,"Assault (homicide) by discharge of firearms (*U01.4,X93-X95)",GR130-154,2018,2018,Suppressed,3791712,Suppressed
,"Assault (homicide) by discharge of firearms (*U01.4,X93-X95)",GR130-154,2019,2019,10,3747540,0.00 (Unreliable)
,"Assault (homicide) by discharge of firearms (*U01.4,X93-X95)",GR130-154,2020,2020,10,3613647,0.00 (Unreliable)
,"Assault (homicide) by discharge of firearms (*U01.4,X93-X95)",GR130-154,2021,2021,15,3664292,0.00 (Unreliable)
,"Assault (homicide) by discharge of firearms (*U01.4,X93-X95)",GR130-154,2022,2022,16,3667758,0.00 (Unreliable)
,"Assault (homicide) by discharge of firearms (*U01.4,X93-X95)",GR130-154,2023,2023,15,3596017,0.00 (Unreliable)
,"Neglect, abandonment and other maltreatment syndromes (Y06-Y07)",GR130-155,2007,2007,82,4316233,0.02
,"Neglect, abandonment and other maltreatment syndromes (Y06-Y07)",GR130-155,2008,2008,97,4247726,0.02
,"Neglect, abandonment and other maltreatment syndromes (Y06-Y07)",GR130-155,2009,2009,96,4130665,0.02
,"Neglect, abandonment and other maltreatment syndromes (Y06-Y07)",GR130-155,2010,2010,80,3999386,0.02
,"Neglect, abandonment and other maltreatment syndromes (Y06-Y07)",GR130-155,2011,2011,81,3953590,0.02
,"Neglect, abandonment and other maltreatment syndromes (Y06-Y07)",GR130-155,2012,2012,42,3952841,0.01
,"Neglect, abandonment and other maltreatment syndromes (Y06-Y07)",GR130-155,2013,2013,72,3932181,0.02
,"Neglect, abandonment and other maltreatment syndromes (Y06-Y07)",GR130-155,2014,2014,79,3988076,0.02
,"Neglect, abandonment and other maltreatment syndromes (Y06-Y07)",GR130-155,2015,2015,68,3978497,0.02
,"Neglect, abandonment and other maltreatment syndromes (Y06-Y07)",GR130-155,2016,2016,58,3945875,0.01
,"Neglect, abandonment and other maltreatment syndromes (Y06-Y07)",GR130-155,2017,2017,76,3855500,0.02
,"Neglect, abandonment and other maltreatment syndromes (Y06-Y07)",GR130-155,2018,2018,65,3791712,0.02
,"Neglect, abandonment and other maltreatment syndromes (Y06-Y07)",GR130-155,2019,2019,58,3747540,0.02
,"Neglect, abandonment and other maltreatment syndromes (Y06-Y07)",GR130-155,2020,2020,65,3613647,0.02
,"Neglect, abandonment and other maltreatment syndromes (Y06-Y07)",GR130-155,2021,2021,53,3664292,0.01
,"Neglect, abandonment and other maltreatment syndromes (Y06-Y07)",GR130-155,2022,2022,54,3667758,0.01
,"Neglect, abandonment and other maltreatment syndromes (Y06-Y07)",GR130-155,2023,2023,52,3596017,0.01
,"Assault (homicide) by other and unspecified means (*U01.0-*U01.3,*U01.5-*U01.9,X85-X90,X92,X96-X99,Y00-Y05,Y08-Y09)",GR130-156,2007,2007,210,4316233,0.05
,"Assault (homicide) by other and unspecified means (*U01.0-*U01.3,*U01.5-*U01.9,X85-X90,X92,X96-X99,Y00-Y05,Y08-Y09)",GR130-156,2008,2008,198,4247726,0.05
,"Assault (homicide) by other and unspecified means (*U01.0-*U01.3,*U01.5-*U01.9,X85-X90,X92,X96-X99,Y00-Y05,Y08-Y09)",GR130-156,2009,2009,179,4130665,0.04
,"Assault (homicide) by other and unspecified means (*U01.0-*U01.3,*U01.5-*U01.9,X85-X90,X92,X96-X99,Y00-Y05,Y08-Y09)",GR130-156,2010,2010,200,3999386,0.05
,"Assault (homicide) by other and unspecified means (*U01.0-*U01.3,*U01.5-*U01.9,X85-X90,X92,X96-X99,Y00-Y05,Y08-Y09)",GR130-156,2011,2011,177,3953590,0.04
,"Assault (homicide) by other and unspecified means (*U01.0-*U01.3,*U01.5-*U01.9,X85-X90,X92,X96-X99,Y00-Y05,Y08-Y09)",GR130-156,2012,2012,213,3952841,0.05
,"Assault (homicide) by other and unspecified means (*U01.0-*U01.3,*U01.5-*U01.9,X85-X90,X92,X96-X99,Y00-Y05,Y08-Y09)",GR130-156,2013,2013,170,3932181,0.04
,"Assault (homicide) by other and unspecified means (*U01.0-*U01.3,*U01.5-*U01.9,X85-X90,X92,X96-X99,Y00-Y05,Y08-Y09)",GR130-156,2014,2014,134,3988076,0.03
,"Assault (homicide) by other and unspecified means (*U01.0-*U01.3,*U01.5-*U01.9,X85-X90,X92,X96-X99,Y00-Y05,Y08-Y09)",GR130-156,2015,2015,160,3978497,0.04
,"Assault (homicide) by other and unspecified means (*U01.0-*U01.3,*U01.5-*U01.9,X85-X90,X92,X96-X99,Y00-Y05,Y08-Y09)",GR130-156,2016,2016,184,3945875,0.05
,"Assault (homicide) by other and unspecified means (*U01.0-*U01.3,*U01.5-*U01.9,X85-X90,X92,X96-X99,Y00-Y05,Y08-Y09)",GR130-156,2017,2017,187,3855500,0.05
,"Assault (homicide) by other and unspecified means (*U01.0-*U01.3,*U01.5-*U01.9,X85-X90,X92,X96-X99,Y00-Y05,Y08-Y09)",GR130-156,2018,2018,164,3791712,0.04
,"Assault (homicide) by other and unspecified means (*U01.0-*U01.3,*U01.5-*U01.9,X85-X90,X92,X96-X99,Y00-Y05,Y08-Y09)",GR130-156,2019,2019,169,3747540,0.05
,"Assault (homicide) by other and unspecified means (*U01.0-*U01.3,*U01.5-*U01.9,X85-X90,X92,X96-X99,Y00-Y05,Y08-Y09)",GR130-156,2020,2020,142,3613647,0.04
,"Assault (homicide) by other and unspecified means (*U01.0-*U01.3,*U01.5-*U01.9,X85-X90,X92,X96-X99,Y00-Y05,Y08-Y09)",GR130-156,2021,2021,183,3664292,0.05
,"Assault (homicide) by other and unspecified means (*U01.0-*U01.3,*U01.5-*U01.9,X85-X90,X92,X96-X99,Y00-Y05,Y08-Y09)",GR130-156,2022,2022,167,3667758,0.05
,"Assault (homicide) by other and unspecified means (*U01.0-*U01.3,*U01.5-*U01.9,X85-X90,X92,X96-X99,Y00-Y05,Y08-Y09)",GR130-156,2023,2023,161,3596017,0.04
,#Complications of medical and surgical care (Y40-Y84),GR130-157,2007,2007,20,4316233,0
,#Complications of medical and surgical care (Y40-Y84),GR130-157,2008,2008,23,4247726,0.01
,#Complications of medical and surgical care (Y40-Y84),GR130-157,2009,2009,17,4130665,0.00 (Unreliable)
,#Complications of medical and surgical care (Y40-Y84),GR130-157,2010,2010,22,3999386,0.01
,#Complications of medical and surgical care (Y40-Y84),GR130-157,2011,2011,19,3953590,0.00 (Unreliable)
,#Complications of medical and surgical care (Y40-Y84),GR130-157,2012,2012,11,3952841,0.00 (Unreliable)
,#Complications of medical and surgical care (Y40-Y84),GR130-157,2013,2013,11,3932181,0.00 (Unreliable)
,#Complications of medical and surgical care (Y40-Y84),GR130-157,2014,2014,12,3988076,0.00 (Unreliable)
,#Complications of medical and surgical care (Y40-Y84),GR130-157,2015,2015,12,3978497,0.00 (Unreliable)
,#Complications of medical and surgical care (Y40-Y84),GR130-157,2016,2016,18,3945875,0.00 (Unreliable)
,#Complications of medical and surgical care (Y40-Y84),GR130-157,2017,2017,14,3855500,0.00 (Unreliable)
,#Complications of medical and surgical care (Y40-Y84),GR130-157,2018,2018,18,3791712,0.00 (Unreliable)
,#Complications of medical and surgical care (Y40-Y84),GR130-157,2019,2019,29,3747540,0.01
,#Complications of medical and surgical care (Y40-Y84),GR130-157,2020,2020,11,3613647,0.00 (Unreliable)
,#Complications of medical and surgical care (Y40-Y84),GR130-157,2021,2021,12,3664292,0.00 (Unreliable)
,#Complications of medical and surgical care (Y40-Y84),GR130-157,2022,2022,20,3667758,0.01
,#Complications of medical and surgical care (Y40-Y84),GR130-157,2023,2023,Suppressed,3596017,Suppressed
,Other external causes (Y10-Y36),GR130-158,2007,2007,86,4316233,0.02
,Other external causes (Y10-Y36),GR130-158,2008,2008,93,4247726,0.02
,Other external causes (Y10-Y36),GR130-158,2009,2009,112,4130665,0.03
,Other external causes (Y10-Y36),GR130-158,2010,2010,108,3999386,0.03
,Other external causes (Y10-Y36),GR130-158,2011,2011,73,3953590,0.02
,Other external causes (Y10-Y36),GR130-158,2012,2012,94,3952841,0.02
,Other external causes (Y10-Y36),GR130-158,2013,2013,103,3932181,0.03
,Other external causes (Y10-Y36),GR130-158,2014,2014,77,3988076,0.02
,Other external causes (Y10-Y36),GR130-158,2015,2015,89,3978497,0.02
,Other external causes (Y10-Y36),GR130-158,2016,2016,122,3945875,0.03
,Other external causes (Y10-Y36),GR130-158,2017,2017,113,3855500,0.03
,Other external causes (Y10-Y36),GR130-158,2018,2018,109,3791712,0.03
,Other external causes (Y10-Y36),GR130-158,2019,2019,116,3747540,0.03
,Other external causes (Y10-Y36),GR130-158,2020,2020,105,3613647,0.03
,Other external causes (Y10-Y36),GR130-158,2021,2021,96,3664292,0.03
,Other external causes (Y10-Y36),GR130-158,2022,2022,124,3667758,0.03
,Other external causes (Y10-Y36),GR130-158,2023,2023,84,3596017,0.02
,All unspecified codes,GR130-999,2007,2007,0,4316233,0
,All unspecified codes,GR130-999,2008,2008,0,4247726,0
,All unspecified codes,GR130-999,2009,2009,0,4130665,0
,All unspecified codes,GR130-999,2010,2010,0,3999386,0
,All unspecified codes,GR130-999,2011,2011,0,3953590,0
,All unspecified codes,GR130-999,2012,2012,0,3952841,0
,All unspecified codes,GR130-999,2013,2013,0,3932181,0
,All unspecified codes,GR130-999,2014,2014,0,3988076,0
,All unspecified codes,GR130-999,2015,2015,0,3978497,0
,All unspecified codes,GR130-999,2016,2016,0,3945875,0
,All unspecified codes,GR130-999,2017,2017,0,3855500,0
,All unspecified codes,GR130-999,2018,2018,0,3791712,0
,All unspecified codes,GR130-999,2019,2019,0,3747540,0
,All unspecified codes,GR130-999,2020,2020,0,3613647,0
,All unspecified codes,GR130-999,2021,2021,0,3664292,0
,All unspecified codes,GR130-999,2022,2022,0,3667758,0
,All unspecified codes,GR130-999,2023,2023,0,3596017,0
---,,,,,,,
"Dataset: Linked Birth / Infant Death Records, 2007-2023",,,,,,,
Query Parameters:,,,,,,,
Group By: ICD-10 130 Cause List (Infants); Year of Death,,,,,,,
Show Totals: Disabled,,,,,,,
Show Zero Values: True,,,,,,,
Show Suppressed: True,,,,,,,
"Calculate Rates Per: 1,000",,,,,,,
---,,,,,,,
Help: See http://wonder.cdc.gov/wonder/help/lbd.html for more information.,,,,,,,
---,,,,,,,
"Query Date: May 19, 2026 6:14:22 PM",,,,,,,
---,,,,,,,
"Suggested Citation: Centers for Disease Control and Prevention, National Center for Health Statistics. National Vital Statistics",,,,,,,
"System, Linked Birth / Infant Deaths on CDC WONDER Online Database. Data are from the Linked Birth / Infant Deaths Records",,,,,,,
"2007-2023, as compiled from data provided by the 57 vital statistics jurisdictions through the Vital Statistics Cooperative",,,,,,,
"Program. Accessed at http://wonder.cdc.gov/lbd-current.html on May 19, 2026 6:14:22 PM",,,,,,,
---,,,,,,,
Messages:,,,,,,,
1. Totals are not available for these results due to suppression constraints. More Information:,,,,,,,
http://wonder.cdc.gov/wonder/help/faq.html#Privacy.,,,,,,,
2. Totals are disabled when ICD-10 130 Cause List (Infants) is selected in the Group Results By list. Check Caveats below for,,,,,,,
more information.,,,,,,,
---,,,,,,,
Caveats:,,,,,,,
"1. 'Suppressed' appears instead of death, birth, and rate values when the death value represents 0-9 sub-national events. This",,,,,,,
is because the data do not meet the criteria for confidentiality constraints. More information:,,,,,,,
http://wonder.cdc.gov/wonder/help/lbd.html#Assurance of Confidentiality.,,,,,,,
2. 'Unreliable' appears for rates when there are fewer than 20 deaths in the numerator. This is because the figure does not meet,,,,,,,
the NCHS standard of reliability or precision. More information: http://wonder.cdc.gov/wonder/help/lbd.html#Unreliable.,,,,,,,
3. Infant deaths are weighted so numbers may not exactly add to totals due to rounding. More information:,,,,,,,
http://wonder.cdc.gov/wonder/help/lbd.html#WeightFactors-Totals.,,,,,,,
4. Note that there may be slight differences in the number of infant deaths when comparing the Linked Birth / Death Records to,,,,,,,
the other vital statistics. More information: http://wonder.cdc.gov/wonder/help/lbd.html#Weight Factors.,,,,,,,
