cause_raw,year,births,deaths,suppressed_flg,death_rate,unreliable_flg,rankable,cause_clean
#Diarrhea and gastroenteritis of infectious origin (A09),2007,4316233,0,0,0,0,1,Diarrhea and gastroenteritis of infectious origin (A09)
#Diarrhea and gastroenteritis of infectious origin (A09),2008,4247726,0,0,0,0,1,Diarrhea and gastroenteritis of infectious origin (A09)
#Diarrhea and gastroenteritis of infectious origin (A09),2009,4130665,331,0,0.08,0,1,Diarrhea and gastroenteritis of infectious origin (A09)
#Diarrhea and gastroenteritis of infectious origin (A09),2010,3999386,318,0,0.08,0,1,Diarrhea and gastroenteritis of infectious origin (A09)
#Diarrhea and gastroenteritis of infectious origin (A09),2011,3953590,262,0,0.07,0,1,Diarrhea and gastroenteritis of infectious origin (A09)
#Diarrhea and gastroenteritis of infectious origin (A09),2012,3952841,245,0,0.06,0,1,Diarrhea and gastroenteritis of infectious origin (A09)
#Diarrhea and gastroenteritis of infectious origin (A09),2013,3932181,224,0,0.06,0,1,Diarrhea and gastroenteritis of infectious origin (A09)
#Diarrhea and gastroenteritis of infectious origin (A09),2014,3988076,215,0,0.05,0,1,Diarrhea and gastroenteritis of infectious origin (A09)
#Diarrhea and gastroenteritis of infectious origin (A09),2015,3978497,211,0,0.05,0,1,Diarrhea and gastroenteritis of infectious origin (A09)
#Diarrhea and gastroenteritis of infectious origin (A09),2016,3945875,212,0,0.05,0,1,Diarrhea and gastroenteritis of infectious origin (A09)
#Diarrhea and gastroenteritis of infectious origin (A09),2017,3855500,180,0,0.05,0,1,Diarrhea and gastroenteritis of infectious origin (A09)
#Diarrhea and gastroenteritis of infectious origin (A09),2018,3791712,151,0,0.04,0,1,Diarrhea and gastroenteritis of infectious origin (A09)
#Diarrhea and gastroenteritis of infectious origin (A09),2019,3747540,184,0,0.05,0,1,Diarrhea and gastroenteritis of infectious origin (A09)
#Diarrhea and gastroenteritis of infectious origin (A09),2020,3613647,137,0,0.04,0,1,Diarrhea and gastroenteritis of infectious origin (A09)
#Diarrhea and gastroenteritis of infectious origin (A09),2021,3664292,156,0,0.04,0,1,Diarrhea and gastroenteritis of infectious origin (A09)
#Diarrhea and gastroenteritis of infectious origin (A09),2022,3667758,135,0,0.04,0,1,Diarrhea and gastroenteritis of infectious origin (A09)
#Diarrhea and gastroenteritis of infectious origin (A09),2023,3596017,134,0,0.04,0,1,Diarrhea and gastroenteritis of infectious origin (A09)
#Tuberculosis (A16-A19),2007,4316233,,1,,0,1,Tuberculosis (A16-A19)
#Tuberculosis (A16-A19),2008,4247726,0,0,0,0,1,Tuberculosis (A16-A19)
#Tuberculosis (A16-A19),2009,4130665,,1,,0,1,Tuberculosis (A16-A19)
#Tuberculosis (A16-A19),2010,3999386,0,0,0,0,1,Tuberculosis (A16-A19)
#Tuberculosis (A16-A19),2011,3953590,,1,,0,1,Tuberculosis (A16-A19)
#Tuberculosis (A16-A19),2012,3952841,0,0,0,0,1,Tuberculosis (A16-A19)
#Tuberculosis (A16-A19),2013,3932181,,1,,0,1,Tuberculosis (A16-A19)
#Tuberculosis (A16-A19),2014,3988076,0,0,0,0,1,Tuberculosis (A16-A19)
#Tuberculosis (A16-A19),2015,3978497,0,0,0,0,1,Tuberculosis (A16-A19)
#Tuberculosis (A16-A19),2016,3945875,,1,,0,1,Tuberculosis (A16-A19)
#Tuberculosis (A16-A19),2017,3855500,,1,,0,1,Tuberculosis (A16-A19)
#Tuberculosis (A16-A19),2018,3791712,0,0,0,0,1,Tuberculosis (A16-A19)
#Tuberculosis (A16-A19),2019,3747540,,1,,0,1,Tuberculosis (A16-A19)
#Tuberculosis (A16-A19),2020,3613647,,1,,0,1,Tuberculosis (A16-A19)
#Tuberculosis (A16-A19),2021,3664292,,1,,0,1,Tuberculosis (A16-A19)
#Tuberculosis (A16-A19),2022,3667758,0,0,0,0,1,Tuberculosis (A16-A19)
#Tuberculosis (A16-A19),2023,3596017,0,0,0,0,1,Tuberculosis (A16-A19)
"#Tetanus (A33,A35)",2007,4316233,0,0,0,0,1,"Tetanus (A33,A35)"
"#Tetanus (A33,A35)",2008,4247726,0,0,0,0,1,"Tetanus (A33,A35)"
"#Tetanus (A33,A35)",2009,4130665,0,0,0,0,1,"Tetanus (A33,A35)"
"#Tetanus (A33,A35)",2010,3999386,0,0,0,0,1,"Tetanus (A33,A35)"
"#Tetanus (A33,A35)",2011,3953590,0,0,0,0,1,"Tetanus (A33,A35)"
"#Tetanus (A33,A35)",2012,3952841,0,0,0,0,1,"Tetanus (A33,A35)"
"#Tetanus (A33,A35)",2013,3932181,0,0,0,0,1,"Tetanus (A33,A35)"
"#Tetanus (A33,A35)",2014,3988076,0,0,0,0,1,"Tetanus (A33,A35)"
"#Tetanus (A33,A35)",2015,3978497,0,0,0,0,1,"Tetanus (A33,A35)"
"#Tetanus (A33,A35)",2016,3945875,0,0,0,0,1,"Tetanus (A33,A35)"
"#Tetanus (A33,A35)",2017,3855500,0,0,0,0,1,"Tetanus (A33,A35)"
"#Tetanus (A33,A35)",2018,3791712,0,0,0,0,1,"Tetanus (A33,A35)"
"#Tetanus (A33,A35)",2019,3747540,0,0,0,0,1,"Tetanus (A33,A35)"
"#Tetanus (A33,A35)",2020,3613647,0,0,0,0,1,"Tetanus (A33,A35)"
"#Tetanus (A33,A35)",2021,3664292,0,0,0,0,1,"Tetanus (A33,A35)"
"#Tetanus (A33,A35)",2022,3667758,0,0,0,0,1,"Tetanus (A33,A35)"
"#Tetanus (A33,A35)",2023,3596017,0,0,0,0,1,"Tetanus (A33,A35)"
#Diphtheria (A36),2007,4316233,0,0,0,0,1,Diphtheria (A36)
#Diphtheria (A36),2008,4247726,0,0,0,0,1,Diphtheria (A36)
#Diphtheria (A36),2009,4130665,0,0,0,0,1,Diphtheria (A36)
#Diphtheria (A36),2010,3999386,0,0,0,0,1,Diphtheria (A36)
#Diphtheria (A36),2011,3953590,0,0,0,0,1,Diphtheria (A36)
#Diphtheria (A36),2012,3952841,0,0,0,0,1,Diphtheria (A36)
#Diphtheria (A36),2013,3932181,0,0,0,0,1,Diphtheria (A36)
#Diphtheria (A36),2014,3988076,0,0,0,0,1,Diphtheria (A36)
#Diphtheria (A36),2015,3978497,0,0,0,0,1,Diphtheria (A36)
#Diphtheria (A36),2016,3945875,0,0,0,0,1,Diphtheria (A36)
#Diphtheria (A36),2017,3855500,0,0,0,0,1,Diphtheria (A36)
#Diphtheria (A36),2018,3791712,0,0,0,0,1,Diphtheria (A36)
#Diphtheria (A36),2019,3747540,0,0,0,0,1,Diphtheria (A36)
#Diphtheria (A36),2020,3613647,0,0,0,0,1,Diphtheria (A36)
#Diphtheria (A36),2021,3664292,0,0,0,0,1,Diphtheria (A36)
#Diphtheria (A36),2022,3667758,0,0,0,0,1,Diphtheria (A36)
#Diphtheria (A36),2023,3596017,0,0,0,0,1,Diphtheria (A36)
#Whooping cough (A37),2007,4316233,,1,,0,1,Whooping cough (A37)
#Whooping cough (A37),2008,4247726,18,0,0,1,1,Whooping cough (A37)
#Whooping cough (A37),2009,4130665,13,0,0,1,1,Whooping cough (A37)
#Whooping cough (A37),2010,3999386,24,0,0.01,0,1,Whooping cough (A37)
#Whooping cough (A37),2011,3953590,,1,,0,1,Whooping cough (A37)
#Whooping cough (A37),2012,3952841,15,0,0,1,1,Whooping cough (A37)
#Whooping cough (A37),2013,3932181,10,0,0,1,1,Whooping cough (A37)
#Whooping cough (A37),2014,3988076,10,0,0,1,1,Whooping cough (A37)
#Whooping cough (A37),2015,3978497,,1,,0,1,Whooping cough (A37)
#Whooping cough (A37),2016,3945875,,1,,0,1,Whooping cough (A37)
#Whooping cough (A37),2017,3855500,,1,,0,1,Whooping cough (A37)
#Whooping cough (A37),2018,3791712,,1,,0,1,Whooping cough (A37)
#Whooping cough (A37),2019,3747540,,1,,0,1,Whooping cough (A37)
#Whooping cough (A37),2020,3613647,,1,,0,1,Whooping cough (A37)
#Whooping cough (A37),2021,3664292,,1,,0,1,Whooping cough (A37)
#Whooping cough (A37),2022,3667758,,1,,0,1,Whooping cough (A37)
#Whooping cough (A37),2023,3596017,,1,,0,1,Whooping cough (A37)
#Meningococcal infection (A39),2007,4316233,11,0,0,1,1,Meningococcal infection (A39)
#Meningococcal infection (A39),2008,4247726,,1,,0,1,Meningococcal infection (A39)
#Meningococcal infection (A39),2009,4130665,11,0,0,1,1,Meningococcal infection (A39)
#Meningococcal infection (A39),2010,3999386,11,0,0,1,1,Meningococcal infection (A39)
#Meningococcal infection (A39),2011,3953590,,1,,0,1,Meningococcal infection (A39)
#Meningococcal infection (A39),2012,3952841,,1,,0,1,Meningococcal infection (A39)
#Meningococcal infection (A39),2013,3932181,,1,,0,1,Meningococcal infection (A39)
#Meningococcal infection (A39),2014,3988076,,1,,0,1,Meningococcal infection (A39)
#Meningococcal infection (A39),2015,3978497,,1,,0,1,Meningococcal infection (A39)
#Meningococcal infection (A39),2016,3945875,,1,,0,1,Meningococcal infection (A39)
#Meningococcal infection (A39),2017,3855500,,1,,0,1,Meningococcal infection (A39)
#Meningococcal infection (A39),2018,3791712,,1,,0,1,Meningococcal infection (A39)
#Meningococcal infection (A39),2019,3747540,,1,,0,1,Meningococcal infection (A39)
#Meningococcal infection (A39),2020,3613647,,1,,0,1,Meningococcal infection (A39)
#Meningococcal infection (A39),2021,3664292,,1,,0,1,Meningococcal infection (A39)
#Meningococcal infection (A39),2022,3667758,,1,,0,1,Meningococcal infection (A39)
#Meningococcal infection (A39),2023,3596017,0,0,0,0,1,Meningococcal infection (A39)
#Septicemia (A40-A41),2007,4316233,284,0,0.07,0,1,Septicemia (A40-A41)
#Septicemia (A40-A41),2008,4247726,291,0,0.07,0,1,Septicemia (A40-A41)
#Septicemia (A40-A41),2009,4130665,223,0,0.05,0,1,Septicemia (A40-A41)
#Septicemia (A40-A41),2010,3999386,216,0,0.05,0,1,Septicemia (A40-A41)
#Septicemia (A40-A41),2011,3953590,178,0,0.05,0,1,Septicemia (A40-A41)
#Septicemia (A40-A41),2012,3952841,180,0,0.05,0,1,Septicemia (A40-A41)
#Septicemia (A40-A41),2013,3932181,150,0,0.04,0,1,Septicemia (A40-A41)
#Septicemia (A40-A41),2014,3988076,160,0,0.04,0,1,Septicemia (A40-A41)
#Septicemia (A40-A41),2015,3978497,177,0,0.04,0,1,Septicemia (A40-A41)
#Septicemia (A40-A41),2016,3945875,191,0,0.05,0,1,Septicemia (A40-A41)
#Septicemia (A40-A41),2017,3855500,148,0,0.04,0,1,Septicemia (A40-A41)
#Septicemia (A40-A41),2018,3791712,150,0,0.04,0,1,Septicemia (A40-A41)
#Septicemia (A40-A41),2019,3747540,131,0,0.03,0,1,Septicemia (A40-A41)
#Septicemia (A40-A41),2020,3613647,117,0,0.03,0,1,Septicemia (A40-A41)
#Septicemia (A40-A41),2021,3664292,111,0,0.03,0,1,Septicemia (A40-A41)
#Septicemia (A40-A41),2022,3667758,124,0,0.03,0,1,Septicemia (A40-A41)
#Septicemia (A40-A41),2023,3596017,145,0,0.04,0,1,Septicemia (A40-A41)
#Congenital syphilis (A50),2007,4316233,,1,,0,1,Congenital syphilis (A50)
#Congenital syphilis (A50),2008,4247726,0,0,0,0,1,Congenital syphilis (A50)
#Congenital syphilis (A50),2009,4130665,0,0,0,0,1,Congenital syphilis (A50)
#Congenital syphilis (A50),2010,3999386,,1,,0,1,Congenital syphilis (A50)
#Congenital syphilis (A50),2011,3953590,,1,,0,1,Congenital syphilis (A50)
#Congenital syphilis (A50),2012,3952841,,1,,0,1,Congenital syphilis (A50)
#Congenital syphilis (A50),2013,3932181,,1,,0,1,Congenital syphilis (A50)
#Congenital syphilis (A50),2014,3988076,,1,,0,1,Congenital syphilis (A50)
#Congenital syphilis (A50),2015,3978497,,1,,0,1,Congenital syphilis (A50)
#Congenital syphilis (A50),2016,3945875,,1,,0,1,Congenital syphilis (A50)
#Congenital syphilis (A50),2017,3855500,,1,,0,1,Congenital syphilis (A50)
#Congenital syphilis (A50),2018,3791712,0,0,0,0,1,Congenital syphilis (A50)
#Congenital syphilis (A50),2019,3747540,,1,,0,1,Congenital syphilis (A50)
#Congenital syphilis (A50),2020,3613647,,1,,0,1,Congenital syphilis (A50)
#Congenital syphilis (A50),2021,3664292,,1,,0,1,Congenital syphilis (A50)
#Congenital syphilis (A50),2022,3667758,15,0,0,1,1,Congenital syphilis (A50)
#Congenital syphilis (A50),2023,3596017,,1,,0,1,Congenital syphilis (A50)
#Gonococcal infection (A54),2007,4316233,0,0,0,0,1,Gonococcal infection (A54)
#Gonococcal infection (A54),2008,4247726,0,0,0,0,1,Gonococcal infection (A54)
#Gonococcal infection (A54),2009,4130665,0,0,0,0,1,Gonococcal infection (A54)
#Gonococcal infection (A54),2010,3999386,0,0,0,0,1,Gonococcal infection (A54)
#Gonococcal infection (A54),2011,3953590,0,0,0,0,1,Gonococcal infection (A54)
#Gonococcal infection (A54),2012,3952841,0,0,0,0,1,Gonococcal infection (A54)
#Gonococcal infection (A54),2013,3932181,0,0,0,0,1,Gonococcal infection (A54)
#Gonococcal infection (A54),2014,3988076,0,0,0,0,1,Gonococcal infection (A54)
#Gonococcal infection (A54),2015,3978497,0,0,0,0,1,Gonococcal infection (A54)
#Gonococcal infection (A54),2016,3945875,0,0,0,0,1,Gonococcal infection (A54)
#Gonococcal infection (A54),2017,3855500,0,0,0,0,1,Gonococcal infection (A54)
#Gonococcal infection (A54),2018,3791712,0,0,0,0,1,Gonococcal infection (A54)
#Gonococcal infection (A54),2019,3747540,0,0,0,0,1,Gonococcal infection (A54)
#Gonococcal infection (A54),2020,3613647,0,0,0,0,1,Gonococcal infection (A54)
#Gonococcal infection (A54),2021,3664292,0,0,0,0,1,Gonococcal infection (A54)
#Gonococcal infection (A54),2022,3667758,0,0,0,0,1,Gonococcal infection (A54)
#Gonococcal infection (A54),2023,3596017,0,0,0,0,1,Gonococcal infection (A54)
#Acute poliomyelitis (A80),2007,4316233,0,0,0,0,1,Acute poliomyelitis (A80)
#Acute poliomyelitis (A80),2008,4247726,0,0,0,0,1,Acute poliomyelitis (A80)
#Acute poliomyelitis (A80),2009,4130665,0,0,0,0,1,Acute poliomyelitis (A80)
#Acute poliomyelitis (A80),2010,3999386,0,0,0,0,1,Acute poliomyelitis (A80)
#Acute poliomyelitis (A80),2011,3953590,0,0,0,0,1,Acute poliomyelitis (A80)
#Acute poliomyelitis (A80),2012,3952841,0,0,0,0,1,Acute poliomyelitis (A80)
#Acute poliomyelitis (A80),2013,3932181,0,0,0,0,1,Acute poliomyelitis (A80)
#Acute poliomyelitis (A80),2014,3988076,0,0,0,0,1,Acute poliomyelitis (A80)
#Acute poliomyelitis (A80),2015,3978497,0,0,0,0,1,Acute poliomyelitis (A80)
#Acute poliomyelitis (A80),2016,3945875,0,0,0,0,1,Acute poliomyelitis (A80)
#Acute poliomyelitis (A80),2017,3855500,0,0,0,0,1,Acute poliomyelitis (A80)
#Acute poliomyelitis (A80),2018,3791712,0,0,0,0,1,Acute poliomyelitis (A80)
#Acute poliomyelitis (A80),2019,3747540,0,0,0,0,1,Acute poliomyelitis (A80)
#Acute poliomyelitis (A80),2020,3613647,0,0,0,0,1,Acute poliomyelitis (A80)
#Acute poliomyelitis (A80),2021,3664292,0,0,0,0,1,Acute poliomyelitis (A80)
#Acute poliomyelitis (A80),2022,3667758,0,0,0,0,1,Acute poliomyelitis (A80)
#Acute poliomyelitis (A80),2023,3596017,0,0,0,0,1,Acute poliomyelitis (A80)
#Varicella (chickenpox) (B01),2007,4316233,0,0,0,0,1,Varicella (chickenpox) (B01)
#Varicella (chickenpox) (B01),2008,4247726,0,0,0,0,1,Varicella (chickenpox) (B01)
#Varicella (chickenpox) (B01),2009,4130665,0,0,0,0,1,Varicella (chickenpox) (B01)
#Varicella (chickenpox) (B01),2010,3999386,0,0,0,0,1,Varicella (chickenpox) (B01)
#Varicella (chickenpox) (B01),2011,3953590,0,0,0,0,1,Varicella (chickenpox) (B01)
#Varicella (chickenpox) (B01),2012,3952841,0,0,0,0,1,Varicella (chickenpox) (B01)
#Varicella (chickenpox) (B01),2013,3932181,0,0,0,0,1,Varicella (chickenpox) (B01)
#Varicella (chickenpox) (B01),2014,3988076,0,0,0,0,1,Varicella (chickenpox) (B01)
#Varicella (chickenpox) (B01),2015,3978497,0,0,0,0,1,Varicella (chickenpox) (B01)
#Varicella (chickenpox) (B01),2016,3945875,0,0,0,0,1,Varicella (chickenpox) (B01)
#Varicella (chickenpox) (B01),2017,3855500,0,0,0,0,1,Varicella (chickenpox) (B01)
#Varicella (chickenpox) (B01),2018,3791712,0,0,0,0,1,Varicella (chickenpox) (B01)
#Varicella (chickenpox) (B01),2019,3747540,0,0,0,0,1,Varicella (chickenpox) (B01)
#Varicella (chickenpox) (B01),2020,3613647,0,0,0,0,1,Varicella (chickenpox) (B01)
#Varicella (chickenpox) (B01),2021,3664292,0,0,0,0,1,Varicella (chickenpox) (B01)
#Varicella (chickenpox) (B01),2022,3667758,0,0,0,0,1,Varicella (chickenpox) (B01)
#Varicella (chickenpox) (B01),2023,3596017,0,0,0,0,1,Varicella (chickenpox) (B01)
#Measles (B05),2007,4316233,0,0,0,0,1,Measles (B05)
#Measles (B05),2008,4247726,0,0,0,0,1,Measles (B05)
#Measles (B05),2009,4130665,0,0,0,0,1,Measles (B05)
#Measles (B05),2010,3999386,0,0,0,0,1,Measles (B05)
#Measles (B05),2011,3953590,0,0,0,0,1,Measles (B05)
#Measles (B05),2012,3952841,0,0,0,0,1,Measles (B05)
#Measles (B05),2013,3932181,0,0,0,0,1,Measles (B05)
#Measles (B05),2014,3988076,0,0,0,0,1,Measles (B05)
#Measles (B05),2015,3978497,0,0,0,0,1,Measles (B05)
#Measles (B05),2016,3945875,0,0,0,0,1,Measles (B05)
#Measles (B05),2017,3855500,0,0,0,0,1,Measles (B05)
#Measles (B05),2018,3791712,0,0,0,0,1,Measles (B05)
#Measles (B05),2019,3747540,0,0,0,0,1,Measles (B05)
#Measles (B05),2020,3613647,0,0,0,0,1,Measles (B05)
#Measles (B05),2021,3664292,0,0,0,0,1,Measles (B05)
#Measles (B05),2022,3667758,0,0,0,0,1,Measles (B05)
#Measles (B05),2023,3596017,0,0,0,0,1,Measles (B05)
#Human immunodeficiency virus (HIV) disease (B20-B24),2007,4316233,,1,,0,1,Human immunodeficiency virus (HIV) disease (B20-B24)
#Human immunodeficiency virus (HIV) disease (B20-B24),2008,4247726,0,0,0,0,1,Human immunodeficiency virus (HIV) disease (B20-B24)
#Human immunodeficiency virus (HIV) disease (B20-B24),2009,4130665,,1,,0,1,Human immunodeficiency virus (HIV) disease (B20-B24)
#Human immunodeficiency virus (HIV) disease (B20-B24),2010,3999386,0,0,0,0,1,Human immunodeficiency virus (HIV) disease (B20-B24)
#Human immunodeficiency virus (HIV) disease (B20-B24),2011,3953590,,1,,0,1,Human immunodeficiency virus (HIV) disease (B20-B24)
#Human immunodeficiency virus (HIV) disease (B20-B24),2012,3952841,,1,,0,1,Human immunodeficiency virus (HIV) disease (B20-B24)
#Human immunodeficiency virus (HIV) disease (B20-B24),2013,3932181,0,0,0,0,1,Human immunodeficiency virus (HIV) disease (B20-B24)
#Human immunodeficiency virus (HIV) disease (B20-B24),2014,3988076,,1,,0,1,Human immunodeficiency virus (HIV) disease (B20-B24)
#Human immunodeficiency virus (HIV) disease (B20-B24),2015,3978497,,1,,0,1,Human immunodeficiency virus (HIV) disease (B20-B24)
#Human immunodeficiency virus (HIV) disease (B20-B24),2016,3945875,0,0,0,0,1,Human immunodeficiency virus (HIV) disease (B20-B24)
#Human immunodeficiency virus (HIV) disease (B20-B24),2017,3855500,0,0,0,0,1,Human immunodeficiency virus (HIV) disease (B20-B24)
#Human immunodeficiency virus (HIV) disease (B20-B24),2018,3791712,0,0,0,0,1,Human immunodeficiency virus (HIV) disease (B20-B24)
#Human immunodeficiency virus (HIV) disease (B20-B24),2019,3747540,,1,,0,1,Human immunodeficiency virus (HIV) disease (B20-B24)
#Human immunodeficiency virus (HIV) disease (B20-B24),2020,3613647,,1,,0,1,Human immunodeficiency virus (HIV) disease (B20-B24)
#Human immunodeficiency virus (HIV) disease (B20-B24),2021,3664292,,1,,0,1,Human immunodeficiency virus (HIV) disease (B20-B24)
#Human immunodeficiency virus (HIV) disease (B20-B24),2022,3667758,,1,,0,1,Human immunodeficiency virus (HIV) disease (B20-B24)
#Human immunodeficiency virus (HIV) disease (B20-B24),2023,3596017,0,0,0,0,1,Human immunodeficiency virus (HIV) disease (B20-B24)
#Mumps (B26),2007,4316233,0,0,0,0,1,Mumps (B26)
#Mumps (B26),2008,4247726,0,0,0,0,1,Mumps (B26)
#Mumps (B26),2009,4130665,0,0,0,0,1,Mumps (B26)
#Mumps (B26),2010,3999386,0,0,0,0,1,Mumps (B26)
#Mumps (B26),2011,3953590,0,0,0,0,1,Mumps (B26)
#Mumps (B26),2012,3952841,0,0,0,0,1,Mumps (B26)
#Mumps (B26),2013,3932181,0,0,0,0,1,Mumps (B26)
#Mumps (B26),2014,3988076,0,0,0,0,1,Mumps (B26)
#Mumps (B26),2015,3978497,0,0,0,0,1,Mumps (B26)
#Mumps (B26),2016,3945875,0,0,0,0,1,Mumps (B26)
#Mumps (B26),2017,3855500,0,0,0,0,1,Mumps (B26)
#Mumps (B26),2018,3791712,0,0,0,0,1,Mumps (B26)
#Mumps (B26),2019,3747540,0,0,0,0,1,Mumps (B26)
#Mumps (B26),2020,3613647,0,0,0,0,1,Mumps (B26)
#Mumps (B26),2021,3664292,0,0,0,0,1,Mumps (B26)
#Mumps (B26),2022,3667758,0,0,0,0,1,Mumps (B26)
#Mumps (B26),2023,3596017,0,0,0,0,1,Mumps (B26)
#Candidiasis (B37),2007,4316233,13,0,0,1,1,Candidiasis (B37)
#Candidiasis (B37),2008,4247726,,1,,0,1,Candidiasis (B37)
#Candidiasis (B37),2009,4130665,11,0,0,1,1,Candidiasis (B37)
#Candidiasis (B37),2010,3999386,,1,,0,1,Candidiasis (B37)
#Candidiasis (B37),2011,3953590,,1,,0,1,Candidiasis (B37)
#Candidiasis (B37),2012,3952841,,1,,0,1,Candidiasis (B37)
#Candidiasis (B37),2013,3932181,,1,,0,1,Candidiasis (B37)
#Candidiasis (B37),2014,3988076,,1,,0,1,Candidiasis (B37)
#Candidiasis (B37),2015,3978497,,1,,0,1,Candidiasis (B37)
#Candidiasis (B37),2016,3945875,0,0,0,0,1,Candidiasis (B37)
#Candidiasis (B37),2017,3855500,,1,,0,1,Candidiasis (B37)
#Candidiasis (B37),2018,3791712,,1,,0,1,Candidiasis (B37)
#Candidiasis (B37),2019,3747540,,1,,0,1,Candidiasis (B37)
#Candidiasis (B37),2020,3613647,,1,,0,1,Candidiasis (B37)
#Candidiasis (B37),2021,3664292,,1,,0,1,Candidiasis (B37)
#Candidiasis (B37),2022,3667758,,1,,0,1,Candidiasis (B37)
#Candidiasis (B37),2023,3596017,,1,,0,1,Candidiasis (B37)
#Malaria (B50-B54),2007,4316233,0,0,0,0,1,Malaria (B50-B54)
#Malaria (B50-B54),2008,4247726,0,0,0,0,1,Malaria (B50-B54)
#Malaria (B50-B54),2009,4130665,,1,,0,1,Malaria (B50-B54)
#Malaria (B50-B54),2010,3999386,0,0,0,0,1,Malaria (B50-B54)
#Malaria (B50-B54),2011,3953590,0,0,0,0,1,Malaria (B50-B54)
#Malaria (B50-B54),2012,3952841,0,0,0,0,1,Malaria (B50-B54)
#Malaria (B50-B54),2013,3932181,0,0,0,0,1,Malaria (B50-B54)
#Malaria (B50-B54),2014,3988076,0,0,0,0,1,Malaria (B50-B54)
#Malaria (B50-B54),2015,3978497,0,0,0,0,1,Malaria (B50-B54)
#Malaria (B50-B54),2016,3945875,0,0,0,0,1,Malaria (B50-B54)
#Malaria (B50-B54),2017,3855500,0,0,0,0,1,Malaria (B50-B54)
#Malaria (B50-B54),2018,3791712,0,0,0,0,1,Malaria (B50-B54)
#Malaria (B50-B54),2019,3747540,0,0,0,0,1,Malaria (B50-B54)
#Malaria (B50-B54),2020,3613647,0,0,0,0,1,Malaria (B50-B54)
#Malaria (B50-B54),2021,3664292,0,0,0,0,1,Malaria (B50-B54)
#Malaria (B50-B54),2022,3667758,0,0,0,0,1,Malaria (B50-B54)
#Malaria (B50-B54),2023,3596017,0,0,0,0,1,Malaria (B50-B54)
#Pneumocystosis (B59),2007,4316233,,1,,0,1,Pneumocystosis (B59)
#Pneumocystosis (B59),2008,4247726,,1,,0,1,Pneumocystosis (B59)
#Pneumocystosis (B59),2009,4130665,0,0,0,0,1,Pneumocystosis (B59)
#Pneumocystosis (B59),2010,3999386,0,0,0,0,1,Pneumocystosis (B59)
#Pneumocystosis (B59),2011,3953590,,1,,0,1,Pneumocystosis (B59)
#Pneumocystosis (B59),2012,3952841,,1,,0,1,Pneumocystosis (B59)
#Pneumocystosis (B59),2013,3932181,0,0,0,0,1,Pneumocystosis (B59)
#Pneumocystosis (B59),2014,3988076,,1,,0,1,Pneumocystosis (B59)
#Pneumocystosis (B59),2015,3978497,0,0,0,0,1,Pneumocystosis (B59)
#Pneumocystosis (B59),2016,3945875,0,0,0,0,1,Pneumocystosis (B59)
#Pneumocystosis (B59),2017,3855500,,1,,0,1,Pneumocystosis (B59)
#Pneumocystosis (B59),2018,3791712,,1,,0,1,Pneumocystosis (B59)
#Pneumocystosis (B59),2019,3747540,0,0,0,0,1,Pneumocystosis (B59)
#Pneumocystosis (B59),2020,3613647,0,0,0,0,1,Pneumocystosis (B59)
#Pneumocystosis (B59),2021,3664292,,1,,0,1,Pneumocystosis (B59)
#Pneumocystosis (B59),2022,3667758,0,0,0,0,1,Pneumocystosis (B59)
#Pneumocystosis (B59),2023,3596017,,1,,0,1,Pneumocystosis (B59)
#Malignant neoplasms (C00-C97),2007,4316233,68,0,0.02,0,1,Malignant neoplasms (C00-C97)
#Malignant neoplasms (C00-C97),2008,4247726,70,0,0.02,0,1,Malignant neoplasms (C00-C97)
#Malignant neoplasms (C00-C97),2009,4130665,74,0,0.02,0,1,Malignant neoplasms (C00-C97)
#Malignant neoplasms (C00-C97),2010,3999386,62,0,0.02,0,1,Malignant neoplasms (C00-C97)
#Malignant neoplasms (C00-C97),2011,3953590,69,0,0.02,0,1,Malignant neoplasms (C00-C97)
#Malignant neoplasms (C00-C97),2012,3952841,62,0,0.02,0,1,Malignant neoplasms (C00-C97)
#Malignant neoplasms (C00-C97),2013,3932181,64,0,0.02,0,1,Malignant neoplasms (C00-C97)
#Malignant neoplasms (C00-C97),2014,3988076,52,0,0.01,0,1,Malignant neoplasms (C00-C97)
#Malignant neoplasms (C00-C97),2015,3978497,53,0,0.01,0,1,Malignant neoplasms (C00-C97)
#Malignant neoplasms (C00-C97),2016,3945875,64,0,0.02,0,1,Malignant neoplasms (C00-C97)
#Malignant neoplasms (C00-C97),2017,3855500,56,0,0.01,0,1,Malignant neoplasms (C00-C97)
#Malignant neoplasms (C00-C97),2018,3791712,50,0,0.01,0,1,Malignant neoplasms (C00-C97)
#Malignant neoplasms (C00-C97),2019,3747540,54,0,0.01,0,1,Malignant neoplasms (C00-C97)
#Malignant neoplasms (C00-C97),2020,3613647,53,0,0.01,0,1,Malignant neoplasms (C00-C97)
#Malignant neoplasms (C00-C97),2021,3664292,51,0,0.01,0,1,Malignant neoplasms (C00-C97)
#Malignant neoplasms (C00-C97),2022,3667758,38,0,0.01,0,1,Malignant neoplasms (C00-C97)
#Malignant neoplasms (C00-C97),2023,3596017,47,0,0.01,0,1,Malignant neoplasms (C00-C97)
"#In situ neoplasms, benign neoplasms and neoplasms of uncertain or unknown behavior (D00-D48)",2007,4316233,58,0,0.01,0,1,"In situ neoplasms, benign neoplasms and neoplasms of uncertain or unknown behavior (D00-D48)"
"#In situ neoplasms, benign neoplasms and neoplasms of uncertain or unknown behavior (D00-D48)",2008,4247726,61,0,0.01,0,1,"In situ neoplasms, benign neoplasms and neoplasms of uncertain or unknown behavior (D00-D48)"
"#In situ neoplasms, benign neoplasms and neoplasms of uncertain or unknown behavior (D00-D48)",2009,4130665,63,0,0.02,0,1,"In situ neoplasms, benign neoplasms and neoplasms of uncertain or unknown behavior (D00-D48)"
"#In situ neoplasms, benign neoplasms and neoplasms of uncertain or unknown behavior (D00-D48)",2010,3999386,48,0,0.01,0,1,"In situ neoplasms, benign neoplasms and neoplasms of uncertain or unknown behavior (D00-D48)"
"#In situ neoplasms, benign neoplasms and neoplasms of uncertain or unknown behavior (D00-D48)",2011,3953590,53,0,0.01,0,1,"In situ neoplasms, benign neoplasms and neoplasms of uncertain or unknown behavior (D00-D48)"
"#In situ neoplasms, benign neoplasms and neoplasms of uncertain or unknown behavior (D00-D48)",2012,3952841,54,0,0.01,0,1,"In situ neoplasms, benign neoplasms and neoplasms of uncertain or unknown behavior (D00-D48)"
"#In situ neoplasms, benign neoplasms and neoplasms of uncertain or unknown behavior (D00-D48)",2013,3932181,52,0,0.01,0,1,"In situ neoplasms, benign neoplasms and neoplasms of uncertain or unknown behavior (D00-D48)"
"#In situ neoplasms, benign neoplasms and neoplasms of uncertain or unknown behavior (D00-D48)",2014,3988076,51,0,0.01,0,1,"In situ neoplasms, benign neoplasms and neoplasms of uncertain or unknown behavior (D00-D48)"
"#In situ neoplasms, benign neoplasms and neoplasms of uncertain or unknown behavior (D00-D48)",2015,3978497,46,0,0.01,0,1,"In situ neoplasms, benign neoplasms and neoplasms of uncertain or unknown behavior (D00-D48)"
"#In situ neoplasms, benign neoplasms and neoplasms of uncertain or unknown behavior (D00-D48)",2016,3945875,52,0,0.01,0,1,"In situ neoplasms, benign neoplasms and neoplasms of uncertain or unknown behavior (D00-D48)"
"#In situ neoplasms, benign neoplasms and neoplasms of uncertain or unknown behavior (D00-D48)",2017,3855500,41,0,0.01,0,1,"In situ neoplasms, benign neoplasms and neoplasms of uncertain or unknown behavior (D00-D48)"
"#In situ neoplasms, benign neoplasms and neoplasms of uncertain or unknown behavior (D00-D48)",2018,3791712,42,0,0.01,0,1,"In situ neoplasms, benign neoplasms and neoplasms of uncertain or unknown behavior (D00-D48)"
"#In situ neoplasms, benign neoplasms and neoplasms of uncertain or unknown behavior (D00-D48)",2019,3747540,41,0,0.01,0,1,"In situ neoplasms, benign neoplasms and neoplasms of uncertain or unknown behavior (D00-D48)"
"#In situ neoplasms, benign neoplasms and neoplasms of uncertain or unknown behavior (D00-D48)",2020,3613647,40,0,0.01,0,1,"In situ neoplasms, benign neoplasms and neoplasms of uncertain or unknown behavior (D00-D48)"
"#In situ neoplasms, benign neoplasms and neoplasms of uncertain or unknown behavior (D00-D48)",2021,3664292,26,0,0.01,0,1,"In situ neoplasms, benign neoplasms and neoplasms of uncertain or unknown behavior (D00-D48)"
"#In situ neoplasms, benign neoplasms and neoplasms of uncertain or unknown behavior (D00-D48)",2022,3667758,31,0,0.01,0,1,"In situ neoplasms, benign neoplasms and neoplasms of uncertain or unknown behavior (D00-D48)"
"#In situ neoplasms, benign neoplasms and neoplasms of uncertain or unknown behavior (D00-D48)",2023,3596017,29,0,0.01,0,1,"In situ neoplasms, benign neoplasms and neoplasms of uncertain or unknown behavior (D00-D48)"
#Diseases of the blood and blood-forming organs and certain disorders involving the immune mechanism,2007,4316233,116,0,0.03,0,1,Diseases of the blood and blood-forming organs and certain disorders involving the immune mechanism
#Diseases of the blood and blood-forming organs and certain disorders involving the immune mechanism,2008,4247726,78,0,0.02,0,1,Diseases of the blood and blood-forming organs and certain disorders involving the immune mechanism
#Diseases of the blood and blood-forming organs and certain disorders involving the immune mechanism,2009,4130665,92,0,0.02,0,1,Diseases of the blood and blood-forming organs and certain disorders involving the immune mechanism
#Diseases of the blood and blood-forming organs and certain disorders involving the immune mechanism,2010,3999386,93,0,0.02,0,1,Diseases of the blood and blood-forming organs and certain disorders involving the immune mechanism
#Diseases of the blood and blood-forming organs and certain disorders involving the immune mechanism,2011,3953590,94,0,0.02,0,1,Diseases of the blood and blood-forming organs and certain disorders involving the immune mechanism
#Diseases of the blood and blood-forming organs and certain disorders involving the immune mechanism,2012,3952841,75,0,0.02,0,1,Diseases of the blood and blood-forming organs and certain disorders involving the immune mechanism
#Diseases of the blood and blood-forming organs and certain disorders involving the immune mechanism,2013,3932181,86,0,0.02,0,1,Diseases of the blood and blood-forming organs and certain disorders involving the immune mechanism
#Diseases of the blood and blood-forming organs and certain disorders involving the immune mechanism,2014,3988076,90,0,0.02,0,1,Diseases of the blood and blood-forming organs and certain disorders involving the immune mechanism
#Diseases of the blood and blood-forming organs and certain disorders involving the immune mechanism,2015,3978497,95,0,0.02,0,1,Diseases of the blood and blood-forming organs and certain disorders involving the immune mechanism
#Diseases of the blood and blood-forming organs and certain disorders involving the immune mechanism,2016,3945875,101,0,0.03,0,1,Diseases of the blood and blood-forming organs and certain disorders involving the immune mechanism
#Diseases of the blood and blood-forming organs and certain disorders involving the immune mechanism,2017,3855500,84,0,0.02,0,1,Diseases of the blood and blood-forming organs and certain disorders involving the immune mechanism
#Diseases of the blood and blood-forming organs and certain disorders involving the immune mechanism,2018,3791712,76,0,0.02,0,1,Diseases of the blood and blood-forming organs and certain disorders involving the immune mechanism
#Diseases of the blood and blood-forming organs and certain disorders involving the immune mechanism,2019,3747540,84,0,0.02,0,1,Diseases of the blood and blood-forming organs and certain disorders involving the immune mechanism
#Diseases of the blood and blood-forming organs and certain disorders involving the immune mechanism,2020,3613647,83,0,0.02,0,1,Diseases of the blood and blood-forming organs and certain disorders involving the immune mechanism
#Diseases of the blood and blood-forming organs and certain disorders involving the immune mechanism,2021,3664292,76,0,0.02,0,1,Diseases of the blood and blood-forming organs and certain disorders involving the immune mechanism
#Diseases of the blood and blood-forming organs and certain disorders involving the immune mechanism,2022,3667758,95,0,0.03,0,1,Diseases of the blood and blood-forming organs and certain disorders involving the immune mechanism
#Diseases of the blood and blood-forming organs and certain disorders involving the immune mechanism,2023,3596017,85,0,0.02,0,1,Diseases of the blood and blood-forming organs and certain disorders involving the immune mechanism
"#Short stature, not elsewhere classified (E34.3)",2007,4316233,,1,,0,1,"Short stature, not elsewhere classified (E34.3)"
"#Short stature, not elsewhere classified (E34.3)",2008,4247726,,1,,0,1,"Short stature, not elsewhere classified (E34.3)"
"#Short stature, not elsewhere classified (E34.3)",2009,4130665,,1,,0,1,"Short stature, not elsewhere classified (E34.3)"
"#Short stature, not elsewhere classified (E34.3)",2010,3999386,,1,,0,1,"Short stature, not elsewhere classified (E34.3)"
"#Short stature, not elsewhere classified (E34.3)",2011,3953590,,1,,0,1,"Short stature, not elsewhere classified (E34.3)"
"#Short stature, not elsewhere classified (E34.3)",2012,3952841,,1,,0,1,"Short stature, not elsewhere classified (E34.3)"
"#Short stature, not elsewhere classified (E34.3)",2013,3932181,,1,,0,1,"Short stature, not elsewhere classified (E34.3)"
"#Short stature, not elsewhere classified (E34.3)",2014,3988076,,1,,0,1,"Short stature, not elsewhere classified (E34.3)"
"#Short stature, not elsewhere classified (E34.3)",2015,3978497,,1,,0,1,"Short stature, not elsewhere classified (E34.3)"
"#Short stature, not elsewhere classified (E34.3)",2016,3945875,,1,,0,1,"Short stature, not elsewhere classified (E34.3)"
"#Short stature, not elsewhere classified (E34.3)",2017,3855500,,1,,0,1,"Short stature, not elsewhere classified (E34.3)"
"#Short stature, not elsewhere classified (E34.3)",2018,3791712,0,0,0,0,1,"Short stature, not elsewhere classified (E34.3)"
"#Short stature, not elsewhere classified (E34.3)",2019,3747540,,1,,0,1,"Short stature, not elsewhere classified (E34.3)"
"#Short stature, not elsewhere classified (E34.3)",2020,3613647,,1,,0,1,"Short stature, not elsewhere classified (E34.3)"
"#Short stature, not elsewhere classified (E34.3)",2021,3664292,0,0,0,0,1,"Short stature, not elsewhere classified (E34.3)"
"#Short stature, not elsewhere classified (E34.3)",2022,3667758,,1,,0,1,"Short stature, not elsewhere classified (E34.3)"
"#Short stature, not elsewhere classified (E34.3)",2023,3596017,,1,,0,1,"Short stature, not elsewhere classified (E34.3)"
#Nutritional deficiencies (E40-E64),2007,4316233,,1,,0,1,Nutritional deficiencies (E40-E64)
#Nutritional deficiencies (E40-E64),2008,4247726,10,0,0,1,1,Nutritional deficiencies (E40-E64)
#Nutritional deficiencies (E40-E64),2009,4130665,,1,,0,1,Nutritional deficiencies (E40-E64)
#Nutritional deficiencies (E40-E64),2010,3999386,,1,,0,1,Nutritional deficiencies (E40-E64)
#Nutritional deficiencies (E40-E64),2011,3953590,,1,,0,1,Nutritional deficiencies (E40-E64)
#Nutritional deficiencies (E40-E64),2012,3952841,,1,,0,1,Nutritional deficiencies (E40-E64)
#Nutritional deficiencies (E40-E64),2013,3932181,,1,,0,1,Nutritional deficiencies (E40-E64)
#Nutritional deficiencies (E40-E64),2014,3988076,,1,,0,1,Nutritional deficiencies (E40-E64)
#Nutritional deficiencies (E40-E64),2015,3978497,,1,,0,1,Nutritional deficiencies (E40-E64)
#Nutritional deficiencies (E40-E64),2016,3945875,,1,,0,1,Nutritional deficiencies (E40-E64)
#Nutritional deficiencies (E40-E64),2017,3855500,,1,,0,1,Nutritional deficiencies (E40-E64)
#Nutritional deficiencies (E40-E64),2018,3791712,,1,,0,1,Nutritional deficiencies (E40-E64)
#Nutritional deficiencies (E40-E64),2019,3747540,13,0,0,1,1,Nutritional deficiencies (E40-E64)
#Nutritional deficiencies (E40-E64),2020,3613647,17,0,0,1,1,Nutritional deficiencies (E40-E64)
#Nutritional deficiencies (E40-E64),2021,3664292,11,0,0,1,1,Nutritional deficiencies (E40-E64)
#Nutritional deficiencies (E40-E64),2022,3667758,13,0,0,1,1,Nutritional deficiencies (E40-E64)
#Nutritional deficiencies (E40-E64),2023,3596017,,1,,0,1,Nutritional deficiencies (E40-E64)
#Cystic fibrosis (E84),2007,4316233,11,0,0,1,1,Cystic fibrosis (E84)
#Cystic fibrosis (E84),2008,4247726,,1,,0,1,Cystic fibrosis (E84)
#Cystic fibrosis (E84),2009,4130665,,1,,0,1,Cystic fibrosis (E84)
#Cystic fibrosis (E84),2010,3999386,,1,,0,1,Cystic fibrosis (E84)
#Cystic fibrosis (E84),2011,3953590,,1,,0,1,Cystic fibrosis (E84)
#Cystic fibrosis (E84),2012,3952841,,1,,0,1,Cystic fibrosis (E84)
#Cystic fibrosis (E84),2013,3932181,,1,,0,1,Cystic fibrosis (E84)
#Cystic fibrosis (E84),2014,3988076,,1,,0,1,Cystic fibrosis (E84)
#Cystic fibrosis (E84),2015,3978497,,1,,0,1,Cystic fibrosis (E84)
#Cystic fibrosis (E84),2016,3945875,,1,,0,1,Cystic fibrosis (E84)
#Cystic fibrosis (E84),2017,3855500,,1,,0,1,Cystic fibrosis (E84)
#Cystic fibrosis (E84),2018,3791712,,1,,0,1,Cystic fibrosis (E84)
#Cystic fibrosis (E84),2019,3747540,,1,,0,1,Cystic fibrosis (E84)
#Cystic fibrosis (E84),2020,3613647,,1,,0,1,Cystic fibrosis (E84)
#Cystic fibrosis (E84),2021,3664292,,1,,0,1,Cystic fibrosis (E84)
#Cystic fibrosis (E84),2022,3667758,,1,,0,1,Cystic fibrosis (E84)
#Cystic fibrosis (E84),2023,3596017,,1,,0,1,Cystic fibrosis (E84)
"#Volume depletion, disorders of fluid, electrolyte and acid-base balance (E86-E87)",2007,4316233,61,0,0.01,0,1,"Volume depletion, disorders of fluid, electrolyte and acid-base balance (E86-E87)"
"#Volume depletion, disorders of fluid, electrolyte and acid-base balance (E86-E87)",2008,4247726,76,0,0.02,0,1,"Volume depletion, disorders of fluid, electrolyte and acid-base balance (E86-E87)"
"#Volume depletion, disorders of fluid, electrolyte and acid-base balance (E86-E87)",2009,4130665,47,0,0.01,0,1,"Volume depletion, disorders of fluid, electrolyte and acid-base balance (E86-E87)"
"#Volume depletion, disorders of fluid, electrolyte and acid-base balance (E86-E87)",2010,3999386,49,0,0.01,0,1,"Volume depletion, disorders of fluid, electrolyte and acid-base balance (E86-E87)"
"#Volume depletion, disorders of fluid, electrolyte and acid-base balance (E86-E87)",2011,3953590,48,0,0.01,0,1,"Volume depletion, disorders of fluid, electrolyte and acid-base balance (E86-E87)"
"#Volume depletion, disorders of fluid, electrolyte and acid-base balance (E86-E87)",2012,3952841,38,0,0.01,0,1,"Volume depletion, disorders of fluid, electrolyte and acid-base balance (E86-E87)"
"#Volume depletion, disorders of fluid, electrolyte and acid-base balance (E86-E87)",2013,3932181,47,0,0.01,0,1,"Volume depletion, disorders of fluid, electrolyte and acid-base balance (E86-E87)"
"#Volume depletion, disorders of fluid, electrolyte and acid-base balance (E86-E87)",2014,3988076,38,0,0.01,0,1,"Volume depletion, disorders of fluid, electrolyte and acid-base balance (E86-E87)"
"#Volume depletion, disorders of fluid, electrolyte and acid-base balance (E86-E87)",2015,3978497,43,0,0.01,0,1,"Volume depletion, disorders of fluid, electrolyte and acid-base balance (E86-E87)"
"#Volume depletion, disorders of fluid, electrolyte and acid-base balance (E86-E87)",2016,3945875,57,0,0.01,0,1,"Volume depletion, disorders of fluid, electrolyte and acid-base balance (E86-E87)"
"#Volume depletion, disorders of fluid, electrolyte and acid-base balance (E86-E87)",2017,3855500,55,0,0.01,0,1,"Volume depletion, disorders of fluid, electrolyte and acid-base balance (E86-E87)"
"#Volume depletion, disorders of fluid, electrolyte and acid-base balance (E86-E87)",2018,3791712,37,0,0.01,0,1,"Volume depletion, disorders of fluid, electrolyte and acid-base balance (E86-E87)"
"#Volume depletion, disorders of fluid, electrolyte and acid-base balance (E86-E87)",2019,3747540,38,0,0.01,0,1,"Volume depletion, disorders of fluid, electrolyte and acid-base balance (E86-E87)"
"#Volume depletion, disorders of fluid, electrolyte and acid-base balance (E86-E87)",2020,3613647,30,0,0.01,0,1,"Volume depletion, disorders of fluid, electrolyte and acid-base balance (E86-E87)"
"#Volume depletion, disorders of fluid, electrolyte and acid-base balance (E86-E87)",2021,3664292,46,0,0.01,0,1,"Volume depletion, disorders of fluid, electrolyte and acid-base balance (E86-E87)"
"#Volume depletion, disorders of fluid, electrolyte and acid-base balance (E86-E87)",2022,3667758,30,0,0.01,0,1,"Volume depletion, disorders of fluid, electrolyte and acid-base balance (E86-E87)"
"#Volume depletion, disorders of fluid, electrolyte and acid-base balance (E86-E87)",2023,3596017,40,0,0.01,0,1,"Volume depletion, disorders of fluid, electrolyte and acid-base balance (E86-E87)"
"#Meningitis (G00,G03)",2007,4316233,81,0,0.02,0,1,"Meningitis (G00,G03)"
"#Meningitis (G00,G03)",2008,4247726,66,0,0.02,0,1,"Meningitis (G00,G03)"
"#Meningitis (G00,G03)",2009,4130665,61,0,0.01,0,1,"Meningitis (G00,G03)"
"#Meningitis (G00,G03)",2010,3999386,59,0,0.01,0,1,"Meningitis (G00,G03)"
"#Meningitis (G00,G03)",2011,3953590,58,0,0.01,0,1,"Meningitis (G00,G03)"
"#Meningitis (G00,G03)",2012,3952841,43,0,0.01,0,1,"Meningitis (G00,G03)"
"#Meningitis (G00,G03)",2013,3932181,51,0,0.01,0,1,"Meningitis (G00,G03)"
"#Meningitis (G00,G03)",2014,3988076,44,0,0.01,0,1,"Meningitis (G00,G03)"
"#Meningitis (G00,G03)",2015,3978497,51,0,0.01,0,1,"Meningitis (G00,G03)"
"#Meningitis (G00,G03)",2016,3945875,59,0,0.01,0,1,"Meningitis (G00,G03)"
"#Meningitis (G00,G03)",2017,3855500,47,0,0.01,0,1,"Meningitis (G00,G03)"
"#Meningitis (G00,G03)",2018,3791712,62,0,0.02,0,1,"Meningitis (G00,G03)"
"#Meningitis (G00,G03)",2019,3747540,39,0,0.01,0,1,"Meningitis (G00,G03)"
"#Meningitis (G00,G03)",2020,3613647,45,0,0.01,0,1,"Meningitis (G00,G03)"
"#Meningitis (G00,G03)",2021,3664292,53,0,0.01,0,1,"Meningitis (G00,G03)"
"#Meningitis (G00,G03)",2022,3667758,43,0,0.01,0,1,"Meningitis (G00,G03)"
"#Meningitis (G00,G03)",2023,3596017,60,0,0.02,0,1,"Meningitis (G00,G03)"
"#Infantile spinal muscular atrophy, type I (Werdnig-Hoffman) (G12.0)",2007,4316233,13,0,0,1,1,"Infantile spinal muscular atrophy, type I (Werdnig-Hoffman) (G12.0)"
"#Infantile spinal muscular atrophy, type I (Werdnig-Hoffman) (G12.0)",2008,4247726,,1,,0,1,"Infantile spinal muscular atrophy, type I (Werdnig-Hoffman) (G12.0)"
"#Infantile spinal muscular atrophy, type I (Werdnig-Hoffman) (G12.0)",2009,4130665,12,0,0,1,1,"Infantile spinal muscular atrophy, type I (Werdnig-Hoffman) (G12.0)"
"#Infantile spinal muscular atrophy, type I (Werdnig-Hoffman) (G12.0)",2010,3999386,,1,,0,1,"Infantile spinal muscular atrophy, type I (Werdnig-Hoffman) (G12.0)"
"#Infantile spinal muscular atrophy, type I (Werdnig-Hoffman) (G12.0)",2011,3953590,0,0,0,0,1,"Infantile spinal muscular atrophy, type I (Werdnig-Hoffman) (G12.0)"
"#Infantile spinal muscular atrophy, type I (Werdnig-Hoffman) (G12.0)",2012,3952841,,1,,0,1,"Infantile spinal muscular atrophy, type I (Werdnig-Hoffman) (G12.0)"
"#Infantile spinal muscular atrophy, type I (Werdnig-Hoffman) (G12.0)",2013,3932181,,1,,0,1,"Infantile spinal muscular atrophy, type I (Werdnig-Hoffman) (G12.0)"
"#Infantile spinal muscular atrophy, type I (Werdnig-Hoffman) (G12.0)",2014,3988076,,1,,0,1,"Infantile spinal muscular atrophy, type I (Werdnig-Hoffman) (G12.0)"
"#Infantile spinal muscular atrophy, type I (Werdnig-Hoffman) (G12.0)",2015,3978497,,1,,0,1,"Infantile spinal muscular atrophy, type I (Werdnig-Hoffman) (G12.0)"
"#Infantile spinal muscular atrophy, type I (Werdnig-Hoffman) (G12.0)",2016,3945875,,1,,0,1,"Infantile spinal muscular atrophy, type I (Werdnig-Hoffman) (G12.0)"
"#Infantile spinal muscular atrophy, type I (Werdnig-Hoffman) (G12.0)",2017,3855500,,1,,0,1,"Infantile spinal muscular atrophy, type I (Werdnig-Hoffman) (G12.0)"
"#Infantile spinal muscular atrophy, type I (Werdnig-Hoffman) (G12.0)",2018,3791712,,1,,0,1,"Infantile spinal muscular atrophy, type I (Werdnig-Hoffman) (G12.0)"
"#Infantile spinal muscular atrophy, type I (Werdnig-Hoffman) (G12.0)",2019,3747540,,1,,0,1,"Infantile spinal muscular atrophy, type I (Werdnig-Hoffman) (G12.0)"
"#Infantile spinal muscular atrophy, type I (Werdnig-Hoffman) (G12.0)",2020,3613647,,1,,0,1,"Infantile spinal muscular atrophy, type I (Werdnig-Hoffman) (G12.0)"
"#Infantile spinal muscular atrophy, type I (Werdnig-Hoffman) (G12.0)",2021,3664292,0,0,0,0,1,"Infantile spinal muscular atrophy, type I (Werdnig-Hoffman) (G12.0)"
"#Infantile spinal muscular atrophy, type I (Werdnig-Hoffman) (G12.0)",2022,3667758,0,0,0,0,1,"Infantile spinal muscular atrophy, type I (Werdnig-Hoffman) (G12.0)"
"#Infantile spinal muscular atrophy, type I (Werdnig-Hoffman) (G12.0)",2023,3596017,,1,,0,1,"Infantile spinal muscular atrophy, type I (Werdnig-Hoffman) (G12.0)"
#Infantile cerebral palsy (G80),2007,4316233,11,0,0,1,1,Infantile cerebral palsy (G80)
#Infantile cerebral palsy (G80),2008,4247726,,1,,0,1,Infantile cerebral palsy (G80)
#Infantile cerebral palsy (G80),2009,4130665,,1,,0,1,Infantile cerebral palsy (G80)
#Infantile cerebral palsy (G80),2010,3999386,,1,,0,1,Infantile cerebral palsy (G80)
#Infantile cerebral palsy (G80),2011,3953590,,1,,0,1,Infantile cerebral palsy (G80)
#Infantile cerebral palsy (G80),2012,3952841,,1,,0,1,Infantile cerebral palsy (G80)
#Infantile cerebral palsy (G80),2013,3932181,,1,,0,1,Infantile cerebral palsy (G80)
#Infantile cerebral palsy (G80),2014,3988076,,1,,0,1,Infantile cerebral palsy (G80)
#Infantile cerebral palsy (G80),2015,3978497,,1,,0,1,Infantile cerebral palsy (G80)
#Infantile cerebral palsy (G80),2016,3945875,,1,,0,1,Infantile cerebral palsy (G80)
#Infantile cerebral palsy (G80),2017,3855500,,1,,0,1,Infantile cerebral palsy (G80)
#Infantile cerebral palsy (G80),2018,3791712,,1,,0,1,Infantile cerebral palsy (G80)
#Infantile cerebral palsy (G80),2019,3747540,,1,,0,1,Infantile cerebral palsy (G80)
#Infantile cerebral palsy (G80),2020,3613647,,1,,0,1,Infantile cerebral palsy (G80)
#Infantile cerebral palsy (G80),2021,3664292,,1,,0,1,Infantile cerebral palsy (G80)
#Infantile cerebral palsy (G80),2022,3667758,,1,,0,1,Infantile cerebral palsy (G80)
#Infantile cerebral palsy (G80),2023,3596017,,1,,0,1,Infantile cerebral palsy (G80)
"#Anoxic brain damage, not elsewhere classified (G93.1)",2007,4316233,64,0,0.01,0,1,"Anoxic brain damage, not elsewhere classified (G93.1)"
"#Anoxic brain damage, not elsewhere classified (G93.1)",2008,4247726,54,0,0.01,0,1,"Anoxic brain damage, not elsewhere classified (G93.1)"
"#Anoxic brain damage, not elsewhere classified (G93.1)",2009,4130665,38,0,0.01,0,1,"Anoxic brain damage, not elsewhere classified (G93.1)"
"#Anoxic brain damage, not elsewhere classified (G93.1)",2010,3999386,38,0,0.01,0,1,"Anoxic brain damage, not elsewhere classified (G93.1)"
"#Anoxic brain damage, not elsewhere classified (G93.1)",2011,3953590,47,0,0.01,0,1,"Anoxic brain damage, not elsewhere classified (G93.1)"
"#Anoxic brain damage, not elsewhere classified (G93.1)",2012,3952841,32,0,0.01,0,1,"Anoxic brain damage, not elsewhere classified (G93.1)"
"#Anoxic brain damage, not elsewhere classified (G93.1)",2013,3932181,36,0,0.01,0,1,"Anoxic brain damage, not elsewhere classified (G93.1)"
"#Anoxic brain damage, not elsewhere classified (G93.1)",2014,3988076,30,0,0.01,0,1,"Anoxic brain damage, not elsewhere classified (G93.1)"
"#Anoxic brain damage, not elsewhere classified (G93.1)",2015,3978497,50,0,0.01,0,1,"Anoxic brain damage, not elsewhere classified (G93.1)"
"#Anoxic brain damage, not elsewhere classified (G93.1)",2016,3945875,36,0,0.01,0,1,"Anoxic brain damage, not elsewhere classified (G93.1)"
"#Anoxic brain damage, not elsewhere classified (G93.1)",2017,3855500,30,0,0.01,0,1,"Anoxic brain damage, not elsewhere classified (G93.1)"
"#Anoxic brain damage, not elsewhere classified (G93.1)",2018,3791712,19,0,0.01,1,1,"Anoxic brain damage, not elsewhere classified (G93.1)"
"#Anoxic brain damage, not elsewhere classified (G93.1)",2019,3747540,24,0,0.01,0,1,"Anoxic brain damage, not elsewhere classified (G93.1)"
"#Anoxic brain damage, not elsewhere classified (G93.1)",2020,3613647,37,0,0.01,0,1,"Anoxic brain damage, not elsewhere classified (G93.1)"
"#Anoxic brain damage, not elsewhere classified (G93.1)",2021,3664292,30,0,0.01,0,1,"Anoxic brain damage, not elsewhere classified (G93.1)"
"#Anoxic brain damage, not elsewhere classified (G93.1)",2022,3667758,31,0,0.01,0,1,"Anoxic brain damage, not elsewhere classified (G93.1)"
"#Anoxic brain damage, not elsewhere classified (G93.1)",2023,3596017,21,0,0.01,0,1,"Anoxic brain damage, not elsewhere classified (G93.1)"
#Diseases of the ear and mastoid process (H60-H93),2007,4316233,,1,,0,1,Diseases of the ear and mastoid process (H60-H93)
#Diseases of the ear and mastoid process (H60-H93),2008,4247726,,1,,0,1,Diseases of the ear and mastoid process (H60-H93)
#Diseases of the ear and mastoid process (H60-H93),2009,4130665,,1,,0,1,Diseases of the ear and mastoid process (H60-H93)
#Diseases of the ear and mastoid process (H60-H93),2010,3999386,,1,,0,1,Diseases of the ear and mastoid process (H60-H93)
#Diseases of the ear and mastoid process (H60-H93),2011,3953590,,1,,0,1,Diseases of the ear and mastoid process (H60-H93)
#Diseases of the ear and mastoid process (H60-H93),2012,3952841,,1,,0,1,Diseases of the ear and mastoid process (H60-H93)
#Diseases of the ear and mastoid process (H60-H93),2013,3932181,,1,,0,1,Diseases of the ear and mastoid process (H60-H93)
#Diseases of the ear and mastoid process (H60-H93),2014,3988076,,1,,0,1,Diseases of the ear and mastoid process (H60-H93)
#Diseases of the ear and mastoid process (H60-H93),2015,3978497,,1,,0,1,Diseases of the ear and mastoid process (H60-H93)
#Diseases of the ear and mastoid process (H60-H93),2016,3945875,,1,,0,1,Diseases of the ear and mastoid process (H60-H93)
#Diseases of the ear and mastoid process (H60-H93),2017,3855500,,1,,0,1,Diseases of the ear and mastoid process (H60-H93)
#Diseases of the ear and mastoid process (H60-H93),2018,3791712,0,0,0,0,1,Diseases of the ear and mastoid process (H60-H93)
#Diseases of the ear and mastoid process (H60-H93),2019,3747540,,1,,0,1,Diseases of the ear and mastoid process (H60-H93)
#Diseases of the ear and mastoid process (H60-H93),2020,3613647,,1,,0,1,Diseases of the ear and mastoid process (H60-H93)
#Diseases of the ear and mastoid process (H60-H93),2021,3664292,,1,,0,1,Diseases of the ear and mastoid process (H60-H93)
#Diseases of the ear and mastoid process (H60-H93),2022,3667758,,1,,0,1,Diseases of the ear and mastoid process (H60-H93)
#Diseases of the ear and mastoid process (H60-H93),2023,3596017,,1,,0,1,Diseases of the ear and mastoid process (H60-H93)
#Diseases of the circulatory system (I00-I99),2007,4316233,621,0,0.14,0,1,Diseases of the circulatory system (I00-I99)
#Diseases of the circulatory system (I00-I99),2008,4247726,595,0,0.14,0,1,Diseases of the circulatory system (I00-I99)
#Diseases of the circulatory system (I00-I99),2009,4130665,582,0,0.14,0,1,Diseases of the circulatory system (I00-I99)
#Diseases of the circulatory system (I00-I99),2010,3999386,508,0,0.13,0,1,Diseases of the circulatory system (I00-I99)
#Diseases of the circulatory system (I00-I99),2011,3953590,501,0,0.13,0,1,Diseases of the circulatory system (I00-I99)
#Diseases of the circulatory system (I00-I99),2012,3952841,493,0,0.12,0,1,Diseases of the circulatory system (I00-I99)
#Diseases of the circulatory system (I00-I99),2013,3932181,457,0,0.12,0,1,Diseases of the circulatory system (I00-I99)
#Diseases of the circulatory system (I00-I99),2014,3988076,443,0,0.11,0,1,Diseases of the circulatory system (I00-I99)
#Diseases of the circulatory system (I00-I99),2015,3978497,425,0,0.11,0,1,Diseases of the circulatory system (I00-I99)
#Diseases of the circulatory system (I00-I99),2016,3945875,459,0,0.12,0,1,Diseases of the circulatory system (I00-I99)
#Diseases of the circulatory system (I00-I99),2017,3855500,447,0,0.12,0,1,Diseases of the circulatory system (I00-I99)
#Diseases of the circulatory system (I00-I99),2018,3791712,427,0,0.11,0,1,Diseases of the circulatory system (I00-I99)
#Diseases of the circulatory system (I00-I99),2019,3747540,404,0,0.11,0,1,Diseases of the circulatory system (I00-I99)
#Diseases of the circulatory system (I00-I99),2020,3613647,383,0,0.11,0,1,Diseases of the circulatory system (I00-I99)
#Diseases of the circulatory system (I00-I99),2021,3664292,399,0,0.11,0,1,Diseases of the circulatory system (I00-I99)
#Diseases of the circulatory system (I00-I99),2022,3667758,358,0,0.1,0,1,Diseases of the circulatory system (I00-I99)
#Diseases of the circulatory system (I00-I99),2023,3596017,356,0,0.1,0,1,Diseases of the circulatory system (I00-I99)
#Acute upper respiratory infections (J00-J06),2007,4316233,14,0,0,1,1,Acute upper respiratory infections (J00-J06)
#Acute upper respiratory infections (J00-J06),2008,4247726,12,0,0,1,1,Acute upper respiratory infections (J00-J06)
#Acute upper respiratory infections (J00-J06),2009,4130665,12,0,0,1,1,Acute upper respiratory infections (J00-J06)
#Acute upper respiratory infections (J00-J06),2010,3999386,15,0,0,1,1,Acute upper respiratory infections (J00-J06)
#Acute upper respiratory infections (J00-J06),2011,3953590,10,0,0,1,1,Acute upper respiratory infections (J00-J06)
#Acute upper respiratory infections (J00-J06),2012,3952841,,1,,0,1,Acute upper respiratory infections (J00-J06)
#Acute upper respiratory infections (J00-J06),2013,3932181,15,0,0,1,1,Acute upper respiratory infections (J00-J06)
#Acute upper respiratory infections (J00-J06),2014,3988076,15,0,0,1,1,Acute upper respiratory infections (J00-J06)
#Acute upper respiratory infections (J00-J06),2015,3978497,15,0,0,1,1,Acute upper respiratory infections (J00-J06)
#Acute upper respiratory infections (J00-J06),2016,3945875,13,0,0,1,1,Acute upper respiratory infections (J00-J06)
#Acute upper respiratory infections (J00-J06),2017,3855500,12,0,0,1,1,Acute upper respiratory infections (J00-J06)
#Acute upper respiratory infections (J00-J06),2018,3791712,,1,,0,1,Acute upper respiratory infections (J00-J06)
#Acute upper respiratory infections (J00-J06),2019,3747540,10,0,0,1,1,Acute upper respiratory infections (J00-J06)
#Acute upper respiratory infections (J00-J06),2020,3613647,,1,,0,1,Acute upper respiratory infections (J00-J06)
#Acute upper respiratory infections (J00-J06),2021,3664292,,1,,0,1,Acute upper respiratory infections (J00-J06)
#Acute upper respiratory infections (J00-J06),2022,3667758,,1,,0,1,Acute upper respiratory infections (J00-J06)
#Acute upper respiratory infections (J00-J06),2023,3596017,11,0,0,1,1,Acute upper respiratory infections (J00-J06)
#Influenza and pneumonia (J09-J18),2007,4316233,218,0,0.05,0,1,Influenza and pneumonia (J09-J18)
#Influenza and pneumonia (J09-J18),2008,4247726,225,0,0.05,0,1,Influenza and pneumonia (J09-J18)
#Influenza and pneumonia (J09-J18),2009,4130665,253,0,0.06,0,1,Influenza and pneumonia (J09-J18)
#Influenza and pneumonia (J09-J18),2010,3999386,195,0,0.05,0,1,Influenza and pneumonia (J09-J18)
#Influenza and pneumonia (J09-J18),2011,3953590,205,0,0.05,0,1,Influenza and pneumonia (J09-J18)
#Influenza and pneumonia (J09-J18),2012,3952841,159,0,0.04,0,1,Influenza and pneumonia (J09-J18)
#Influenza and pneumonia (J09-J18),2013,3932181,179,0,0.05,0,1,Influenza and pneumonia (J09-J18)
#Influenza and pneumonia (J09-J18),2014,3988076,186,0,0.05,0,1,Influenza and pneumonia (J09-J18)
#Influenza and pneumonia (J09-J18),2015,3978497,173,0,0.04,0,1,Influenza and pneumonia (J09-J18)
#Influenza and pneumonia (J09-J18),2016,3945875,164,0,0.04,0,1,Influenza and pneumonia (J09-J18)
#Influenza and pneumonia (J09-J18),2017,3855500,158,0,0.04,0,1,Influenza and pneumonia (J09-J18)
#Influenza and pneumonia (J09-J18),2018,3791712,174,0,0.05,0,1,Influenza and pneumonia (J09-J18)
#Influenza and pneumonia (J09-J18),2019,3747540,155,0,0.04,0,1,Influenza and pneumonia (J09-J18)
#Influenza and pneumonia (J09-J18),2020,3613647,124,0,0.03,0,1,Influenza and pneumonia (J09-J18)
#Influenza and pneumonia (J09-J18),2021,3664292,126,0,0.03,0,1,Influenza and pneumonia (J09-J18)
#Influenza and pneumonia (J09-J18),2022,3667758,153,0,0.04,0,1,Influenza and pneumonia (J09-J18)
#Influenza and pneumonia (J09-J18),2023,3596017,146,0,0.04,0,1,Influenza and pneumonia (J09-J18)
#Acute bronchitis and acute bronchiolitis (J20-J21),2007,4316233,46,0,0.01,0,1,Acute bronchitis and acute bronchiolitis (J20-J21)
#Acute bronchitis and acute bronchiolitis (J20-J21),2008,4247726,44,0,0.01,0,1,Acute bronchitis and acute bronchiolitis (J20-J21)
#Acute bronchitis and acute bronchiolitis (J20-J21),2009,4130665,46,0,0.01,0,1,Acute bronchitis and acute bronchiolitis (J20-J21)
#Acute bronchitis and acute bronchiolitis (J20-J21),2010,3999386,25,0,0.01,0,1,Acute bronchitis and acute bronchiolitis (J20-J21)
#Acute bronchitis and acute bronchiolitis (J20-J21),2011,3953590,37,0,0.01,0,1,Acute bronchitis and acute bronchiolitis (J20-J21)
#Acute bronchitis and acute bronchiolitis (J20-J21),2012,3952841,40,0,0.01,0,1,Acute bronchitis and acute bronchiolitis (J20-J21)
#Acute bronchitis and acute bronchiolitis (J20-J21),2013,3932181,29,0,0.01,0,1,Acute bronchitis and acute bronchiolitis (J20-J21)
#Acute bronchitis and acute bronchiolitis (J20-J21),2014,3988076,36,0,0.01,0,1,Acute bronchitis and acute bronchiolitis (J20-J21)
#Acute bronchitis and acute bronchiolitis (J20-J21),2015,3978497,50,0,0.01,0,1,Acute bronchitis and acute bronchiolitis (J20-J21)
#Acute bronchitis and acute bronchiolitis (J20-J21),2016,3945875,37,0,0.01,0,1,Acute bronchitis and acute bronchiolitis (J20-J21)
#Acute bronchitis and acute bronchiolitis (J20-J21),2017,3855500,42,0,0.01,0,1,Acute bronchitis and acute bronchiolitis (J20-J21)
#Acute bronchitis and acute bronchiolitis (J20-J21),2018,3791712,34,0,0.01,0,1,Acute bronchitis and acute bronchiolitis (J20-J21)
#Acute bronchitis and acute bronchiolitis (J20-J21),2019,3747540,42,0,0.01,0,1,Acute bronchitis and acute bronchiolitis (J20-J21)
#Acute bronchitis and acute bronchiolitis (J20-J21),2020,3613647,12,0,0,1,1,Acute bronchitis and acute bronchiolitis (J20-J21)
#Acute bronchitis and acute bronchiolitis (J20-J21),2021,3664292,27,0,0.01,0,1,Acute bronchitis and acute bronchiolitis (J20-J21)
#Acute bronchitis and acute bronchiolitis (J20-J21),2022,3667758,40,0,0.01,0,1,Acute bronchitis and acute bronchiolitis (J20-J21)
#Acute bronchitis and acute bronchiolitis (J20-J21),2023,3596017,20,0,0.01,0,1,Acute bronchitis and acute bronchiolitis (J20-J21)
"#Bronchitis, chronic and unspecified (J40-J42)",2007,4316233,24,0,0.01,0,1,"Bronchitis, chronic and unspecified (J40-J42)"
"#Bronchitis, chronic and unspecified (J40-J42)",2008,4247726,23,0,0.01,0,1,"Bronchitis, chronic and unspecified (J40-J42)"
"#Bronchitis, chronic and unspecified (J40-J42)",2009,4130665,12,0,0,1,1,"Bronchitis, chronic and unspecified (J40-J42)"
"#Bronchitis, chronic and unspecified (J40-J42)",2010,3999386,26,0,0.01,0,1,"Bronchitis, chronic and unspecified (J40-J42)"
"#Bronchitis, chronic and unspecified (J40-J42)",2011,3953590,23,0,0.01,0,1,"Bronchitis, chronic and unspecified (J40-J42)"
"#Bronchitis, chronic and unspecified (J40-J42)",2012,3952841,14,0,0,1,1,"Bronchitis, chronic and unspecified (J40-J42)"
"#Bronchitis, chronic and unspecified (J40-J42)",2013,3932181,20,0,0.01,0,1,"Bronchitis, chronic and unspecified (J40-J42)"
"#Bronchitis, chronic and unspecified (J40-J42)",2014,3988076,13,0,0,1,1,"Bronchitis, chronic and unspecified (J40-J42)"
"#Bronchitis, chronic and unspecified (J40-J42)",2015,3978497,19,0,0,1,1,"Bronchitis, chronic and unspecified (J40-J42)"
"#Bronchitis, chronic and unspecified (J40-J42)",2016,3945875,23,0,0.01,0,1,"Bronchitis, chronic and unspecified (J40-J42)"
"#Bronchitis, chronic and unspecified (J40-J42)",2017,3855500,11,0,0,1,1,"Bronchitis, chronic and unspecified (J40-J42)"
"#Bronchitis, chronic and unspecified (J40-J42)",2018,3791712,10,0,0,1,1,"Bronchitis, chronic and unspecified (J40-J42)"
"#Bronchitis, chronic and unspecified (J40-J42)",2019,3747540,10,0,0,1,1,"Bronchitis, chronic and unspecified (J40-J42)"
"#Bronchitis, chronic and unspecified (J40-J42)",2020,3613647,,1,,0,1,"Bronchitis, chronic and unspecified (J40-J42)"
"#Bronchitis, chronic and unspecified (J40-J42)",2021,3664292,,1,,0,1,"Bronchitis, chronic and unspecified (J40-J42)"
"#Bronchitis, chronic and unspecified (J40-J42)",2022,3667758,,1,,0,1,"Bronchitis, chronic and unspecified (J40-J42)"
"#Bronchitis, chronic and unspecified (J40-J42)",2023,3596017,,1,,0,1,"Bronchitis, chronic and unspecified (J40-J42)"
#Asthma (J45-J46),2007,4316233,,1,,0,1,Asthma (J45-J46)
#Asthma (J45-J46),2008,4247726,,1,,0,1,Asthma (J45-J46)
#Asthma (J45-J46),2009,4130665,,1,,0,1,Asthma (J45-J46)
#Asthma (J45-J46),2010,3999386,,1,,0,1,Asthma (J45-J46)
#Asthma (J45-J46),2011,3953590,,1,,0,1,Asthma (J45-J46)
#Asthma (J45-J46),2012,3952841,,1,,0,1,Asthma (J45-J46)
#Asthma (J45-J46),2013,3932181,,1,,0,1,Asthma (J45-J46)
#Asthma (J45-J46),2014,3988076,,1,,0,1,Asthma (J45-J46)
#Asthma (J45-J46),2015,3978497,,1,,0,1,Asthma (J45-J46)
#Asthma (J45-J46),2016,3945875,,1,,0,1,Asthma (J45-J46)
#Asthma (J45-J46),2017,3855500,,1,,0,1,Asthma (J45-J46)
#Asthma (J45-J46),2018,3791712,,1,,0,1,Asthma (J45-J46)
#Asthma (J45-J46),2019,3747540,,1,,0,1,Asthma (J45-J46)
#Asthma (J45-J46),2020,3613647,,1,,0,1,Asthma (J45-J46)
#Asthma (J45-J46),2021,3664292,,1,,0,1,Asthma (J45-J46)
#Asthma (J45-J46),2022,3667758,,1,,0,1,Asthma (J45-J46)
#Asthma (J45-J46),2023,3596017,,1,,0,1,Asthma (J45-J46)
#Pneumonitis due to solids and liquids (J69),2007,4316233,10,0,0,1,1,Pneumonitis due to solids and liquids (J69)
#Pneumonitis due to solids and liquids (J69),2008,4247726,11,0,0,1,1,Pneumonitis due to solids and liquids (J69)
#Pneumonitis due to solids and liquids (J69),2009,4130665,,1,,0,1,Pneumonitis due to solids and liquids (J69)
#Pneumonitis due to solids and liquids (J69),2010,3999386,17,0,0,1,1,Pneumonitis due to solids and liquids (J69)
#Pneumonitis due to solids and liquids (J69),2011,3953590,,1,,0,1,Pneumonitis due to solids and liquids (J69)
#Pneumonitis due to solids and liquids (J69),2012,3952841,10,0,0,1,1,Pneumonitis due to solids and liquids (J69)
#Pneumonitis due to solids and liquids (J69),2013,3932181,16,0,0,1,1,Pneumonitis due to solids and liquids (J69)
#Pneumonitis due to solids and liquids (J69),2014,3988076,,1,,0,1,Pneumonitis due to solids and liquids (J69)
#Pneumonitis due to solids and liquids (J69),2015,3978497,,1,,0,1,Pneumonitis due to solids and liquids (J69)
#Pneumonitis due to solids and liquids (J69),2016,3945875,12,0,0,1,1,Pneumonitis due to solids and liquids (J69)
#Pneumonitis due to solids and liquids (J69),2017,3855500,,1,,0,1,Pneumonitis due to solids and liquids (J69)
#Pneumonitis due to solids and liquids (J69),2018,3791712,,1,,0,1,Pneumonitis due to solids and liquids (J69)
#Pneumonitis due to solids and liquids (J69),2019,3747540,,1,,0,1,Pneumonitis due to solids and liquids (J69)
#Pneumonitis due to solids and liquids (J69),2020,3613647,,1,,0,1,Pneumonitis due to solids and liquids (J69)
#Pneumonitis due to solids and liquids (J69),2021,3664292,,1,,0,1,Pneumonitis due to solids and liquids (J69)
#Pneumonitis due to solids and liquids (J69),2022,3667758,,1,,0,1,Pneumonitis due to solids and liquids (J69)
#Pneumonitis due to solids and liquids (J69),2023,3596017,,1,,0,1,Pneumonitis due to solids and liquids (J69)
"#Gastritis, duodenitis, and noninfective enteritis and colitis (K29,K50-K55)",2007,4316233,415,0,0.1,0,1,"Gastritis, duodenitis, and noninfective enteritis and colitis (K29,K50-K55)"
"#Gastritis, duodenitis, and noninfective enteritis and colitis (K29,K50-K55)",2008,4247726,354,0,0.08,0,1,"Gastritis, duodenitis, and noninfective enteritis and colitis (K29,K50-K55)"
"#Gastritis, duodenitis, and noninfective enteritis and colitis (K29,K50-K55)",2009,4130665,30,0,0.01,0,1,"Gastritis, duodenitis, and noninfective enteritis and colitis (K29,K50-K55)"
"#Gastritis, duodenitis, and noninfective enteritis and colitis (K29,K50-K55)",2010,3999386,29,0,0.01,0,1,"Gastritis, duodenitis, and noninfective enteritis and colitis (K29,K50-K55)"
"#Gastritis, duodenitis, and noninfective enteritis and colitis (K29,K50-K55)",2011,3953590,37,0,0.01,0,1,"Gastritis, duodenitis, and noninfective enteritis and colitis (K29,K50-K55)"
"#Gastritis, duodenitis, and noninfective enteritis and colitis (K29,K50-K55)",2012,3952841,29,0,0.01,0,1,"Gastritis, duodenitis, and noninfective enteritis and colitis (K29,K50-K55)"
"#Gastritis, duodenitis, and noninfective enteritis and colitis (K29,K50-K55)",2013,3932181,40,0,0.01,0,1,"Gastritis, duodenitis, and noninfective enteritis and colitis (K29,K50-K55)"
"#Gastritis, duodenitis, and noninfective enteritis and colitis (K29,K50-K55)",2014,3988076,26,0,0.01,0,1,"Gastritis, duodenitis, and noninfective enteritis and colitis (K29,K50-K55)"
"#Gastritis, duodenitis, and noninfective enteritis and colitis (K29,K50-K55)",2015,3978497,30,0,0.01,0,1,"Gastritis, duodenitis, and noninfective enteritis and colitis (K29,K50-K55)"
"#Gastritis, duodenitis, and noninfective enteritis and colitis (K29,K50-K55)",2016,3945875,31,0,0.01,0,1,"Gastritis, duodenitis, and noninfective enteritis and colitis (K29,K50-K55)"
"#Gastritis, duodenitis, and noninfective enteritis and colitis (K29,K50-K55)",2017,3855500,22,0,0.01,0,1,"Gastritis, duodenitis, and noninfective enteritis and colitis (K29,K50-K55)"
"#Gastritis, duodenitis, and noninfective enteritis and colitis (K29,K50-K55)",2018,3791712,27,0,0.01,0,1,"Gastritis, duodenitis, and noninfective enteritis and colitis (K29,K50-K55)"
"#Gastritis, duodenitis, and noninfective enteritis and colitis (K29,K50-K55)",2019,3747540,36,0,0.01,0,1,"Gastritis, duodenitis, and noninfective enteritis and colitis (K29,K50-K55)"
"#Gastritis, duodenitis, and noninfective enteritis and colitis (K29,K50-K55)",2020,3613647,21,0,0.01,0,1,"Gastritis, duodenitis, and noninfective enteritis and colitis (K29,K50-K55)"
"#Gastritis, duodenitis, and noninfective enteritis and colitis (K29,K50-K55)",2021,3664292,27,0,0.01,0,1,"Gastritis, duodenitis, and noninfective enteritis and colitis (K29,K50-K55)"
"#Gastritis, duodenitis, and noninfective enteritis and colitis (K29,K50-K55)",2022,3667758,31,0,0.01,0,1,"Gastritis, duodenitis, and noninfective enteritis and colitis (K29,K50-K55)"
"#Gastritis, duodenitis, and noninfective enteritis and colitis (K29,K50-K55)",2023,3596017,23,0,0.01,0,1,"Gastritis, duodenitis, and noninfective enteritis and colitis (K29,K50-K55)"
"#Hernia of abdominal cavity and intestinal obstruction without hernia (K40-K46,K56)",2007,4316233,69,0,0.02,0,1,"Hernia of abdominal cavity and intestinal obstruction without hernia (K40-K46,K56)"
"#Hernia of abdominal cavity and intestinal obstruction without hernia (K40-K46,K56)",2008,4247726,47,0,0.01,0,1,"Hernia of abdominal cavity and intestinal obstruction without hernia (K40-K46,K56)"
"#Hernia of abdominal cavity and intestinal obstruction without hernia (K40-K46,K56)",2009,4130665,49,0,0.01,0,1,"Hernia of abdominal cavity and intestinal obstruction without hernia (K40-K46,K56)"
"#Hernia of abdominal cavity and intestinal obstruction without hernia (K40-K46,K56)",2010,3999386,52,0,0.01,0,1,"Hernia of abdominal cavity and intestinal obstruction without hernia (K40-K46,K56)"
"#Hernia of abdominal cavity and intestinal obstruction without hernia (K40-K46,K56)",2011,3953590,48,0,0.01,0,1,"Hernia of abdominal cavity and intestinal obstruction without hernia (K40-K46,K56)"
"#Hernia of abdominal cavity and intestinal obstruction without hernia (K40-K46,K56)",2012,3952841,51,0,0.01,0,1,"Hernia of abdominal cavity and intestinal obstruction without hernia (K40-K46,K56)"
"#Hernia of abdominal cavity and intestinal obstruction without hernia (K40-K46,K56)",2013,3932181,42,0,0.01,0,1,"Hernia of abdominal cavity and intestinal obstruction without hernia (K40-K46,K56)"
"#Hernia of abdominal cavity and intestinal obstruction without hernia (K40-K46,K56)",2014,3988076,45,0,0.01,0,1,"Hernia of abdominal cavity and intestinal obstruction without hernia (K40-K46,K56)"
"#Hernia of abdominal cavity and intestinal obstruction without hernia (K40-K46,K56)",2015,3978497,52,0,0.01,0,1,"Hernia of abdominal cavity and intestinal obstruction without hernia (K40-K46,K56)"
"#Hernia of abdominal cavity and intestinal obstruction without hernia (K40-K46,K56)",2016,3945875,42,0,0.01,0,1,"Hernia of abdominal cavity and intestinal obstruction without hernia (K40-K46,K56)"
"#Hernia of abdominal cavity and intestinal obstruction without hernia (K40-K46,K56)",2017,3855500,34,0,0.01,0,1,"Hernia of abdominal cavity and intestinal obstruction without hernia (K40-K46,K56)"
"#Hernia of abdominal cavity and intestinal obstruction without hernia (K40-K46,K56)",2018,3791712,41,0,0.01,0,1,"Hernia of abdominal cavity and intestinal obstruction without hernia (K40-K46,K56)"
"#Hernia of abdominal cavity and intestinal obstruction without hernia (K40-K46,K56)",2019,3747540,38,0,0.01,0,1,"Hernia of abdominal cavity and intestinal obstruction without hernia (K40-K46,K56)"
"#Hernia of abdominal cavity and intestinal obstruction without hernia (K40-K46,K56)",2020,3613647,38,0,0.01,0,1,"Hernia of abdominal cavity and intestinal obstruction without hernia (K40-K46,K56)"
"#Hernia of abdominal cavity and intestinal obstruction without hernia (K40-K46,K56)",2021,3664292,48,0,0.01,0,1,"Hernia of abdominal cavity and intestinal obstruction without hernia (K40-K46,K56)"
"#Hernia of abdominal cavity and intestinal obstruction without hernia (K40-K46,K56)",2022,3667758,31,0,0.01,0,1,"Hernia of abdominal cavity and intestinal obstruction without hernia (K40-K46,K56)"
"#Hernia of abdominal cavity and intestinal obstruction without hernia (K40-K46,K56)",2023,3596017,41,0,0.01,0,1,"Hernia of abdominal cavity and intestinal obstruction without hernia (K40-K46,K56)"
"#Renal failure and other disorders of kidney (N17-N19,N25,N27)",2007,4316233,136,0,0.03,0,1,"Renal failure and other disorders of kidney (N17-N19,N25,N27)"
"#Renal failure and other disorders of kidney (N17-N19,N25,N27)",2008,4247726,140,0,0.03,0,1,"Renal failure and other disorders of kidney (N17-N19,N25,N27)"
"#Renal failure and other disorders of kidney (N17-N19,N25,N27)",2009,4130665,106,0,0.03,0,1,"Renal failure and other disorders of kidney (N17-N19,N25,N27)"
"#Renal failure and other disorders of kidney (N17-N19,N25,N27)",2010,3999386,99,0,0.02,0,1,"Renal failure and other disorders of kidney (N17-N19,N25,N27)"
"#Renal failure and other disorders of kidney (N17-N19,N25,N27)",2011,3953590,72,0,0.02,0,1,"Renal failure and other disorders of kidney (N17-N19,N25,N27)"
"#Renal failure and other disorders of kidney (N17-N19,N25,N27)",2012,3952841,78,0,0.02,0,1,"Renal failure and other disorders of kidney (N17-N19,N25,N27)"
"#Renal failure and other disorders of kidney (N17-N19,N25,N27)",2013,3932181,81,0,0.02,0,1,"Renal failure and other disorders of kidney (N17-N19,N25,N27)"
"#Renal failure and other disorders of kidney (N17-N19,N25,N27)",2014,3988076,83,0,0.02,0,1,"Renal failure and other disorders of kidney (N17-N19,N25,N27)"
"#Renal failure and other disorders of kidney (N17-N19,N25,N27)",2015,3978497,82,0,0.02,0,1,"Renal failure and other disorders of kidney (N17-N19,N25,N27)"
"#Renal failure and other disorders of kidney (N17-N19,N25,N27)",2016,3945875,57,0,0.01,0,1,"Renal failure and other disorders of kidney (N17-N19,N25,N27)"
"#Renal failure and other disorders of kidney (N17-N19,N25,N27)",2017,3855500,72,0,0.02,0,1,"Renal failure and other disorders of kidney (N17-N19,N25,N27)"
"#Renal failure and other disorders of kidney (N17-N19,N25,N27)",2018,3791712,68,0,0.02,0,1,"Renal failure and other disorders of kidney (N17-N19,N25,N27)"
"#Renal failure and other disorders of kidney (N17-N19,N25,N27)",2019,3747540,57,0,0.02,0,1,"Renal failure and other disorders of kidney (N17-N19,N25,N27)"
"#Renal failure and other disorders of kidney (N17-N19,N25,N27)",2020,3613647,42,0,0.01,0,1,"Renal failure and other disorders of kidney (N17-N19,N25,N27)"
"#Renal failure and other disorders of kidney (N17-N19,N25,N27)",2021,3664292,42,0,0.01,0,1,"Renal failure and other disorders of kidney (N17-N19,N25,N27)"
"#Renal failure and other disorders of kidney (N17-N19,N25,N27)",2022,3667758,35,0,0.01,0,1,"Renal failure and other disorders of kidney (N17-N19,N25,N27)"
"#Renal failure and other disorders of kidney (N17-N19,N25,N27)",2023,3596017,30,0,0.01,0,1,"Renal failure and other disorders of kidney (N17-N19,N25,N27)"
#Newborn affected by maternal hypertensive disorders (P00.0),2007,4316233,88,0,0.02,0,1,Newborn affected by maternal hypertensive disorders (P00.0)
#Newborn affected by maternal hypertensive disorders (P00.0),2008,4247726,85,0,0.02,0,1,Newborn affected by maternal hypertensive disorders (P00.0)
#Newborn affected by maternal hypertensive disorders (P00.0),2009,4130665,82,0,0.02,0,1,Newborn affected by maternal hypertensive disorders (P00.0)
#Newborn affected by maternal hypertensive disorders (P00.0),2010,3999386,82,0,0.02,0,1,Newborn affected by maternal hypertensive disorders (P00.0)
#Newborn affected by maternal hypertensive disorders (P00.0),2011,3953590,84,0,0.02,0,1,Newborn affected by maternal hypertensive disorders (P00.0)
#Newborn affected by maternal hypertensive disorders (P00.0),2012,3952841,61,0,0.02,0,1,Newborn affected by maternal hypertensive disorders (P00.0)
#Newborn affected by maternal hypertensive disorders (P00.0),2013,3932181,70,0,0.02,0,1,Newborn affected by maternal hypertensive disorders (P00.0)
#Newborn affected by maternal hypertensive disorders (P00.0),2014,3988076,69,0,0.02,0,1,Newborn affected by maternal hypertensive disorders (P00.0)
#Newborn affected by maternal hypertensive disorders (P00.0),2015,3978497,87,0,0.02,0,1,Newborn affected by maternal hypertensive disorders (P00.0)
#Newborn affected by maternal hypertensive disorders (P00.0),2016,3945875,64,0,0.02,0,1,Newborn affected by maternal hypertensive disorders (P00.0)
#Newborn affected by maternal hypertensive disorders (P00.0),2017,3855500,54,0,0.01,0,1,Newborn affected by maternal hypertensive disorders (P00.0)
#Newborn affected by maternal hypertensive disorders (P00.0),2018,3791712,63,0,0.02,0,1,Newborn affected by maternal hypertensive disorders (P00.0)
#Newborn affected by maternal hypertensive disorders (P00.0),2019,3747540,67,0,0.02,0,1,Newborn affected by maternal hypertensive disorders (P00.0)
#Newborn affected by maternal hypertensive disorders (P00.0),2020,3613647,55,0,0.02,0,1,Newborn affected by maternal hypertensive disorders (P00.0)
#Newborn affected by maternal hypertensive disorders (P00.0),2021,3664292,52,0,0.01,0,1,Newborn affected by maternal hypertensive disorders (P00.0)
#Newborn affected by maternal hypertensive disorders (P00.0),2022,3667758,61,0,0.02,0,1,Newborn affected by maternal hypertensive disorders (P00.0)
#Newborn affected by maternal hypertensive disorders (P00.0),2023,3596017,54,0,0.02,0,1,Newborn affected by maternal hypertensive disorders (P00.0)
#Newborn affected by other maternal conditions which may be unrelated to present pregnancy (P00.1-P0,2007,4316233,91,0,0.02,0,1,Newborn affected by other maternal conditions which may be unrelated to present pregnancy (P00.1-P0
#Newborn affected by other maternal conditions which may be unrelated to present pregnancy (P00.1-P0,2008,4247726,87,0,0.02,0,1,Newborn affected by other maternal conditions which may be unrelated to present pregnancy (P00.1-P0
#Newborn affected by other maternal conditions which may be unrelated to present pregnancy (P00.1-P0,2009,4130665,91,0,0.02,0,1,Newborn affected by other maternal conditions which may be unrelated to present pregnancy (P00.1-P0
#Newborn affected by other maternal conditions which may be unrelated to present pregnancy (P00.1-P0,2010,3999386,83,0,0.02,0,1,Newborn affected by other maternal conditions which may be unrelated to present pregnancy (P00.1-P0
#Newborn affected by other maternal conditions which may be unrelated to present pregnancy (P00.1-P0,2011,3953590,64,0,0.02,0,1,Newborn affected by other maternal conditions which may be unrelated to present pregnancy (P00.1-P0
#Newborn affected by other maternal conditions which may be unrelated to present pregnancy (P00.1-P0,2012,3952841,90,0,0.02,0,1,Newborn affected by other maternal conditions which may be unrelated to present pregnancy (P00.1-P0
#Newborn affected by other maternal conditions which may be unrelated to present pregnancy (P00.1-P0,2013,3932181,84,0,0.02,0,1,Newborn affected by other maternal conditions which may be unrelated to present pregnancy (P00.1-P0
#Newborn affected by other maternal conditions which may be unrelated to present pregnancy (P00.1-P0,2014,3988076,89,0,0.02,0,1,Newborn affected by other maternal conditions which may be unrelated to present pregnancy (P00.1-P0
#Newborn affected by other maternal conditions which may be unrelated to present pregnancy (P00.1-P0,2015,3978497,87,0,0.02,0,1,Newborn affected by other maternal conditions which may be unrelated to present pregnancy (P00.1-P0
#Newborn affected by other maternal conditions which may be unrelated to present pregnancy (P00.1-P0,2016,3945875,82,0,0.02,0,1,Newborn affected by other maternal conditions which may be unrelated to present pregnancy (P00.1-P0
#Newborn affected by other maternal conditions which may be unrelated to present pregnancy (P00.1-P0,2017,3855500,89,0,0.02,0,1,Newborn affected by other maternal conditions which may be unrelated to present pregnancy (P00.1-P0
#Newborn affected by other maternal conditions which may be unrelated to present pregnancy (P00.1-P0,2018,3791712,85,0,0.02,0,1,Newborn affected by other maternal conditions which may be unrelated to present pregnancy (P00.1-P0
#Newborn affected by other maternal conditions which may be unrelated to present pregnancy (P00.1-P0,2019,3747540,72,0,0.02,0,1,Newborn affected by other maternal conditions which may be unrelated to present pregnancy (P00.1-P0
#Newborn affected by other maternal conditions which may be unrelated to present pregnancy (P00.1-P0,2020,3613647,92,0,0.03,0,1,Newborn affected by other maternal conditions which may be unrelated to present pregnancy (P00.1-P0
#Newborn affected by other maternal conditions which may be unrelated to present pregnancy (P00.1-P0,2021,3664292,101,0,0.03,0,1,Newborn affected by other maternal conditions which may be unrelated to present pregnancy (P00.1-P0
#Newborn affected by other maternal conditions which may be unrelated to present pregnancy (P00.1-P0,2022,3667758,104,0,0.03,0,1,Newborn affected by other maternal conditions which may be unrelated to present pregnancy (P00.1-P0
#Newborn affected by other maternal conditions which may be unrelated to present pregnancy (P00.1-P0,2023,3596017,112,0,0.03,0,1,Newborn affected by other maternal conditions which may be unrelated to present pregnancy (P00.1-P0
#Newborn affected by maternal complications of pregnancy (P01),2007,4316233,1773,0,0.41,0,1,Newborn affected by maternal complications of pregnancy (P01)
#Newborn affected by maternal complications of pregnancy (P01),2008,4247726,1775,0,0.42,0,1,Newborn affected by maternal complications of pregnancy (P01)
#Newborn affected by maternal complications of pregnancy (P01),2009,4130665,1614,0,0.39,0,1,Newborn affected by maternal complications of pregnancy (P01)
#Newborn affected by maternal complications of pregnancy (P01),2010,3999386,1563,0,0.39,0,1,Newborn affected by maternal complications of pregnancy (P01)
#Newborn affected by maternal complications of pregnancy (P01),2011,3953590,1598,0,0.4,0,1,Newborn affected by maternal complications of pregnancy (P01)
#Newborn affected by maternal complications of pregnancy (P01),2012,3952841,1518,0,0.38,0,1,Newborn affected by maternal complications of pregnancy (P01)
#Newborn affected by maternal complications of pregnancy (P01),2013,3932181,1597,0,0.41,0,1,Newborn affected by maternal complications of pregnancy (P01)
#Newborn affected by maternal complications of pregnancy (P01),2014,3988076,1580,0,0.4,0,1,Newborn affected by maternal complications of pregnancy (P01)
#Newborn affected by maternal complications of pregnancy (P01),2015,3978497,1527,0,0.38,0,1,Newborn affected by maternal complications of pregnancy (P01)
#Newborn affected by maternal complications of pregnancy (P01),2016,3945875,1407,0,0.36,0,1,Newborn affected by maternal complications of pregnancy (P01)
#Newborn affected by maternal complications of pregnancy (P01),2017,3855500,1436,0,0.37,0,1,Newborn affected by maternal complications of pregnancy (P01)
#Newborn affected by maternal complications of pregnancy (P01),2018,3791712,1371,0,0.36,0,1,Newborn affected by maternal complications of pregnancy (P01)
#Newborn affected by maternal complications of pregnancy (P01),2019,3747540,1250,0,0.33,0,1,Newborn affected by maternal complications of pregnancy (P01)
#Newborn affected by maternal complications of pregnancy (P01),2020,3613647,1115,0,0.31,0,1,Newborn affected by maternal complications of pregnancy (P01)
#Newborn affected by maternal complications of pregnancy (P01),2021,3664292,1113,0,0.3,0,1,Newborn affected by maternal complications of pregnancy (P01)
#Newborn affected by maternal complications of pregnancy (P01),2022,3667758,1213,0,0.33,0,1,Newborn affected by maternal complications of pregnancy (P01)
#Newborn affected by maternal complications of pregnancy (P01),2023,3596017,1146,0,0.32,0,1,Newborn affected by maternal complications of pregnancy (P01)
"#Newborn affected by complications of placenta, cord and membranes (P02)",2007,4316233,1120,0,0.26,0,1,"Newborn affected by complications of placenta, cord and membranes (P02)"
"#Newborn affected by complications of placenta, cord and membranes (P02)",2008,4247726,1068,0,0.25,0,1,"Newborn affected by complications of placenta, cord and membranes (P02)"
"#Newborn affected by complications of placenta, cord and membranes (P02)",2009,4130665,1045,0,0.25,0,1,"Newborn affected by complications of placenta, cord and membranes (P02)"
"#Newborn affected by complications of placenta, cord and membranes (P02)",2010,3999386,1015,0,0.25,0,1,"Newborn affected by complications of placenta, cord and membranes (P02)"
"#Newborn affected by complications of placenta, cord and membranes (P02)",2011,3953590,991,0,0.25,0,1,"Newborn affected by complications of placenta, cord and membranes (P02)"
"#Newborn affected by complications of placenta, cord and membranes (P02)",2012,3952841,1010,0,0.26,0,1,"Newborn affected by complications of placenta, cord and membranes (P02)"
"#Newborn affected by complications of placenta, cord and membranes (P02)",2013,3932181,951,0,0.24,0,1,"Newborn affected by complications of placenta, cord and membranes (P02)"
"#Newborn affected by complications of placenta, cord and membranes (P02)",2014,3988076,961,0,0.24,0,1,"Newborn affected by complications of placenta, cord and membranes (P02)"
"#Newborn affected by complications of placenta, cord and membranes (P02)",2015,3978497,909,0,0.23,0,1,"Newborn affected by complications of placenta, cord and membranes (P02)"
"#Newborn affected by complications of placenta, cord and membranes (P02)",2016,3945875,839,0,0.21,0,1,"Newborn affected by complications of placenta, cord and membranes (P02)"
"#Newborn affected by complications of placenta, cord and membranes (P02)",2017,3855500,840,0,0.22,0,1,"Newborn affected by complications of placenta, cord and membranes (P02)"
"#Newborn affected by complications of placenta, cord and membranes (P02)",2018,3791712,723,0,0.19,0,1,"Newborn affected by complications of placenta, cord and membranes (P02)"
"#Newborn affected by complications of placenta, cord and membranes (P02)",2019,3747540,737,0,0.2,0,1,"Newborn affected by complications of placenta, cord and membranes (P02)"
"#Newborn affected by complications of placenta, cord and membranes (P02)",2020,3613647,695,0,0.19,0,1,"Newborn affected by complications of placenta, cord and membranes (P02)"
"#Newborn affected by complications of placenta, cord and membranes (P02)",2021,3664292,663,0,0.18,0,1,"Newborn affected by complications of placenta, cord and membranes (P02)"
"#Newborn affected by complications of placenta, cord and membranes (P02)",2022,3667758,634,0,0.17,0,1,"Newborn affected by complications of placenta, cord and membranes (P02)"
"#Newborn affected by complications of placenta, cord and membranes (P02)",2023,3596017,562,0,0.16,0,1,"Newborn affected by complications of placenta, cord and membranes (P02)"
#Newborn affected by other complications of labor and delivery (P03),2007,4316233,121,0,0.03,0,1,Newborn affected by other complications of labor and delivery (P03)
#Newborn affected by other complications of labor and delivery (P03),2008,4247726,99,0,0.02,0,1,Newborn affected by other complications of labor and delivery (P03)
#Newborn affected by other complications of labor and delivery (P03),2009,4130665,96,0,0.02,0,1,Newborn affected by other complications of labor and delivery (P03)
#Newborn affected by other complications of labor and delivery (P03),2010,3999386,110,0,0.03,0,1,Newborn affected by other complications of labor and delivery (P03)
#Newborn affected by other complications of labor and delivery (P03),2011,3953590,124,0,0.03,0,1,Newborn affected by other complications of labor and delivery (P03)
#Newborn affected by other complications of labor and delivery (P03),2012,3952841,117,0,0.03,0,1,Newborn affected by other complications of labor and delivery (P03)
#Newborn affected by other complications of labor and delivery (P03),2013,3932181,124,0,0.03,0,1,Newborn affected by other complications of labor and delivery (P03)
#Newborn affected by other complications of labor and delivery (P03),2014,3988076,111,0,0.03,0,1,Newborn affected by other complications of labor and delivery (P03)
#Newborn affected by other complications of labor and delivery (P03),2015,3978497,123,0,0.03,0,1,Newborn affected by other complications of labor and delivery (P03)
#Newborn affected by other complications of labor and delivery (P03),2016,3945875,129,0,0.03,0,1,Newborn affected by other complications of labor and delivery (P03)
#Newborn affected by other complications of labor and delivery (P03),2017,3855500,79,0,0.02,0,1,Newborn affected by other complications of labor and delivery (P03)
#Newborn affected by other complications of labor and delivery (P03),2018,3791712,85,0,0.02,0,1,Newborn affected by other complications of labor and delivery (P03)
#Newborn affected by other complications of labor and delivery (P03),2019,3747540,78,0,0.02,0,1,Newborn affected by other complications of labor and delivery (P03)
#Newborn affected by other complications of labor and delivery (P03),2020,3613647,96,0,0.03,0,1,Newborn affected by other complications of labor and delivery (P03)
#Newborn affected by other complications of labor and delivery (P03),2021,3664292,85,0,0.02,0,1,Newborn affected by other complications of labor and delivery (P03)
#Newborn affected by other complications of labor and delivery (P03),2022,3667758,154,0,0.04,0,1,Newborn affected by other complications of labor and delivery (P03)
#Newborn affected by other complications of labor and delivery (P03),2023,3596017,124,0,0.03,0,1,Newborn affected by other complications of labor and delivery (P03)
#Newborn affected by noxious influences transmitted via placenta or breast milk (P04),2007,4316233,62,0,0.01,0,1,Newborn affected by noxious influences transmitted via placenta or breast milk (P04)
#Newborn affected by noxious influences transmitted via placenta or breast milk (P04),2008,4247726,51,0,0.01,0,1,Newborn affected by noxious influences transmitted via placenta or breast milk (P04)
#Newborn affected by noxious influences transmitted via placenta or breast milk (P04),2009,4130665,31,0,0.01,0,1,Newborn affected by noxious influences transmitted via placenta or breast milk (P04)
#Newborn affected by noxious influences transmitted via placenta or breast milk (P04),2010,3999386,47,0,0.01,0,1,Newborn affected by noxious influences transmitted via placenta or breast milk (P04)
#Newborn affected by noxious influences transmitted via placenta or breast milk (P04),2011,3953590,43,0,0.01,0,1,Newborn affected by noxious influences transmitted via placenta or breast milk (P04)
#Newborn affected by noxious influences transmitted via placenta or breast milk (P04),2012,3952841,37,0,0.01,0,1,Newborn affected by noxious influences transmitted via placenta or breast milk (P04)
#Newborn affected by noxious influences transmitted via placenta or breast milk (P04),2013,3932181,42,0,0.01,0,1,Newborn affected by noxious influences transmitted via placenta or breast milk (P04)
#Newborn affected by noxious influences transmitted via placenta or breast milk (P04),2014,3988076,32,0,0.01,0,1,Newborn affected by noxious influences transmitted via placenta or breast milk (P04)
#Newborn affected by noxious influences transmitted via placenta or breast milk (P04),2015,3978497,51,0,0.01,0,1,Newborn affected by noxious influences transmitted via placenta or breast milk (P04)
#Newborn affected by noxious influences transmitted via placenta or breast milk (P04),2016,3945875,47,0,0.01,0,1,Newborn affected by noxious influences transmitted via placenta or breast milk (P04)
#Newborn affected by noxious influences transmitted via placenta or breast milk (P04),2017,3855500,57,0,0.01,0,1,Newborn affected by noxious influences transmitted via placenta or breast milk (P04)
#Newborn affected by noxious influences transmitted via placenta or breast milk (P04),2018,3791712,68,0,0.02,0,1,Newborn affected by noxious influences transmitted via placenta or breast milk (P04)
#Newborn affected by noxious influences transmitted via placenta or breast milk (P04),2019,3747540,32,0,0.01,0,1,Newborn affected by noxious influences transmitted via placenta or breast milk (P04)
#Newborn affected by noxious influences transmitted via placenta or breast milk (P04),2020,3613647,50,0,0.01,0,1,Newborn affected by noxious influences transmitted via placenta or breast milk (P04)
#Newborn affected by noxious influences transmitted via placenta or breast milk (P04),2021,3664292,43,0,0.01,0,1,Newborn affected by noxious influences transmitted via placenta or breast milk (P04)
#Newborn affected by noxious influences transmitted via placenta or breast milk (P04),2022,3667758,32,0,0.01,0,1,Newborn affected by noxious influences transmitted via placenta or breast milk (P04)
#Newborn affected by noxious influences transmitted via placenta or breast milk (P04),2023,3596017,30,0,0.01,0,1,Newborn affected by noxious influences transmitted via placenta or breast milk (P04)
#Slow fetal growth and fetal malnutrition (P05),2007,4316233,106,0,0.02,0,1,Slow fetal growth and fetal malnutrition (P05)
#Slow fetal growth and fetal malnutrition (P05),2008,4247726,81,0,0.02,0,1,Slow fetal growth and fetal malnutrition (P05)
#Slow fetal growth and fetal malnutrition (P05),2009,4130665,88,0,0.02,0,1,Slow fetal growth and fetal malnutrition (P05)
#Slow fetal growth and fetal malnutrition (P05),2010,3999386,86,0,0.02,0,1,Slow fetal growth and fetal malnutrition (P05)
#Slow fetal growth and fetal malnutrition (P05),2011,3953590,86,0,0.02,0,1,Slow fetal growth and fetal malnutrition (P05)
#Slow fetal growth and fetal malnutrition (P05),2012,3952841,88,0,0.02,0,1,Slow fetal growth and fetal malnutrition (P05)
#Slow fetal growth and fetal malnutrition (P05),2013,3932181,111,0,0.03,0,1,Slow fetal growth and fetal malnutrition (P05)
#Slow fetal growth and fetal malnutrition (P05),2014,3988076,107,0,0.03,0,1,Slow fetal growth and fetal malnutrition (P05)
#Slow fetal growth and fetal malnutrition (P05),2015,3978497,113,0,0.03,0,1,Slow fetal growth and fetal malnutrition (P05)
#Slow fetal growth and fetal malnutrition (P05),2016,3945875,103,0,0.03,0,1,Slow fetal growth and fetal malnutrition (P05)
#Slow fetal growth and fetal malnutrition (P05),2017,3855500,103,0,0.03,0,1,Slow fetal growth and fetal malnutrition (P05)
#Slow fetal growth and fetal malnutrition (P05),2018,3791712,117,0,0.03,0,1,Slow fetal growth and fetal malnutrition (P05)
#Slow fetal growth and fetal malnutrition (P05),2019,3747540,111,0,0.03,0,1,Slow fetal growth and fetal malnutrition (P05)
#Slow fetal growth and fetal malnutrition (P05),2020,3613647,94,0,0.03,0,1,Slow fetal growth and fetal malnutrition (P05)
#Slow fetal growth and fetal malnutrition (P05),2021,3664292,90,0,0.02,0,1,Slow fetal growth and fetal malnutrition (P05)
#Slow fetal growth and fetal malnutrition (P05),2022,3667758,86,0,0.02,0,1,Slow fetal growth and fetal malnutrition (P05)
#Slow fetal growth and fetal malnutrition (P05),2023,3596017,103,0,0.03,0,1,Slow fetal growth and fetal malnutrition (P05)
"#Disorders related to short gestation and low birth weight, not elsewhere classified (P07)",2007,4316233,4863,0,1.13,0,1,"Disorders related to short gestation and low birth weight, not elsewhere classified (P07)"
"#Disorders related to short gestation and low birth weight, not elsewhere classified (P07)",2008,4247726,4757,0,1.12,0,1,"Disorders related to short gestation and low birth weight, not elsewhere classified (P07)"
"#Disorders related to short gestation and low birth weight, not elsewhere classified (P07)",2009,4130665,4528,0,1.1,0,1,"Disorders related to short gestation and low birth weight, not elsewhere classified (P07)"
"#Disorders related to short gestation and low birth weight, not elsewhere classified (P07)",2010,3999386,4151,0,1.04,0,1,"Disorders related to short gestation and low birth weight, not elsewhere classified (P07)"
"#Disorders related to short gestation and low birth weight, not elsewhere classified (P07)",2011,3953590,4115,0,1.04,0,1,"Disorders related to short gestation and low birth weight, not elsewhere classified (P07)"
"#Disorders related to short gestation and low birth weight, not elsewhere classified (P07)",2012,3952841,4214,0,1.07,0,1,"Disorders related to short gestation and low birth weight, not elsewhere classified (P07)"
"#Disorders related to short gestation and low birth weight, not elsewhere classified (P07)",2013,3932181,4213,0,1.07,0,1,"Disorders related to short gestation and low birth weight, not elsewhere classified (P07)"
"#Disorders related to short gestation and low birth weight, not elsewhere classified (P07)",2014,3988076,4172,0,1.05,0,1,"Disorders related to short gestation and low birth weight, not elsewhere classified (P07)"
"#Disorders related to short gestation and low birth weight, not elsewhere classified (P07)",2015,3978497,4087,0,1.03,0,1,"Disorders related to short gestation and low birth weight, not elsewhere classified (P07)"
"#Disorders related to short gestation and low birth weight, not elsewhere classified (P07)",2016,3945875,3926,0,0.99,0,1,"Disorders related to short gestation and low birth weight, not elsewhere classified (P07)"
"#Disorders related to short gestation and low birth weight, not elsewhere classified (P07)",2017,3855500,3757,0,0.97,0,1,"Disorders related to short gestation and low birth weight, not elsewhere classified (P07)"
"#Disorders related to short gestation and low birth weight, not elsewhere classified (P07)",2018,3791712,3683,0,0.97,0,1,"Disorders related to short gestation and low birth weight, not elsewhere classified (P07)"
"#Disorders related to short gestation and low birth weight, not elsewhere classified (P07)",2019,3747540,3460,0,0.92,0,1,"Disorders related to short gestation and low birth weight, not elsewhere classified (P07)"
"#Disorders related to short gestation and low birth weight, not elsewhere classified (P07)",2020,3613647,3152,0,0.87,0,1,"Disorders related to short gestation and low birth weight, not elsewhere classified (P07)"
"#Disorders related to short gestation and low birth weight, not elsewhere classified (P07)",2021,3664292,2957,0,0.81,0,1,"Disorders related to short gestation and low birth weight, not elsewhere classified (P07)"
"#Disorders related to short gestation and low birth weight, not elsewhere classified (P07)",2022,3667758,2884,0,0.79,0,1,"Disorders related to short gestation and low birth weight, not elsewhere classified (P07)"
"#Disorders related to short gestation and low birth weight, not elsewhere classified (P07)",2023,3596017,2927,0,0.81,0,1,"Disorders related to short gestation and low birth weight, not elsewhere classified (P07)"
#Disorders related to long gestation and high birth weight (P08),2007,4316233,0,0,0,0,1,Disorders related to long gestation and high birth weight (P08)
#Disorders related to long gestation and high birth weight (P08),2008,4247726,0,0,0,0,1,Disorders related to long gestation and high birth weight (P08)
#Disorders related to long gestation and high birth weight (P08),2009,4130665,0,0,0,0,1,Disorders related to long gestation and high birth weight (P08)
#Disorders related to long gestation and high birth weight (P08),2010,3999386,0,0,0,0,1,Disorders related to long gestation and high birth weight (P08)
#Disorders related to long gestation and high birth weight (P08),2011,3953590,0,0,0,0,1,Disorders related to long gestation and high birth weight (P08)
#Disorders related to long gestation and high birth weight (P08),2012,3952841,0,0,0,0,1,Disorders related to long gestation and high birth weight (P08)
#Disorders related to long gestation and high birth weight (P08),2013,3932181,0,0,0,0,1,Disorders related to long gestation and high birth weight (P08)
#Disorders related to long gestation and high birth weight (P08),2014,3988076,,1,,0,1,Disorders related to long gestation and high birth weight (P08)
#Disorders related to long gestation and high birth weight (P08),2015,3978497,,1,,0,1,Disorders related to long gestation and high birth weight (P08)
#Disorders related to long gestation and high birth weight (P08),2016,3945875,0,0,0,0,1,Disorders related to long gestation and high birth weight (P08)
#Disorders related to long gestation and high birth weight (P08),2017,3855500,0,0,0,0,1,Disorders related to long gestation and high birth weight (P08)
#Disorders related to long gestation and high birth weight (P08),2018,3791712,0,0,0,0,1,Disorders related to long gestation and high birth weight (P08)
#Disorders related to long gestation and high birth weight (P08),2019,3747540,0,0,0,0,1,Disorders related to long gestation and high birth weight (P08)
#Disorders related to long gestation and high birth weight (P08),2020,3613647,0,0,0,0,1,Disorders related to long gestation and high birth weight (P08)
#Disorders related to long gestation and high birth weight (P08),2021,3664292,,1,,0,1,Disorders related to long gestation and high birth weight (P08)
#Disorders related to long gestation and high birth weight (P08),2022,3667758,0,0,0,0,1,Disorders related to long gestation and high birth weight (P08)
#Disorders related to long gestation and high birth weight (P08),2023,3596017,,1,,0,1,Disorders related to long gestation and high birth weight (P08)
#Birth trauma (P10-P15),2007,4316233,12,0,0,1,1,Birth trauma (P10-P15)
#Birth trauma (P10-P15),2008,4247726,18,0,0,1,1,Birth trauma (P10-P15)
#Birth trauma (P10-P15),2009,4130665,16,0,0,1,1,Birth trauma (P10-P15)
#Birth trauma (P10-P15),2010,3999386,19,0,0,1,1,Birth trauma (P10-P15)
#Birth trauma (P10-P15),2011,3953590,17,0,0,1,1,Birth trauma (P10-P15)
#Birth trauma (P10-P15),2012,3952841,17,0,0,1,1,Birth trauma (P10-P15)
#Birth trauma (P10-P15),2013,3932181,,1,,0,1,Birth trauma (P10-P15)
#Birth trauma (P10-P15),2014,3988076,13,0,0,1,1,Birth trauma (P10-P15)
#Birth trauma (P10-P15),2015,3978497,13,0,0,1,1,Birth trauma (P10-P15)
#Birth trauma (P10-P15),2016,3945875,16,0,0,1,1,Birth trauma (P10-P15)
#Birth trauma (P10-P15),2017,3855500,12,0,0,1,1,Birth trauma (P10-P15)
#Birth trauma (P10-P15),2018,3791712,12,0,0,1,1,Birth trauma (P10-P15)
#Birth trauma (P10-P15),2019,3747540,13,0,0,1,1,Birth trauma (P10-P15)
#Birth trauma (P10-P15),2020,3613647,,1,,0,1,Birth trauma (P10-P15)
#Birth trauma (P10-P15),2021,3664292,11,0,0,1,1,Birth trauma (P10-P15)
#Birth trauma (P10-P15),2022,3667758,19,0,0.01,1,1,Birth trauma (P10-P15)
#Birth trauma (P10-P15),2023,3596017,21,0,0.01,0,1,Birth trauma (P10-P15)
#Intrauterine hypoxia and birth asphyxia (P20-P21),2007,4316233,352,0,0.08,0,1,Intrauterine hypoxia and birth asphyxia (P20-P21)
#Intrauterine hypoxia and birth asphyxia (P20-P21),2008,4247726,378,0,0.09,0,1,Intrauterine hypoxia and birth asphyxia (P20-P21)
#Intrauterine hypoxia and birth asphyxia (P20-P21),2009,4130665,316,0,0.08,0,1,Intrauterine hypoxia and birth asphyxia (P20-P21)
#Intrauterine hypoxia and birth asphyxia (P20-P21),2010,3999386,315,0,0.08,0,1,Intrauterine hypoxia and birth asphyxia (P20-P21)
#Intrauterine hypoxia and birth asphyxia (P20-P21),2011,3953590,312,0,0.08,0,1,Intrauterine hypoxia and birth asphyxia (P20-P21)
#Intrauterine hypoxia and birth asphyxia (P20-P21),2012,3952841,318,0,0.08,0,1,Intrauterine hypoxia and birth asphyxia (P20-P21)
#Intrauterine hypoxia and birth asphyxia (P20-P21),2013,3932181,316,0,0.08,0,1,Intrauterine hypoxia and birth asphyxia (P20-P21)
#Intrauterine hypoxia and birth asphyxia (P20-P21),2014,3988076,326,0,0.08,0,1,Intrauterine hypoxia and birth asphyxia (P20-P21)
#Intrauterine hypoxia and birth asphyxia (P20-P21),2015,3978497,315,0,0.08,0,1,Intrauterine hypoxia and birth asphyxia (P20-P21)
#Intrauterine hypoxia and birth asphyxia (P20-P21),2016,3945875,340,0,0.09,0,1,Intrauterine hypoxia and birth asphyxia (P20-P21)
#Intrauterine hypoxia and birth asphyxia (P20-P21),2017,3855500,326,0,0.08,0,1,Intrauterine hypoxia and birth asphyxia (P20-P21)
#Intrauterine hypoxia and birth asphyxia (P20-P21),2018,3791712,311,0,0.08,0,1,Intrauterine hypoxia and birth asphyxia (P20-P21)
#Intrauterine hypoxia and birth asphyxia (P20-P21),2019,3747540,337,0,0.09,0,1,Intrauterine hypoxia and birth asphyxia (P20-P21)
#Intrauterine hypoxia and birth asphyxia (P20-P21),2020,3613647,306,0,0.08,0,1,Intrauterine hypoxia and birth asphyxia (P20-P21)
#Intrauterine hypoxia and birth asphyxia (P20-P21),2021,3664292,360,0,0.1,0,1,Intrauterine hypoxia and birth asphyxia (P20-P21)
#Intrauterine hypoxia and birth asphyxia (P20-P21),2022,3667758,362,0,0.1,0,1,Intrauterine hypoxia and birth asphyxia (P20-P21)
#Intrauterine hypoxia and birth asphyxia (P20-P21),2023,3596017,363,0,0.1,0,1,Intrauterine hypoxia and birth asphyxia (P20-P21)
#Respiratory distress of newborn (P22),2007,4316233,800,0,0.19,0,1,Respiratory distress of newborn (P22)
#Respiratory distress of newborn (P22),2008,4247726,636,0,0.15,0,1,Respiratory distress of newborn (P22)
#Respiratory distress of newborn (P22),2009,4130665,595,0,0.14,0,1,Respiratory distress of newborn (P22)
#Respiratory distress of newborn (P22),2010,3999386,518,0,0.13,0,1,Respiratory distress of newborn (P22)
#Respiratory distress of newborn (P22),2011,3953590,520,0,0.13,0,1,Respiratory distress of newborn (P22)
#Respiratory distress of newborn (P22),2012,3952841,504,0,0.13,0,1,Respiratory distress of newborn (P22)
#Respiratory distress of newborn (P22),2013,3932181,528,0,0.13,0,1,Respiratory distress of newborn (P22)
#Respiratory distress of newborn (P22),2014,3988076,462,0,0.12,0,1,Respiratory distress of newborn (P22)
#Respiratory distress of newborn (P22),2015,3978497,462,0,0.12,0,1,Respiratory distress of newborn (P22)
#Respiratory distress of newborn (P22),2016,3945875,491,0,0.12,0,1,Respiratory distress of newborn (P22)
#Respiratory distress of newborn (P22),2017,3855500,441,0,0.11,0,1,Respiratory distress of newborn (P22)
#Respiratory distress of newborn (P22),2018,3791712,391,0,0.1,0,1,Respiratory distress of newborn (P22)
#Respiratory distress of newborn (P22),2019,3747540,429,0,0.11,0,1,Respiratory distress of newborn (P22)
#Respiratory distress of newborn (P22),2020,3613647,389,0,0.11,0,1,Respiratory distress of newborn (P22)
#Respiratory distress of newborn (P22),2021,3664292,413,0,0.11,0,1,Respiratory distress of newborn (P22)
#Respiratory distress of newborn (P22),2022,3667758,458,0,0.12,0,1,Respiratory distress of newborn (P22)
#Respiratory distress of newborn (P22),2023,3596017,453,0,0.13,0,1,Respiratory distress of newborn (P22)
#Congenital pneumonia (P23),2007,4316233,104,0,0.02,0,1,Congenital pneumonia (P23)
#Congenital pneumonia (P23),2008,4247726,73,0,0.02,0,1,Congenital pneumonia (P23)
#Congenital pneumonia (P23),2009,4130665,94,0,0.02,0,1,Congenital pneumonia (P23)
#Congenital pneumonia (P23),2010,3999386,71,0,0.02,0,1,Congenital pneumonia (P23)
#Congenital pneumonia (P23),2011,3953590,70,0,0.02,0,1,Congenital pneumonia (P23)
#Congenital pneumonia (P23),2012,3952841,61,0,0.02,0,1,Congenital pneumonia (P23)
#Congenital pneumonia (P23),2013,3932181,54,0,0.01,0,1,Congenital pneumonia (P23)
#Congenital pneumonia (P23),2014,3988076,55,0,0.01,0,1,Congenital pneumonia (P23)
#Congenital pneumonia (P23),2015,3978497,48,0,0.01,0,1,Congenital pneumonia (P23)
#Congenital pneumonia (P23),2016,3945875,52,0,0.01,0,1,Congenital pneumonia (P23)
#Congenital pneumonia (P23),2017,3855500,37,0,0.01,0,1,Congenital pneumonia (P23)
#Congenital pneumonia (P23),2018,3791712,47,0,0.01,0,1,Congenital pneumonia (P23)
#Congenital pneumonia (P23),2019,3747540,47,0,0.01,0,1,Congenital pneumonia (P23)
#Congenital pneumonia (P23),2020,3613647,34,0,0.01,0,1,Congenital pneumonia (P23)
#Congenital pneumonia (P23),2021,3664292,41,0,0.01,0,1,Congenital pneumonia (P23)
#Congenital pneumonia (P23),2022,3667758,55,0,0.01,0,1,Congenital pneumonia (P23)
#Congenital pneumonia (P23),2023,3596017,53,0,0.01,0,1,Congenital pneumonia (P23)
#Neonatal aspiration syndromes (P24),2007,4316233,50,0,0.01,0,1,Neonatal aspiration syndromes (P24)
#Neonatal aspiration syndromes (P24),2008,4247726,57,0,0.01,0,1,Neonatal aspiration syndromes (P24)
#Neonatal aspiration syndromes (P24),2009,4130665,45,0,0.01,0,1,Neonatal aspiration syndromes (P24)
#Neonatal aspiration syndromes (P24),2010,3999386,51,0,0.01,0,1,Neonatal aspiration syndromes (P24)
#Neonatal aspiration syndromes (P24),2011,3953590,48,0,0.01,0,1,Neonatal aspiration syndromes (P24)
#Neonatal aspiration syndromes (P24),2012,3952841,35,0,0.01,0,1,Neonatal aspiration syndromes (P24)
#Neonatal aspiration syndromes (P24),2013,3932181,41,0,0.01,0,1,Neonatal aspiration syndromes (P24)
#Neonatal aspiration syndromes (P24),2014,3988076,60,0,0.02,0,1,Neonatal aspiration syndromes (P24)
#Neonatal aspiration syndromes (P24),2015,3978497,46,0,0.01,0,1,Neonatal aspiration syndromes (P24)
#Neonatal aspiration syndromes (P24),2016,3945875,42,0,0.01,0,1,Neonatal aspiration syndromes (P24)
#Neonatal aspiration syndromes (P24),2017,3855500,48,0,0.01,0,1,Neonatal aspiration syndromes (P24)
#Neonatal aspiration syndromes (P24),2018,3791712,48,0,0.01,0,1,Neonatal aspiration syndromes (P24)
#Neonatal aspiration syndromes (P24),2019,3747540,38,0,0.01,0,1,Neonatal aspiration syndromes (P24)
#Neonatal aspiration syndromes (P24),2020,3613647,28,0,0.01,0,1,Neonatal aspiration syndromes (P24)
#Neonatal aspiration syndromes (P24),2021,3664292,43,0,0.01,0,1,Neonatal aspiration syndromes (P24)
#Neonatal aspiration syndromes (P24),2022,3667758,46,0,0.01,0,1,Neonatal aspiration syndromes (P24)
#Neonatal aspiration syndromes (P24),2023,3596017,57,0,0.02,0,1,Neonatal aspiration syndromes (P24)
#Interstitial emphysema and related conditions originating in the perinatal period (P25),2007,4316233,126,0,0.03,0,1,Interstitial emphysema and related conditions originating in the perinatal period (P25)
#Interstitial emphysema and related conditions originating in the perinatal period (P25),2008,4247726,124,0,0.03,0,1,Interstitial emphysema and related conditions originating in the perinatal period (P25)
#Interstitial emphysema and related conditions originating in the perinatal period (P25),2009,4130665,115,0,0.03,0,1,Interstitial emphysema and related conditions originating in the perinatal period (P25)
#Interstitial emphysema and related conditions originating in the perinatal period (P25),2010,3999386,107,0,0.03,0,1,Interstitial emphysema and related conditions originating in the perinatal period (P25)
#Interstitial emphysema and related conditions originating in the perinatal period (P25),2011,3953590,87,0,0.02,0,1,Interstitial emphysema and related conditions originating in the perinatal period (P25)
#Interstitial emphysema and related conditions originating in the perinatal period (P25),2012,3952841,88,0,0.02,0,1,Interstitial emphysema and related conditions originating in the perinatal period (P25)
#Interstitial emphysema and related conditions originating in the perinatal period (P25),2013,3932181,97,0,0.02,0,1,Interstitial emphysema and related conditions originating in the perinatal period (P25)
#Interstitial emphysema and related conditions originating in the perinatal period (P25),2014,3988076,89,0,0.02,0,1,Interstitial emphysema and related conditions originating in the perinatal period (P25)
#Interstitial emphysema and related conditions originating in the perinatal period (P25),2015,3978497,92,0,0.02,0,1,Interstitial emphysema and related conditions originating in the perinatal period (P25)
#Interstitial emphysema and related conditions originating in the perinatal period (P25),2016,3945875,103,0,0.03,0,1,Interstitial emphysema and related conditions originating in the perinatal period (P25)
#Interstitial emphysema and related conditions originating in the perinatal period (P25),2017,3855500,65,0,0.02,0,1,Interstitial emphysema and related conditions originating in the perinatal period (P25)
#Interstitial emphysema and related conditions originating in the perinatal period (P25),2018,3791712,68,0,0.02,0,1,Interstitial emphysema and related conditions originating in the perinatal period (P25)
#Interstitial emphysema and related conditions originating in the perinatal period (P25),2019,3747540,91,0,0.02,0,1,Interstitial emphysema and related conditions originating in the perinatal period (P25)
#Interstitial emphysema and related conditions originating in the perinatal period (P25),2020,3613647,66,0,0.02,0,1,Interstitial emphysema and related conditions originating in the perinatal period (P25)
#Interstitial emphysema and related conditions originating in the perinatal period (P25),2021,3664292,63,0,0.02,0,1,Interstitial emphysema and related conditions originating in the perinatal period (P25)
#Interstitial emphysema and related conditions originating in the perinatal period (P25),2022,3667758,74,0,0.02,0,1,Interstitial emphysema and related conditions originating in the perinatal period (P25)
#Interstitial emphysema and related conditions originating in the perinatal period (P25),2023,3596017,66,0,0.02,0,1,Interstitial emphysema and related conditions originating in the perinatal period (P25)
#Pulmonary hemorrhage originating in the perinatal period (P26),2007,4316233,162,0,0.04,0,1,Pulmonary hemorrhage originating in the perinatal period (P26)
#Pulmonary hemorrhage originating in the perinatal period (P26),2008,4247726,198,0,0.05,0,1,Pulmonary hemorrhage originating in the perinatal period (P26)
#Pulmonary hemorrhage originating in the perinatal period (P26),2009,4130665,161,0,0.04,0,1,Pulmonary hemorrhage originating in the perinatal period (P26)
#Pulmonary hemorrhage originating in the perinatal period (P26),2010,3999386,168,0,0.04,0,1,Pulmonary hemorrhage originating in the perinatal period (P26)
#Pulmonary hemorrhage originating in the perinatal period (P26),2011,3953590,176,0,0.04,0,1,Pulmonary hemorrhage originating in the perinatal period (P26)
#Pulmonary hemorrhage originating in the perinatal period (P26),2012,3952841,174,0,0.04,0,1,Pulmonary hemorrhage originating in the perinatal period (P26)
#Pulmonary hemorrhage originating in the perinatal period (P26),2013,3932181,157,0,0.04,0,1,Pulmonary hemorrhage originating in the perinatal period (P26)
#Pulmonary hemorrhage originating in the perinatal period (P26),2014,3988076,157,0,0.04,0,1,Pulmonary hemorrhage originating in the perinatal period (P26)
#Pulmonary hemorrhage originating in the perinatal period (P26),2015,3978497,153,0,0.04,0,1,Pulmonary hemorrhage originating in the perinatal period (P26)
#Pulmonary hemorrhage originating in the perinatal period (P26),2016,3945875,178,0,0.05,0,1,Pulmonary hemorrhage originating in the perinatal period (P26)
#Pulmonary hemorrhage originating in the perinatal period (P26),2017,3855500,134,0,0.03,0,1,Pulmonary hemorrhage originating in the perinatal period (P26)
#Pulmonary hemorrhage originating in the perinatal period (P26),2018,3791712,153,0,0.04,0,1,Pulmonary hemorrhage originating in the perinatal period (P26)
#Pulmonary hemorrhage originating in the perinatal period (P26),2019,3747540,136,0,0.04,0,1,Pulmonary hemorrhage originating in the perinatal period (P26)
#Pulmonary hemorrhage originating in the perinatal period (P26),2020,3613647,122,0,0.03,0,1,Pulmonary hemorrhage originating in the perinatal period (P26)
#Pulmonary hemorrhage originating in the perinatal period (P26),2021,3664292,146,0,0.04,0,1,Pulmonary hemorrhage originating in the perinatal period (P26)
#Pulmonary hemorrhage originating in the perinatal period (P26),2022,3667758,139,0,0.04,0,1,Pulmonary hemorrhage originating in the perinatal period (P26)
#Pulmonary hemorrhage originating in the perinatal period (P26),2023,3596017,191,0,0.05,0,1,Pulmonary hemorrhage originating in the perinatal period (P26)
#Chronic respiratory disease originating in the perinatal period (P27),2007,4316233,243,0,0.06,0,1,Chronic respiratory disease originating in the perinatal period (P27)
#Chronic respiratory disease originating in the perinatal period (P27),2008,4247726,237,0,0.06,0,1,Chronic respiratory disease originating in the perinatal period (P27)
#Chronic respiratory disease originating in the perinatal period (P27),2009,4130665,185,0,0.04,0,1,Chronic respiratory disease originating in the perinatal period (P27)
#Chronic respiratory disease originating in the perinatal period (P27),2010,3999386,107,0,0.03,0,1,Chronic respiratory disease originating in the perinatal period (P27)
#Chronic respiratory disease originating in the perinatal period (P27),2011,3953590,105,0,0.03,0,1,Chronic respiratory disease originating in the perinatal period (P27)
#Chronic respiratory disease originating in the perinatal period (P27),2012,3952841,118,0,0.03,0,1,Chronic respiratory disease originating in the perinatal period (P27)
#Chronic respiratory disease originating in the perinatal period (P27),2013,3932181,104,0,0.03,0,1,Chronic respiratory disease originating in the perinatal period (P27)
#Chronic respiratory disease originating in the perinatal period (P27),2014,3988076,99,0,0.02,0,1,Chronic respiratory disease originating in the perinatal period (P27)
#Chronic respiratory disease originating in the perinatal period (P27),2015,3978497,114,0,0.03,0,1,Chronic respiratory disease originating in the perinatal period (P27)
#Chronic respiratory disease originating in the perinatal period (P27),2016,3945875,94,0,0.02,0,1,Chronic respiratory disease originating in the perinatal period (P27)
#Chronic respiratory disease originating in the perinatal period (P27),2017,3855500,121,0,0.03,0,1,Chronic respiratory disease originating in the perinatal period (P27)
#Chronic respiratory disease originating in the perinatal period (P27),2018,3791712,159,0,0.04,0,1,Chronic respiratory disease originating in the perinatal period (P27)
#Chronic respiratory disease originating in the perinatal period (P27),2019,3747540,157,0,0.04,0,1,Chronic respiratory disease originating in the perinatal period (P27)
#Chronic respiratory disease originating in the perinatal period (P27),2020,3613647,128,0,0.04,0,1,Chronic respiratory disease originating in the perinatal period (P27)
#Chronic respiratory disease originating in the perinatal period (P27),2021,3664292,126,0,0.03,0,1,Chronic respiratory disease originating in the perinatal period (P27)
#Chronic respiratory disease originating in the perinatal period (P27),2022,3667758,171,0,0.05,0,1,Chronic respiratory disease originating in the perinatal period (P27)
#Chronic respiratory disease originating in the perinatal period (P27),2023,3596017,128,0,0.04,0,1,Chronic respiratory disease originating in the perinatal period (P27)
#Atelectasis (P28.0-P28.1),2007,4316233,365,0,0.08,0,1,Atelectasis (P28.0-P28.1)
#Atelectasis (P28.0-P28.1),2008,4247726,338,0,0.08,0,1,Atelectasis (P28.0-P28.1)
#Atelectasis (P28.0-P28.1),2009,4130665,283,0,0.07,0,1,Atelectasis (P28.0-P28.1)
#Atelectasis (P28.0-P28.1),2010,3999386,250,0,0.06,0,1,Atelectasis (P28.0-P28.1)
#Atelectasis (P28.0-P28.1),2011,3953590,272,0,0.07,0,1,Atelectasis (P28.0-P28.1)
#Atelectasis (P28.0-P28.1),2012,3952841,257,0,0.07,0,1,Atelectasis (P28.0-P28.1)
#Atelectasis (P28.0-P28.1),2013,3932181,255,0,0.06,0,1,Atelectasis (P28.0-P28.1)
#Atelectasis (P28.0-P28.1),2014,3988076,240,0,0.06,0,1,Atelectasis (P28.0-P28.1)
#Atelectasis (P28.0-P28.1),2015,3978497,271,0,0.07,0,1,Atelectasis (P28.0-P28.1)
#Atelectasis (P28.0-P28.1),2016,3945875,277,0,0.07,0,1,Atelectasis (P28.0-P28.1)
#Atelectasis (P28.0-P28.1),2017,3855500,257,0,0.07,0,1,Atelectasis (P28.0-P28.1)
#Atelectasis (P28.0-P28.1),2018,3791712,215,0,0.06,0,1,Atelectasis (P28.0-P28.1)
#Atelectasis (P28.0-P28.1),2019,3747540,250,0,0.07,0,1,Atelectasis (P28.0-P28.1)
#Atelectasis (P28.0-P28.1),2020,3613647,248,0,0.07,0,1,Atelectasis (P28.0-P28.1)
#Atelectasis (P28.0-P28.1),2021,3664292,244,0,0.07,0,1,Atelectasis (P28.0-P28.1)
#Atelectasis (P28.0-P28.1),2022,3667758,289,0,0.08,0,1,Atelectasis (P28.0-P28.1)
#Atelectasis (P28.0-P28.1),2023,3596017,308,0,0.09,0,1,Atelectasis (P28.0-P28.1)
#Bacterial sepsis of newborn (P36),2007,4316233,828,0,0.19,0,1,Bacterial sepsis of newborn (P36)
#Bacterial sepsis of newborn (P36),2008,4247726,702,0,0.17,0,1,Bacterial sepsis of newborn (P36)
#Bacterial sepsis of newborn (P36),2009,4130665,654,0,0.16,0,1,Bacterial sepsis of newborn (P36)
#Bacterial sepsis of newborn (P36),2010,3999386,588,0,0.15,0,1,Bacterial sepsis of newborn (P36)
#Bacterial sepsis of newborn (P36),2011,3953590,533,0,0.13,0,1,Bacterial sepsis of newborn (P36)
#Bacterial sepsis of newborn (P36),2012,3952841,565,0,0.14,0,1,Bacterial sepsis of newborn (P36)
#Bacterial sepsis of newborn (P36),2013,3932181,582,0,0.15,0,1,Bacterial sepsis of newborn (P36)
#Bacterial sepsis of newborn (P36),2014,3988076,547,0,0.14,0,1,Bacterial sepsis of newborn (P36)
#Bacterial sepsis of newborn (P36),2015,3978497,599,0,0.15,0,1,Bacterial sepsis of newborn (P36)
#Bacterial sepsis of newborn (P36),2016,3945875,584,0,0.15,0,1,Bacterial sepsis of newborn (P36)
#Bacterial sepsis of newborn (P36),2017,3855500,593,0,0.15,0,1,Bacterial sepsis of newborn (P36)
#Bacterial sepsis of newborn (P36),2018,3791712,582,0,0.15,0,1,Bacterial sepsis of newborn (P36)
#Bacterial sepsis of newborn (P36),2019,3747540,607,0,0.16,0,1,Bacterial sepsis of newborn (P36)
#Bacterial sepsis of newborn (P36),2020,3613647,543,0,0.15,0,1,Bacterial sepsis of newborn (P36)
#Bacterial sepsis of newborn (P36),2021,3664292,560,0,0.15,0,1,Bacterial sepsis of newborn (P36)
#Bacterial sepsis of newborn (P36),2022,3667758,640,0,0.17,0,1,Bacterial sepsis of newborn (P36)
#Bacterial sepsis of newborn (P36),2023,3596017,626,0,0.17,0,1,Bacterial sepsis of newborn (P36)
#Omphalitis of newborn with or without mild hemorrhage (P38),2007,4316233,,1,,0,1,Omphalitis of newborn with or without mild hemorrhage (P38)
#Omphalitis of newborn with or without mild hemorrhage (P38),2008,4247726,,1,,0,1,Omphalitis of newborn with or without mild hemorrhage (P38)
#Omphalitis of newborn with or without mild hemorrhage (P38),2009,4130665,,1,,0,1,Omphalitis of newborn with or without mild hemorrhage (P38)
#Omphalitis of newborn with or without mild hemorrhage (P38),2010,3999386,,1,,0,1,Omphalitis of newborn with or without mild hemorrhage (P38)
#Omphalitis of newborn with or without mild hemorrhage (P38),2011,3953590,,1,,0,1,Omphalitis of newborn with or without mild hemorrhage (P38)
#Omphalitis of newborn with or without mild hemorrhage (P38),2012,3952841,,1,,0,1,Omphalitis of newborn with or without mild hemorrhage (P38)
#Omphalitis of newborn with or without mild hemorrhage (P38),2013,3932181,,1,,0,1,Omphalitis of newborn with or without mild hemorrhage (P38)
#Omphalitis of newborn with or without mild hemorrhage (P38),2014,3988076,,1,,0,1,Omphalitis of newborn with or without mild hemorrhage (P38)
#Omphalitis of newborn with or without mild hemorrhage (P38),2015,3978497,,1,,0,1,Omphalitis of newborn with or without mild hemorrhage (P38)
#Omphalitis of newborn with or without mild hemorrhage (P38),2016,3945875,,1,,0,1,Omphalitis of newborn with or without mild hemorrhage (P38)
#Omphalitis of newborn with or without mild hemorrhage (P38),2017,3855500,0,0,0,0,1,Omphalitis of newborn with or without mild hemorrhage (P38)
#Omphalitis of newborn with or without mild hemorrhage (P38),2018,3791712,0,0,0,0,1,Omphalitis of newborn with or without mild hemorrhage (P38)
#Omphalitis of newborn with or without mild hemorrhage (P38),2019,3747540,,1,,0,1,Omphalitis of newborn with or without mild hemorrhage (P38)
#Omphalitis of newborn with or without mild hemorrhage (P38),2020,3613647,,1,,0,1,Omphalitis of newborn with or without mild hemorrhage (P38)
#Omphalitis of newborn with or without mild hemorrhage (P38),2021,3664292,,1,,0,1,Omphalitis of newborn with or without mild hemorrhage (P38)
#Omphalitis of newborn with or without mild hemorrhage (P38),2022,3667758,0,0,0,0,1,Omphalitis of newborn with or without mild hemorrhage (P38)
#Omphalitis of newborn with or without mild hemorrhage (P38),2023,3596017,,1,,0,1,Omphalitis of newborn with or without mild hemorrhage (P38)
"#Neonatal hemorrhage (P50-P52,P54)",2007,4316233,604,0,0.14,0,1,"Neonatal hemorrhage (P50-P52,P54)"
"#Neonatal hemorrhage (P50-P52,P54)",2008,4247726,555,0,0.13,0,1,"Neonatal hemorrhage (P50-P52,P54)"
"#Neonatal hemorrhage (P50-P52,P54)",2009,4130665,519,0,0.13,0,1,"Neonatal hemorrhage (P50-P52,P54)"
"#Neonatal hemorrhage (P50-P52,P54)",2010,3999386,472,0,0.12,0,1,"Neonatal hemorrhage (P50-P52,P54)"
"#Neonatal hemorrhage (P50-P52,P54)",2011,3953590,461,0,0.12,0,1,"Neonatal hemorrhage (P50-P52,P54)"
"#Neonatal hemorrhage (P50-P52,P54)",2012,3952841,425,0,0.11,0,1,"Neonatal hemorrhage (P50-P52,P54)"
"#Neonatal hemorrhage (P50-P52,P54)",2013,3932181,393,0,0.1,0,1,"Neonatal hemorrhage (P50-P52,P54)"
"#Neonatal hemorrhage (P50-P52,P54)",2014,3988076,444,0,0.11,0,1,"Neonatal hemorrhage (P50-P52,P54)"
"#Neonatal hemorrhage (P50-P52,P54)",2015,3978497,408,0,0.1,0,1,"Neonatal hemorrhage (P50-P52,P54)"
"#Neonatal hemorrhage (P50-P52,P54)",2016,3945875,400,0,0.1,0,1,"Neonatal hemorrhage (P50-P52,P54)"
"#Neonatal hemorrhage (P50-P52,P54)",2017,3855500,382,0,0.1,0,1,"Neonatal hemorrhage (P50-P52,P54)"
"#Neonatal hemorrhage (P50-P52,P54)",2018,3791712,377,0,0.1,0,1,"Neonatal hemorrhage (P50-P52,P54)"
"#Neonatal hemorrhage (P50-P52,P54)",2019,3747540,351,0,0.09,0,1,"Neonatal hemorrhage (P50-P52,P54)"
"#Neonatal hemorrhage (P50-P52,P54)",2020,3613647,319,0,0.09,0,1,"Neonatal hemorrhage (P50-P52,P54)"
"#Neonatal hemorrhage (P50-P52,P54)",2021,3664292,344,0,0.09,0,1,"Neonatal hemorrhage (P50-P52,P54)"
"#Neonatal hemorrhage (P50-P52,P54)",2022,3667758,337,0,0.09,0,1,"Neonatal hemorrhage (P50-P52,P54)"
"#Neonatal hemorrhage (P50-P52,P54)",2023,3596017,344,0,0.1,0,1,"Neonatal hemorrhage (P50-P52,P54)"
#Hemorrhagic disease of newborn (P53),2007,4316233,0,0,0,0,1,Hemorrhagic disease of newborn (P53)
#Hemorrhagic disease of newborn (P53),2008,4247726,,1,,0,1,Hemorrhagic disease of newborn (P53)
#Hemorrhagic disease of newborn (P53),2009,4130665,,1,,0,1,Hemorrhagic disease of newborn (P53)
#Hemorrhagic disease of newborn (P53),2010,3999386,,1,,0,1,Hemorrhagic disease of newborn (P53)
#Hemorrhagic disease of newborn (P53),2011,3953590,0,0,0,0,1,Hemorrhagic disease of newborn (P53)
#Hemorrhagic disease of newborn (P53),2012,3952841,0,0,0,0,1,Hemorrhagic disease of newborn (P53)
#Hemorrhagic disease of newborn (P53),2013,3932181,,1,,0,1,Hemorrhagic disease of newborn (P53)
#Hemorrhagic disease of newborn (P53),2014,3988076,,1,,0,1,Hemorrhagic disease of newborn (P53)
#Hemorrhagic disease of newborn (P53),2015,3978497,,1,,0,1,Hemorrhagic disease of newborn (P53)
#Hemorrhagic disease of newborn (P53),2016,3945875,,1,,0,1,Hemorrhagic disease of newborn (P53)
#Hemorrhagic disease of newborn (P53),2017,3855500,0,0,0,0,1,Hemorrhagic disease of newborn (P53)
#Hemorrhagic disease of newborn (P53),2018,3791712,,1,,0,1,Hemorrhagic disease of newborn (P53)
#Hemorrhagic disease of newborn (P53),2019,3747540,,1,,0,1,Hemorrhagic disease of newborn (P53)
#Hemorrhagic disease of newborn (P53),2020,3613647,0,0,0,0,1,Hemorrhagic disease of newborn (P53)
#Hemorrhagic disease of newborn (P53),2021,3664292,,1,,0,1,Hemorrhagic disease of newborn (P53)
#Hemorrhagic disease of newborn (P53),2022,3667758,0,0,0,0,1,Hemorrhagic disease of newborn (P53)
#Hemorrhagic disease of newborn (P53),2023,3596017,,1,,0,1,Hemorrhagic disease of newborn (P53)
#Hemolytic disease of newborn due to isoimmunization and other perinatal jaundice (P55-P59),2007,4316233,15,0,0,1,1,Hemolytic disease of newborn due to isoimmunization and other perinatal jaundice (P55-P59)
#Hemolytic disease of newborn due to isoimmunization and other perinatal jaundice (P55-P59),2008,4247726,10,0,0,1,1,Hemolytic disease of newborn due to isoimmunization and other perinatal jaundice (P55-P59)
#Hemolytic disease of newborn due to isoimmunization and other perinatal jaundice (P55-P59),2009,4130665,15,0,0,1,1,Hemolytic disease of newborn due to isoimmunization and other perinatal jaundice (P55-P59)
#Hemolytic disease of newborn due to isoimmunization and other perinatal jaundice (P55-P59),2010,3999386,,1,,0,1,Hemolytic disease of newborn due to isoimmunization and other perinatal jaundice (P55-P59)
#Hemolytic disease of newborn due to isoimmunization and other perinatal jaundice (P55-P59),2011,3953590,18,0,0,1,1,Hemolytic disease of newborn due to isoimmunization and other perinatal jaundice (P55-P59)
#Hemolytic disease of newborn due to isoimmunization and other perinatal jaundice (P55-P59),2012,3952841,12,0,0,1,1,Hemolytic disease of newborn due to isoimmunization and other perinatal jaundice (P55-P59)
#Hemolytic disease of newborn due to isoimmunization and other perinatal jaundice (P55-P59),2013,3932181,15,0,0,1,1,Hemolytic disease of newborn due to isoimmunization and other perinatal jaundice (P55-P59)
#Hemolytic disease of newborn due to isoimmunization and other perinatal jaundice (P55-P59),2014,3988076,10,0,0,1,1,Hemolytic disease of newborn due to isoimmunization and other perinatal jaundice (P55-P59)
#Hemolytic disease of newborn due to isoimmunization and other perinatal jaundice (P55-P59),2015,3978497,,1,,0,1,Hemolytic disease of newborn due to isoimmunization and other perinatal jaundice (P55-P59)
#Hemolytic disease of newborn due to isoimmunization and other perinatal jaundice (P55-P59),2016,3945875,19,0,0,1,1,Hemolytic disease of newborn due to isoimmunization and other perinatal jaundice (P55-P59)
#Hemolytic disease of newborn due to isoimmunization and other perinatal jaundice (P55-P59),2017,3855500,11,0,0,1,1,Hemolytic disease of newborn due to isoimmunization and other perinatal jaundice (P55-P59)
#Hemolytic disease of newborn due to isoimmunization and other perinatal jaundice (P55-P59),2018,3791712,10,0,0,1,1,Hemolytic disease of newborn due to isoimmunization and other perinatal jaundice (P55-P59)
#Hemolytic disease of newborn due to isoimmunization and other perinatal jaundice (P55-P59),2019,3747540,16,0,0,1,1,Hemolytic disease of newborn due to isoimmunization and other perinatal jaundice (P55-P59)
#Hemolytic disease of newborn due to isoimmunization and other perinatal jaundice (P55-P59),2020,3613647,,1,,0,1,Hemolytic disease of newborn due to isoimmunization and other perinatal jaundice (P55-P59)
#Hemolytic disease of newborn due to isoimmunization and other perinatal jaundice (P55-P59),2021,3664292,,1,,0,1,Hemolytic disease of newborn due to isoimmunization and other perinatal jaundice (P55-P59)
#Hemolytic disease of newborn due to isoimmunization and other perinatal jaundice (P55-P59),2022,3667758,11,0,0,1,1,Hemolytic disease of newborn due to isoimmunization and other perinatal jaundice (P55-P59)
#Hemolytic disease of newborn due to isoimmunization and other perinatal jaundice (P55-P59),2023,3596017,14,0,0,1,1,Hemolytic disease of newborn due to isoimmunization and other perinatal jaundice (P55-P59)
#Hematological disorders (P60-P61),2007,4316233,101,0,0.02,0,1,Hematological disorders (P60-P61)
#Hematological disorders (P60-P61),2008,4247726,82,0,0.02,0,1,Hematological disorders (P60-P61)
#Hematological disorders (P60-P61),2009,4130665,91,0,0.02,0,1,Hematological disorders (P60-P61)
#Hematological disorders (P60-P61),2010,3999386,78,0,0.02,0,1,Hematological disorders (P60-P61)
#Hematological disorders (P60-P61),2011,3953590,83,0,0.02,0,1,Hematological disorders (P60-P61)
#Hematological disorders (P60-P61),2012,3952841,81,0,0.02,0,1,Hematological disorders (P60-P61)
#Hematological disorders (P60-P61),2013,3932181,88,0,0.02,0,1,Hematological disorders (P60-P61)
#Hematological disorders (P60-P61),2014,3988076,105,0,0.03,0,1,Hematological disorders (P60-P61)
#Hematological disorders (P60-P61),2015,3978497,104,0,0.03,0,1,Hematological disorders (P60-P61)
#Hematological disorders (P60-P61),2016,3945875,95,0,0.02,0,1,Hematological disorders (P60-P61)
#Hematological disorders (P60-P61),2017,3855500,109,0,0.03,0,1,Hematological disorders (P60-P61)
#Hematological disorders (P60-P61),2018,3791712,91,0,0.02,0,1,Hematological disorders (P60-P61)
#Hematological disorders (P60-P61),2019,3747540,94,0,0.03,0,1,Hematological disorders (P60-P61)
#Hematological disorders (P60-P61),2020,3613647,112,0,0.03,0,1,Hematological disorders (P60-P61)
#Hematological disorders (P60-P61),2021,3664292,97,0,0.03,0,1,Hematological disorders (P60-P61)
#Hematological disorders (P60-P61),2022,3667758,131,0,0.04,0,1,Hematological disorders (P60-P61)
#Hematological disorders (P60-P61),2023,3596017,94,0,0.03,0,1,Hematological disorders (P60-P61)
#Syndrome of infant of a diabetic mother and neonatal diabetes mellitus (P70.0-P70.2),2007,4316233,14,0,0,1,1,Syndrome of infant of a diabetic mother and neonatal diabetes mellitus (P70.0-P70.2)
#Syndrome of infant of a diabetic mother and neonatal diabetes mellitus (P70.0-P70.2),2008,4247726,10,0,0,1,1,Syndrome of infant of a diabetic mother and neonatal diabetes mellitus (P70.0-P70.2)
#Syndrome of infant of a diabetic mother and neonatal diabetes mellitus (P70.0-P70.2),2009,4130665,11,0,0,1,1,Syndrome of infant of a diabetic mother and neonatal diabetes mellitus (P70.0-P70.2)
#Syndrome of infant of a diabetic mother and neonatal diabetes mellitus (P70.0-P70.2),2010,3999386,,1,,0,1,Syndrome of infant of a diabetic mother and neonatal diabetes mellitus (P70.0-P70.2)
#Syndrome of infant of a diabetic mother and neonatal diabetes mellitus (P70.0-P70.2),2011,3953590,10,0,0,1,1,Syndrome of infant of a diabetic mother and neonatal diabetes mellitus (P70.0-P70.2)
#Syndrome of infant of a diabetic mother and neonatal diabetes mellitus (P70.0-P70.2),2012,3952841,,1,,0,1,Syndrome of infant of a diabetic mother and neonatal diabetes mellitus (P70.0-P70.2)
#Syndrome of infant of a diabetic mother and neonatal diabetes mellitus (P70.0-P70.2),2013,3932181,,1,,0,1,Syndrome of infant of a diabetic mother and neonatal diabetes mellitus (P70.0-P70.2)
#Syndrome of infant of a diabetic mother and neonatal diabetes mellitus (P70.0-P70.2),2014,3988076,,1,,0,1,Syndrome of infant of a diabetic mother and neonatal diabetes mellitus (P70.0-P70.2)
#Syndrome of infant of a diabetic mother and neonatal diabetes mellitus (P70.0-P70.2),2015,3978497,,1,,0,1,Syndrome of infant of a diabetic mother and neonatal diabetes mellitus (P70.0-P70.2)
#Syndrome of infant of a diabetic mother and neonatal diabetes mellitus (P70.0-P70.2),2016,3945875,14,0,0,1,1,Syndrome of infant of a diabetic mother and neonatal diabetes mellitus (P70.0-P70.2)
#Syndrome of infant of a diabetic mother and neonatal diabetes mellitus (P70.0-P70.2),2017,3855500,14,0,0,1,1,Syndrome of infant of a diabetic mother and neonatal diabetes mellitus (P70.0-P70.2)
#Syndrome of infant of a diabetic mother and neonatal diabetes mellitus (P70.0-P70.2),2018,3791712,,1,,0,1,Syndrome of infant of a diabetic mother and neonatal diabetes mellitus (P70.0-P70.2)
#Syndrome of infant of a diabetic mother and neonatal diabetes mellitus (P70.0-P70.2),2019,3747540,12,0,0,1,1,Syndrome of infant of a diabetic mother and neonatal diabetes mellitus (P70.0-P70.2)
#Syndrome of infant of a diabetic mother and neonatal diabetes mellitus (P70.0-P70.2),2020,3613647,,1,,0,1,Syndrome of infant of a diabetic mother and neonatal diabetes mellitus (P70.0-P70.2)
#Syndrome of infant of a diabetic mother and neonatal diabetes mellitus (P70.0-P70.2),2021,3664292,10,0,0,1,1,Syndrome of infant of a diabetic mother and neonatal diabetes mellitus (P70.0-P70.2)
#Syndrome of infant of a diabetic mother and neonatal diabetes mellitus (P70.0-P70.2),2022,3667758,11,0,0,1,1,Syndrome of infant of a diabetic mother and neonatal diabetes mellitus (P70.0-P70.2)
#Syndrome of infant of a diabetic mother and neonatal diabetes mellitus (P70.0-P70.2),2023,3596017,,1,,0,1,Syndrome of infant of a diabetic mother and neonatal diabetes mellitus (P70.0-P70.2)
#Necrotizing enterocolitis of newborn (P77),2007,4316233,556,0,0.13,0,1,Necrotizing enterocolitis of newborn (P77)
#Necrotizing enterocolitis of newborn (P77),2008,4247726,553,0,0.13,0,1,Necrotizing enterocolitis of newborn (P77)
#Necrotizing enterocolitis of newborn (P77),2009,4130665,483,0,0.12,0,1,Necrotizing enterocolitis of newborn (P77)
#Necrotizing enterocolitis of newborn (P77),2010,3999386,474,0,0.12,0,1,Necrotizing enterocolitis of newborn (P77)
#Necrotizing enterocolitis of newborn (P77),2011,3953590,397,0,0.1,0,1,Necrotizing enterocolitis of newborn (P77)
#Necrotizing enterocolitis of newborn (P77),2012,3952841,344,0,0.09,0,1,Necrotizing enterocolitis of newborn (P77)
#Necrotizing enterocolitis of newborn (P77),2013,3932181,357,0,0.09,0,1,Necrotizing enterocolitis of newborn (P77)
#Necrotizing enterocolitis of newborn (P77),2014,3988076,381,0,0.1,0,1,Necrotizing enterocolitis of newborn (P77)
#Necrotizing enterocolitis of newborn (P77),2015,3978497,364,0,0.09,0,1,Necrotizing enterocolitis of newborn (P77)
#Necrotizing enterocolitis of newborn (P77),2016,3945875,343,0,0.09,0,1,Necrotizing enterocolitis of newborn (P77)
#Necrotizing enterocolitis of newborn (P77),2017,3855500,337,0,0.09,0,1,Necrotizing enterocolitis of newborn (P77)
#Necrotizing enterocolitis of newborn (P77),2018,3791712,298,0,0.08,0,1,Necrotizing enterocolitis of newborn (P77)
#Necrotizing enterocolitis of newborn (P77),2019,3747540,356,0,0.09,0,1,Necrotizing enterocolitis of newborn (P77)
#Necrotizing enterocolitis of newborn (P77),2020,3613647,301,0,0.08,0,1,Necrotizing enterocolitis of newborn (P77)
#Necrotizing enterocolitis of newborn (P77),2021,3664292,316,0,0.09,0,1,Necrotizing enterocolitis of newborn (P77)
#Necrotizing enterocolitis of newborn (P77),2022,3667758,356,0,0.1,0,1,Necrotizing enterocolitis of newborn (P77)
#Necrotizing enterocolitis of newborn (P77),2023,3596017,339,0,0.09,0,1,Necrotizing enterocolitis of newborn (P77)
#Hydrops fetalis not due to hemolytic disease (P83.2),2007,4316233,183,0,0.04,0,1,Hydrops fetalis not due to hemolytic disease (P83.2)
#Hydrops fetalis not due to hemolytic disease (P83.2),2008,4247726,172,0,0.04,0,1,Hydrops fetalis not due to hemolytic disease (P83.2)
#Hydrops fetalis not due to hemolytic disease (P83.2),2009,4130665,194,0,0.05,0,1,Hydrops fetalis not due to hemolytic disease (P83.2)
#Hydrops fetalis not due to hemolytic disease (P83.2),2010,3999386,152,0,0.04,0,1,Hydrops fetalis not due to hemolytic disease (P83.2)
#Hydrops fetalis not due to hemolytic disease (P83.2),2011,3953590,174,0,0.04,0,1,Hydrops fetalis not due to hemolytic disease (P83.2)
#Hydrops fetalis not due to hemolytic disease (P83.2),2012,3952841,186,0,0.05,0,1,Hydrops fetalis not due to hemolytic disease (P83.2)
#Hydrops fetalis not due to hemolytic disease (P83.2),2013,3932181,186,0,0.05,0,1,Hydrops fetalis not due to hemolytic disease (P83.2)
#Hydrops fetalis not due to hemolytic disease (P83.2),2014,3988076,180,0,0.05,0,1,Hydrops fetalis not due to hemolytic disease (P83.2)
#Hydrops fetalis not due to hemolytic disease (P83.2),2015,3978497,178,0,0.04,0,1,Hydrops fetalis not due to hemolytic disease (P83.2)
#Hydrops fetalis not due to hemolytic disease (P83.2),2016,3945875,181,0,0.05,0,1,Hydrops fetalis not due to hemolytic disease (P83.2)
#Hydrops fetalis not due to hemolytic disease (P83.2),2017,3855500,165,0,0.04,0,1,Hydrops fetalis not due to hemolytic disease (P83.2)
#Hydrops fetalis not due to hemolytic disease (P83.2),2018,3791712,190,0,0.05,0,1,Hydrops fetalis not due to hemolytic disease (P83.2)
#Hydrops fetalis not due to hemolytic disease (P83.2),2019,3747540,175,0,0.05,0,1,Hydrops fetalis not due to hemolytic disease (P83.2)
#Hydrops fetalis not due to hemolytic disease (P83.2),2020,3613647,173,0,0.05,0,1,Hydrops fetalis not due to hemolytic disease (P83.2)
#Hydrops fetalis not due to hemolytic disease (P83.2),2021,3664292,177,0,0.05,0,1,Hydrops fetalis not due to hemolytic disease (P83.2)
#Hydrops fetalis not due to hemolytic disease (P83.2),2022,3667758,175,0,0.05,0,1,Hydrops fetalis not due to hemolytic disease (P83.2)
#Hydrops fetalis not due to hemolytic disease (P83.2),2023,3596017,188,0,0.05,0,1,Hydrops fetalis not due to hemolytic disease (P83.2)
"#Congenital malformations, deformations and chromosomal abnormalities (Q00-Q99)",2007,4316233,5823,0,1.35,0,1,"Congenital malformations, deformations and chromosomal abnormalities (Q00-Q99)"
"#Congenital malformations, deformations and chromosomal abnormalities (Q00-Q99)",2008,4247726,5681,0,1.34,0,1,"Congenital malformations, deformations and chromosomal abnormalities (Q00-Q99)"
"#Congenital malformations, deformations and chromosomal abnormalities (Q00-Q99)",2009,4130665,5358,0,1.3,0,1,"Congenital malformations, deformations and chromosomal abnormalities (Q00-Q99)"
"#Congenital malformations, deformations and chromosomal abnormalities (Q00-Q99)",2010,3999386,5115,0,1.28,0,1,"Congenital malformations, deformations and chromosomal abnormalities (Q00-Q99)"
"#Congenital malformations, deformations and chromosomal abnormalities (Q00-Q99)",2011,3953590,5016,0,1.27,0,1,"Congenital malformations, deformations and chromosomal abnormalities (Q00-Q99)"
"#Congenital malformations, deformations and chromosomal abnormalities (Q00-Q99)",2012,3952841,4967,0,1.26,0,1,"Congenital malformations, deformations and chromosomal abnormalities (Q00-Q99)"
"#Congenital malformations, deformations and chromosomal abnormalities (Q00-Q99)",2013,3932181,4778,0,1.22,0,1,"Congenital malformations, deformations and chromosomal abnormalities (Q00-Q99)"
"#Congenital malformations, deformations and chromosomal abnormalities (Q00-Q99)",2014,3988076,4754,0,1.19,0,1,"Congenital malformations, deformations and chromosomal abnormalities (Q00-Q99)"
"#Congenital malformations, deformations and chromosomal abnormalities (Q00-Q99)",2015,3978497,4847,0,1.22,0,1,"Congenital malformations, deformations and chromosomal abnormalities (Q00-Q99)"
"#Congenital malformations, deformations and chromosomal abnormalities (Q00-Q99)",2016,3945875,4823,0,1.22,0,1,"Congenital malformations, deformations and chromosomal abnormalities (Q00-Q99)"
"#Congenital malformations, deformations and chromosomal abnormalities (Q00-Q99)",2017,3855500,4596,0,1.19,0,1,"Congenital malformations, deformations and chromosomal abnormalities (Q00-Q99)"
"#Congenital malformations, deformations and chromosomal abnormalities (Q00-Q99)",2018,3791712,4501,0,1.19,0,1,"Congenital malformations, deformations and chromosomal abnormalities (Q00-Q99)"
"#Congenital malformations, deformations and chromosomal abnormalities (Q00-Q99)",2019,3747540,4313,0,1.15,0,1,"Congenital malformations, deformations and chromosomal abnormalities (Q00-Q99)"
"#Congenital malformations, deformations and chromosomal abnormalities (Q00-Q99)",2020,3613647,4047,0,1.12,0,1,"Congenital malformations, deformations and chromosomal abnormalities (Q00-Q99)"
"#Congenital malformations, deformations and chromosomal abnormalities (Q00-Q99)",2021,3664292,3990,0,1.09,0,1,"Congenital malformations, deformations and chromosomal abnormalities (Q00-Q99)"
"#Congenital malformations, deformations and chromosomal abnormalities (Q00-Q99)",2022,3667758,4004,0,1.09,0,1,"Congenital malformations, deformations and chromosomal abnormalities (Q00-Q99)"
"#Congenital malformations, deformations and chromosomal abnormalities (Q00-Q99)",2023,3596017,4030,0,1.12,0,1,"Congenital malformations, deformations and chromosomal abnormalities (Q00-Q99)"
#Sudden infant death syndrome (R95),2007,4316233,2461,0,0.57,0,1,Sudden infant death syndrome (R95)
#Sudden infant death syndrome (R95),2008,4247726,2350,0,0.55,0,1,Sudden infant death syndrome (R95)
#Sudden infant death syndrome (R95),2009,4130665,2231,0,0.54,0,1,Sudden infant death syndrome (R95)
#Sudden infant death syndrome (R95),2010,3999386,2058,0,0.51,0,1,Sudden infant death syndrome (R95)
#Sudden infant death syndrome (R95),2011,3953590,1905,0,0.48,0,1,Sudden infant death syndrome (R95)
#Sudden infant death syndrome (R95),2012,3952841,1676,0,0.42,0,1,Sudden infant death syndrome (R95)
#Sudden infant death syndrome (R95),2013,3932181,1561,0,0.4,0,1,Sudden infant death syndrome (R95)
#Sudden infant death syndrome (R95),2014,3988076,1541,0,0.39,0,1,Sudden infant death syndrome (R95)
#Sudden infant death syndrome (R95),2015,3978497,1567,0,0.39,0,1,Sudden infant death syndrome (R95)
#Sudden infant death syndrome (R95),2016,3945875,1498,0,0.38,0,1,Sudden infant death syndrome (R95)
#Sudden infant death syndrome (R95),2017,3855500,1360,0,0.35,0,1,Sudden infant death syndrome (R95)
#Sudden infant death syndrome (R95),2018,3791712,1331,0,0.35,0,1,Sudden infant death syndrome (R95)
#Sudden infant death syndrome (R95),2019,3747540,1251,0,0.33,0,1,Sudden infant death syndrome (R95)
#Sudden infant death syndrome (R95),2020,3613647,1386,0,0.38,0,1,Sudden infant death syndrome (R95)
#Sudden infant death syndrome (R95),2021,3664292,1458,0,0.4,0,1,Sudden infant death syndrome (R95)
#Sudden infant death syndrome (R95),2022,3667758,1531,0,0.42,0,1,Sudden infant death syndrome (R95)
#Sudden infant death syndrome (R95),2023,3596017,1446,0,0.4,0,1,Sudden infant death syndrome (R95)
#Accidents (unintentional injuries) (V01-X59),2007,4316233,1282,0,0.3,0,1,Accidents (unintentional injuries) (V01-X59)
#Accidents (unintentional injuries) (V01-X59),2008,4247726,1314,0,0.31,0,1,Accidents (unintentional injuries) (V01-X59)
#Accidents (unintentional injuries) (V01-X59),2009,4130665,1172,0,0.28,0,1,Accidents (unintentional injuries) (V01-X59)
#Accidents (unintentional injuries) (V01-X59),2010,3999386,1107,0,0.28,0,1,Accidents (unintentional injuries) (V01-X59)
#Accidents (unintentional injuries) (V01-X59),2011,3953590,1167,0,0.3,0,1,Accidents (unintentional injuries) (V01-X59)
#Accidents (unintentional injuries) (V01-X59),2012,3952841,1163,0,0.29,0,1,Accidents (unintentional injuries) (V01-X59)
#Accidents (unintentional injuries) (V01-X59),2013,3932181,1150,0,0.29,0,1,Accidents (unintentional injuries) (V01-X59)
#Accidents (unintentional injuries) (V01-X59),2014,3988076,1163,0,0.29,0,1,Accidents (unintentional injuries) (V01-X59)
#Accidents (unintentional injuries) (V01-X59),2015,3978497,1289,0,0.32,0,1,Accidents (unintentional injuries) (V01-X59)
#Accidents (unintentional injuries) (V01-X59),2016,3945875,1217,0,0.31,0,1,Accidents (unintentional injuries) (V01-X59)
#Accidents (unintentional injuries) (V01-X59),2017,3855500,1313,0,0.34,0,1,Accidents (unintentional injuries) (V01-X59)
#Accidents (unintentional injuries) (V01-X59),2018,3791712,1169,0,0.31,0,1,Accidents (unintentional injuries) (V01-X59)
#Accidents (unintentional injuries) (V01-X59),2019,3747540,1264,0,0.34,0,1,Accidents (unintentional injuries) (V01-X59)
#Accidents (unintentional injuries) (V01-X59),2020,3613647,1192,0,0.33,0,1,Accidents (unintentional injuries) (V01-X59)
#Accidents (unintentional injuries) (V01-X59),2021,3664292,1300,0,0.35,0,1,Accidents (unintentional injuries) (V01-X59)
#Accidents (unintentional injuries) (V01-X59),2022,3667758,1351,0,0.37,0,1,Accidents (unintentional injuries) (V01-X59)
#Accidents (unintentional injuries) (V01-X59),2023,3596017,1288,0,0.36,0,1,Accidents (unintentional injuries) (V01-X59)
"#Assault (homicide) (*U01,X85-Y09)",2007,4316233,335,0,0.08,0,1,"Assault (homicide) (*U01,X85-Y09)"
"#Assault (homicide) (*U01,X85-Y09)",2008,4247726,333,0,0.08,0,1,"Assault (homicide) (*U01,X85-Y09)"
"#Assault (homicide) (*U01,X85-Y09)",2009,4130665,311,0,0.08,0,1,"Assault (homicide) (*U01,X85-Y09)"
"#Assault (homicide) (*U01,X85-Y09)",2010,3999386,304,0,0.08,0,1,"Assault (homicide) (*U01,X85-Y09)"
"#Assault (homicide) (*U01,X85-Y09)",2011,3953590,285,0,0.07,0,1,"Assault (homicide) (*U01,X85-Y09)"
"#Assault (homicide) (*U01,X85-Y09)",2012,3952841,286,0,0.07,0,1,"Assault (homicide) (*U01,X85-Y09)"
"#Assault (homicide) (*U01,X85-Y09)",2013,3932181,274,0,0.07,0,1,"Assault (homicide) (*U01,X85-Y09)"
"#Assault (homicide) (*U01,X85-Y09)",2014,3988076,244,0,0.06,0,1,"Assault (homicide) (*U01,X85-Y09)"
"#Assault (homicide) (*U01,X85-Y09)",2015,3978497,261,0,0.07,0,1,"Assault (homicide) (*U01,X85-Y09)"
"#Assault (homicide) (*U01,X85-Y09)",2016,3945875,271,0,0.07,0,1,"Assault (homicide) (*U01,X85-Y09)"
"#Assault (homicide) (*U01,X85-Y09)",2017,3855500,301,0,0.08,0,1,"Assault (homicide) (*U01,X85-Y09)"
"#Assault (homicide) (*U01,X85-Y09)",2018,3791712,264,0,0.07,0,1,"Assault (homicide) (*U01,X85-Y09)"
"#Assault (homicide) (*U01,X85-Y09)",2019,3747540,261,0,0.07,0,1,"Assault (homicide) (*U01,X85-Y09)"
"#Assault (homicide) (*U01,X85-Y09)",2020,3613647,241,0,0.07,0,1,"Assault (homicide) (*U01,X85-Y09)"
"#Assault (homicide) (*U01,X85-Y09)",2021,3664292,260,0,0.07,0,1,"Assault (homicide) (*U01,X85-Y09)"
"#Assault (homicide) (*U01,X85-Y09)",2022,3667758,246,0,0.07,0,1,"Assault (homicide) (*U01,X85-Y09)"
"#Assault (homicide) (*U01,X85-Y09)",2023,3596017,245,0,0.07,0,1,"Assault (homicide) (*U01,X85-Y09)"
#Complications of medical and surgical care (Y40-Y84),2007,4316233,20,0,0,0,1,Complications of medical and surgical care (Y40-Y84)
#Complications of medical and surgical care (Y40-Y84),2008,4247726,23,0,0.01,0,1,Complications of medical and surgical care (Y40-Y84)
#Complications of medical and surgical care (Y40-Y84),2009,4130665,17,0,0,1,1,Complications of medical and surgical care (Y40-Y84)
#Complications of medical and surgical care (Y40-Y84),2010,3999386,22,0,0.01,0,1,Complications of medical and surgical care (Y40-Y84)
#Complications of medical and surgical care (Y40-Y84),2011,3953590,19,0,0,1,1,Complications of medical and surgical care (Y40-Y84)
#Complications of medical and surgical care (Y40-Y84),2012,3952841,11,0,0,1,1,Complications of medical and surgical care (Y40-Y84)
#Complications of medical and surgical care (Y40-Y84),2013,3932181,11,0,0,1,1,Complications of medical and surgical care (Y40-Y84)
#Complications of medical and surgical care (Y40-Y84),2014,3988076,12,0,0,1,1,Complications of medical and surgical care (Y40-Y84)
#Complications of medical and surgical care (Y40-Y84),2015,3978497,12,0,0,1,1,Complications of medical and surgical care (Y40-Y84)
#Complications of medical and surgical care (Y40-Y84),2016,3945875,18,0,0,1,1,Complications of medical and surgical care (Y40-Y84)
#Complications of medical and surgical care (Y40-Y84),2017,3855500,14,0,0,1,1,Complications of medical and surgical care (Y40-Y84)
#Complications of medical and surgical care (Y40-Y84),2018,3791712,18,0,0,1,1,Complications of medical and surgical care (Y40-Y84)
#Complications of medical and surgical care (Y40-Y84),2019,3747540,29,0,0.01,0,1,Complications of medical and surgical care (Y40-Y84)
#Complications of medical and surgical care (Y40-Y84),2020,3613647,11,0,0,1,1,Complications of medical and surgical care (Y40-Y84)
#Complications of medical and surgical care (Y40-Y84),2021,3664292,12,0,0,1,1,Complications of medical and surgical care (Y40-Y84)
#Complications of medical and surgical care (Y40-Y84),2022,3667758,20,0,0.01,0,1,Complications of medical and surgical care (Y40-Y84)
#Complications of medical and surgical care (Y40-Y84),2023,3596017,,1,,0,1,Complications of medical and surgical care (Y40-Y84)
